[INFO] Scanning for projects...
[WARNING] 
[WARNING] Some problems were encountered while building the effective model for com.zosh:pos-system:jar:0.0.1-SNAPSHOT
[WARNING] 'dependencies.dependency.scope' for org.projectlombok:lombok:jar must be one of [provided, compile, runtime, test, system] but is 'annotationProcessor'. @ line 70, column 11
[WARNING] 
[WARNING] It is highly recommended to fix these problems because they threaten the stability of your build.
[WARNING] 
[WARNING] For this reason, future Maven versions might no longer support building such malformed projects.
[WARNING] 
[INFO] 
[INFO] ------------------------< com.zosh:pos-system >-------------------------
[INFO] Building pos-system 0.0.1-SNAPSHOT
[INFO]   from pom.xml
[INFO] --------------------------------[ jar ]---------------------------------
[INFO] 
[INFO] >>> spring-boot:3.5.3:run (default-cli) > test-compile @ pos-system >>>
[INFO] 
[INFO] --- resources:3.3.1:resources (default-resources) @ pos-system ---
[INFO] Copying 1 resource from src/main/resources to target/classes
[INFO] Copying 1 resource from src/main/resources to target/classes
[INFO] 
[INFO] --- compiler:3.14.0:compile (default-compile) @ pos-system ---
[INFO] Nothing to compile - all classes are up to date.
[INFO] 
[INFO] --- resources:3.3.1:testResources (default-testResources) @ pos-system ---
[INFO] skip non existing resourceDirectory /Users/Study/DOAN/z pos-source-code_1/pos-backend/src/test/resources
[INFO] 
[INFO] --- compiler:3.14.0:testCompile (default-testCompile) @ pos-system ---
[INFO] Nothing to compile - all classes are up to date.
[INFO] 
[INFO] <<< spring-boot:3.5.3:run (default-cli) < test-compile @ pos-system <<<
[INFO] 
[INFO] 
[INFO] --- spring-boot:3.5.3:run (default-cli) @ pos-system ---
[INFO] Attaching agents: []

  .   ____          _            __ _ _
 /\\ / ___'_ __ _ _(_)_ __  __ _ \ \ \ \
( ( )\___ | '_ | '_| | '_ \/ _` | \ \ \ \
 \\/  ___)| |_)| | | | | || (_| |  ) ) ) )
  '  |____| .__|_| |_|_| |_\__, | / / / /
 =========|_|==============|___/=/_/_/_/

 :: Spring Boot ::                (v3.5.3)

2026-05-10T11:27:17.122+07:00  INFO 99967 --- [pos-system] [  restartedMain] com.zosh.PosSystemApplication            : Starting PosSystemApplication using Java 21.0.2 with PID 99967 (/Users/Study/DOAN/z pos-source-code_1/pos-backend/target/classes started by mac in /Users/Study/DOAN/z pos-source-code_1/pos-backend)
2026-05-10T11:27:17.123+07:00  INFO 99967 --- [pos-system] [  restartedMain] com.zosh.PosSystemApplication            : The following 1 profile is active: "dev"
2026-05-10T11:27:17.143+07:00  INFO 99967 --- [pos-system] [  restartedMain] .e.DevToolsPropertyDefaultsPostProcessor : Devtools property defaults active! Set 'spring.devtools.add-properties' to 'false' to disable
2026-05-10T11:27:17.143+07:00  INFO 99967 --- [pos-system] [  restartedMain] .e.DevToolsPropertyDefaultsPostProcessor : For additional web related logging consider setting the 'logging.level.web' property to 'DEBUG'
2026-05-10T11:27:17.640+07:00  INFO 99967 --- [pos-system] [  restartedMain] .s.d.r.c.RepositoryConfigurationDelegate : Bootstrapping Spring Data JPA repositories in DEFAULT mode.
2026-05-10T11:27:17.698+07:00  INFO 99967 --- [pos-system] [  restartedMain] .s.d.r.c.RepositoryConfigurationDelegate : Finished Spring Data repository scanning in 52 ms. Found 16 JPA repository interfaces.
2026-05-10T11:27:18.034+07:00  INFO 99967 --- [pos-system] [  restartedMain] o.s.b.w.embedded.tomcat.TomcatWebServer  : Tomcat initialized with port 8080 (http)
2026-05-10T11:27:18.048+07:00  INFO 99967 --- [pos-system] [  restartedMain] o.apache.catalina.core.StandardService   : Starting service [Tomcat]
2026-05-10T11:27:18.048+07:00  INFO 99967 --- [pos-system] [  restartedMain] o.apache.catalina.core.StandardEngine    : Starting Servlet engine: [Apache Tomcat/10.1.42]
2026-05-10T11:27:18.068+07:00  INFO 99967 --- [pos-system] [  restartedMain] o.a.c.c.C.[Tomcat].[localhost].[/]       : Initializing Spring embedded WebApplicationContext
2026-05-10T11:27:18.069+07:00  INFO 99967 --- [pos-system] [  restartedMain] w.s.c.ServletWebServerApplicationContext : Root WebApplicationContext: initialization completed in 925 ms
2026-05-10T11:27:18.169+07:00  INFO 99967 --- [pos-system] [  restartedMain] o.hibernate.jpa.internal.util.LogHelper  : HHH000204: Processing PersistenceUnitInfo [name: default]
2026-05-10T11:27:18.216+07:00  INFO 99967 --- [pos-system] [  restartedMain] org.hibernate.Version                    : HHH000412: Hibernate ORM core version 6.6.18.Final
2026-05-10T11:27:18.239+07:00  INFO 99967 --- [pos-system] [  restartedMain] o.h.c.internal.RegionFactoryInitiator    : HHH000026: Second-level cache disabled
2026-05-10T11:27:18.412+07:00  INFO 99967 --- [pos-system] [  restartedMain] o.s.o.j.p.SpringPersistenceUnitInfo      : No LoadTimeWeaver setup: ignoring JPA class transformer
2026-05-10T11:27:18.428+07:00  INFO 99967 --- [pos-system] [  restartedMain] com.zaxxer.hikari.HikariDataSource       : HikariPool-1 - Starting...
2026-05-10T11:27:18.568+07:00  INFO 99967 --- [pos-system] [  restartedMain] com.zaxxer.hikari.pool.HikariPool        : HikariPool-1 - Added connection com.mysql.cj.jdbc.ConnectionImpl@4fe22d24
2026-05-10T11:27:18.569+07:00  INFO 99967 --- [pos-system] [  restartedMain] com.zaxxer.hikari.HikariDataSource       : HikariPool-1 - Start completed.
2026-05-10T11:27:18.597+07:00  WARN 99967 --- [pos-system] [  restartedMain] org.hibernate.dialect.Dialect            : HHH000511: The 5.5.5 version for [org.hibernate.dialect.MySQLDialect] is no longer supported, hence certain features may not work properly. The minimum supported version is 8.0.0. Check the community dialects project for available legacy versions.
2026-05-10T11:27:18.607+07:00  INFO 99967 --- [pos-system] [  restartedMain] org.hibernate.orm.connections.pooling    : HHH10001005: Database info:
	Database JDBC URL [Connecting through datasource 'HikariDataSource (HikariPool-1)']
	Database driver: undefined/unknown
	Database version: 5.5.5
	Autocommit mode: undefined/unknown
	Isolation level: undefined/unknown
	Minimum pool size: undefined/unknown
	Maximum pool size: undefined/unknown
2026-05-10T11:27:18.611+07:00 DEBUG 99967 --- [pos-system] [  restartedMain] o.h.t.d.sql.spi.DdlTypeRegistry          : addDescriptor(12, org.hibernate.type.descriptor.sql.internal.CapacityDependentDdlType@3065adc) replaced previous registration(org.hibernate.type.descriptor.sql.internal.CapacityDependentDdlType@302ca07a)
2026-05-10T11:27:18.611+07:00 DEBUG 99967 --- [pos-system] [  restartedMain] o.h.t.d.sql.spi.DdlTypeRegistry          : addDescriptor(-9, org.hibernate.type.descriptor.sql.internal.CapacityDependentDdlType@6d1e92bd) replaced previous registration(org.hibernate.type.descriptor.sql.internal.CapacityDependentDdlType@4d58c70a)
2026-05-10T11:27:18.611+07:00 DEBUG 99967 --- [pos-system] [  restartedMain] o.h.t.d.sql.spi.DdlTypeRegistry          : addDescriptor(-3, org.hibernate.type.descriptor.sql.internal.CapacityDependentDdlType@7c39a4c7) replaced previous registration(org.hibernate.type.descriptor.sql.internal.CapacityDependentDdlType@29c3e44a)
2026-05-10T11:27:18.611+07:00 DEBUG 99967 --- [pos-system] [  restartedMain] o.h.t.d.sql.spi.DdlTypeRegistry          : addDescriptor(4003, org.hibernate.type.descriptor.sql.internal.DdlTypeImpl@30d110b5) replaced previous registration(org.hibernate.type.descriptor.sql.internal.DdlTypeImpl@3b3af132)
2026-05-10T11:27:18.611+07:00 DEBUG 99967 --- [pos-system] [  restartedMain] o.h.t.d.sql.spi.DdlTypeRegistry          : addDescriptor(4001, org.hibernate.type.descriptor.sql.internal.DdlTypeImpl@a14750e) replaced previous registration(org.hibernate.type.descriptor.sql.internal.DdlTypeImpl@3cc321b2)
2026-05-10T11:27:18.612+07:00 DEBUG 99967 --- [pos-system] [  restartedMain] o.h.t.d.sql.spi.DdlTypeRegistry          : addDescriptor(4002, org.hibernate.type.descriptor.sql.internal.DdlTypeImpl@4afca27) replaced previous registration(org.hibernate.type.descriptor.sql.internal.DdlTypeImpl@68f018e1)
2026-05-10T11:27:18.612+07:00 DEBUG 99967 --- [pos-system] [  restartedMain] o.h.t.d.sql.spi.DdlTypeRegistry          : addDescriptor(2004, org.hibernate.type.descriptor.sql.internal.CapacityDependentDdlType@41e5bcf4) replaced previous registration(org.hibernate.type.descriptor.sql.internal.DdlTypeImpl@640ecbcb)
2026-05-10T11:27:18.612+07:00 DEBUG 99967 --- [pos-system] [  restartedMain] o.h.t.d.sql.spi.DdlTypeRegistry          : addDescriptor(2005, org.hibernate.type.descriptor.sql.internal.CapacityDependentDdlType@1e8acb9f) replaced previous registration(org.hibernate.type.descriptor.sql.internal.DdlTypeImpl@76d5efbf)
2026-05-10T11:27:18.612+07:00 DEBUG 99967 --- [pos-system] [  restartedMain] o.h.t.d.sql.spi.DdlTypeRegistry          : addDescriptor(2011, org.hibernate.type.descriptor.sql.internal.CapacityDependentDdlType@1abbff8d) replaced previous registration(org.hibernate.type.descriptor.sql.internal.DdlTypeImpl@8f93f82)
2026-05-10T11:27:19.408+07:00  INFO 99967 --- [pos-system] [  restartedMain] o.h.e.t.j.p.i.JtaPlatformInitiator       : HHH000489: No JTA platform available (set 'hibernate.transaction.jta.platform' to enable JTA platform integration)
2026-05-10T11:27:19.560+07:00  INFO 99967 --- [pos-system] [  restartedMain] j.LocalContainerEntityManagerFactoryBean : Initialized JPA EntityManagerFactory for persistence unit 'default'
2026-05-10T11:27:19.761+07:00  INFO 99967 --- [pos-system] [  restartedMain] o.s.d.j.r.query.QueryEnhancerFactory     : Hibernate is in classpath; If applicable, HQL parser will be used.
2026-05-10T11:27:21.933+07:00  WARN 99967 --- [pos-system] [  restartedMain] JpaBaseConfiguration$JpaWebConfiguration : spring.jpa.open-in-view is enabled by default. Therefore, database queries may be performed during view rendering. Explicitly configure spring.jpa.open-in-view to disable this warning
2026-05-10T11:27:21.965+07:00  INFO 99967 --- [pos-system] [  restartedMain] r$InitializeUserDetailsManagerConfigurer : Global AuthenticationManager configured with UserDetailsService bean with name customUserImplementation
2026-05-10T11:27:22.365+07:00  INFO 99967 --- [pos-system] [  restartedMain] o.s.b.d.a.OptionalLiveReloadServer       : LiveReload server is running on port 35729
2026-05-10T11:27:22.395+07:00  INFO 99967 --- [pos-system] [  restartedMain] o.s.b.w.embedded.tomcat.TomcatWebServer  : Tomcat started on port 8080 (http) with context path '/'
2026-05-10T11:27:22.401+07:00  INFO 99967 --- [pos-system] [  restartedMain] com.zosh.PosSystemApplication            : Started PosSystemApplication in 5.511 seconds (process running for 5.729)
2026-05-10T11:27:22.479+07:00 DEBUG 99967 --- [pos-system] [  restartedMain] org.hibernate.SQL                        : select u1_0.id,u1_0.branch_id,u1_0.created_at,u1_0.email,u1_0.full_name,u1_0.last_login,u1_0.password,u1_0.phone,u1_0.role,u1_0.store_id,u1_0.updated_at,u1_0.verified from users u1_0 where u1_0.email=?
Hibernate: select u1_0.id,u1_0.branch_id,u1_0.created_at,u1_0.email,u1_0.full_name,u1_0.last_login,u1_0.password,u1_0.phone,u1_0.role,u1_0.store_id,u1_0.updated_at,u1_0.verified from users u1_0 where u1_0.email=?
2026-05-10T11:27:24.858+07:00  INFO 99967 --- [pos-system] [nio-8080-exec-1] o.a.c.c.C.[Tomcat].[localhost].[/]       : Initializing Spring DispatcherServlet 'dispatcherServlet'
2026-05-10T11:27:24.859+07:00  INFO 99967 --- [pos-system] [nio-8080-exec-1] o.s.web.servlet.DispatcherServlet        : Initializing Servlet 'dispatcherServlet'
2026-05-10T11:27:24.860+07:00  INFO 99967 --- [pos-system] [nio-8080-exec-1] o.s.web.servlet.DispatcherServlet        : Completed initialization in 1 ms
2026-05-10T11:27:25.008+07:00 DEBUG 99967 --- [pos-system] [nio-8080-exec-1] org.hibernate.SQL                        : select u1_0.id,u1_0.branch_id,u1_0.created_at,u1_0.email,u1_0.full_name,u1_0.last_login,u1_0.password,u1_0.phone,u1_0.role,u1_0.store_id,u1_0.updated_at,u1_0.verified from users u1_0 where u1_0.email=?
Hibernate: select u1_0.id,u1_0.branch_id,u1_0.created_at,u1_0.email,u1_0.full_name,u1_0.last_login,u1_0.password,u1_0.phone,u1_0.role,u1_0.store_id,u1_0.updated_at,u1_0.verified from users u1_0 where u1_0.email=?
2026-05-10T11:27:25.019+07:00 DEBUG 99967 --- [pos-system] [nio-8080-exec-1] org.hibernate.SQL                        : select b1_0.id,b1_0.address,b1_0.close_time,b1_0.created_at,b1_0.email,m1_0.id,b2_0.id,b2_0.address,b2_0.close_time,b2_0.created_at,b2_0.email,b2_0.manager_id,b2_0.name,b2_0.open_time,b2_0.phone,b2_0.store_id,b2_0.updated_at,m1_0.created_at,m1_0.email,m1_0.full_name,m1_0.last_login,m1_0.password,m1_0.phone,m1_0.role,s2_0.id,s2_0.brand,s2_0.address,s2_0.email,s2_0.phone,s2_0.created_at,s2_0.description,s2_0.status,s2_0.store_admin_id,s2_0.store_type,s2_0.updated_at,m1_0.updated_at,m1_0.verified,b1_0.name,b1_0.open_time,b1_0.phone,s3_0.id,s3_0.brand,s3_0.address,s3_0.email,s3_0.phone,s3_0.created_at,s3_0.description,s3_0.status,sa2_0.id,sa2_0.branch_id,sa2_0.created_at,sa2_0.email,sa2_0.full_name,sa2_0.last_login,sa2_0.password,sa2_0.phone,sa2_0.role,sa2_0.store_id,sa2_0.updated_at,sa2_0.verified,s3_0.store_type,s3_0.updated_at,b1_0.updated_at from branches b1_0 left join users m1_0 on m1_0.id=b1_0.manager_id left join branches b2_0 on b2_0.id=m1_0.branch_id left join stores s2_0 on s2_0.id=m1_0.store_id left join stores s3_0 on s3_0.id=b1_0.store_id left join users sa2_0 on sa2_0.id=s3_0.store_admin_id where b1_0.id=?
Hibernate: select b1_0.id,b1_0.address,b1_0.close_time,b1_0.created_at,b1_0.email,m1_0.id,b2_0.id,b2_0.address,b2_0.close_time,b2_0.created_at,b2_0.email,b2_0.manager_id,b2_0.name,b2_0.open_time,b2_0.phone,b2_0.store_id,b2_0.updated_at,m1_0.created_at,m1_0.email,m1_0.full_name,m1_0.last_login,m1_0.password,m1_0.phone,m1_0.role,s2_0.id,s2_0.brand,s2_0.address,s2_0.email,s2_0.phone,s2_0.created_at,s2_0.description,s2_0.status,s2_0.store_admin_id,s2_0.store_type,s2_0.updated_at,m1_0.updated_at,m1_0.verified,b1_0.name,b1_0.open_time,b1_0.phone,s3_0.id,s3_0.brand,s3_0.address,s3_0.email,s3_0.phone,s3_0.created_at,s3_0.description,s3_0.status,sa2_0.id,sa2_0.branch_id,sa2_0.created_at,sa2_0.email,sa2_0.full_name,sa2_0.last_login,sa2_0.password,sa2_0.phone,sa2_0.role,sa2_0.store_id,sa2_0.updated_at,sa2_0.verified,s3_0.store_type,s3_0.updated_at,b1_0.updated_at from branches b1_0 left join users m1_0 on m1_0.id=b1_0.manager_id left join branches b2_0 on b2_0.id=m1_0.branch_id left join stores s2_0 on s2_0.id=m1_0.store_id left join stores s3_0 on s3_0.id=b1_0.store_id left join users sa2_0 on sa2_0.id=s3_0.store_admin_id where b1_0.id=?
2026-05-10T11:27:25.083+07:00 DEBUG 99967 --- [pos-system] [nio-8080-exec-1] org.hibernate.SQL                        : select wd1_0.branch_id,wd1_0.working_days from branch_working_days wd1_0 where wd1_0.branch_id=?
Hibernate: select wd1_0.branch_id,wd1_0.working_days from branch_working_days wd1_0 where wd1_0.branch_id=?
2026-05-10T11:27:25.098+07:00 DEBUG 99967 --- [pos-system] [nio-8080-exec-2] org.hibernate.SQL                        : select u1_0.id,u1_0.branch_id,u1_0.created_at,u1_0.email,u1_0.full_name,u1_0.last_login,u1_0.password,u1_0.phone,u1_0.role,u1_0.store_id,u1_0.updated_at,u1_0.verified from users u1_0 where u1_0.email=?
Hibernate: select u1_0.id,u1_0.branch_id,u1_0.created_at,u1_0.email,u1_0.full_name,u1_0.last_login,u1_0.password,u1_0.phone,u1_0.role,u1_0.store_id,u1_0.updated_at,u1_0.verified from users u1_0 where u1_0.email=?
2026-05-10T11:27:25.099+07:00 DEBUG 99967 --- [pos-system] [nio-8080-exec-2] org.hibernate.SQL                        : select b1_0.id,b1_0.address,b1_0.close_time,b1_0.created_at,b1_0.email,m1_0.id,b2_0.id,b2_0.address,b2_0.close_time,b2_0.created_at,b2_0.email,b2_0.manager_id,b2_0.name,b2_0.open_time,b2_0.phone,b2_0.store_id,b2_0.updated_at,m1_0.created_at,m1_0.email,m1_0.full_name,m1_0.last_login,m1_0.password,m1_0.phone,m1_0.role,s2_0.id,s2_0.brand,s2_0.address,s2_0.email,s2_0.phone,s2_0.created_at,s2_0.description,s2_0.status,s2_0.store_admin_id,s2_0.store_type,s2_0.updated_at,m1_0.updated_at,m1_0.verified,b1_0.name,b1_0.open_time,b1_0.phone,s3_0.id,s3_0.brand,s3_0.address,s3_0.email,s3_0.phone,s3_0.created_at,s3_0.description,s3_0.status,sa2_0.id,sa2_0.branch_id,sa2_0.created_at,sa2_0.email,sa2_0.full_name,sa2_0.last_login,sa2_0.password,sa2_0.phone,sa2_0.role,sa2_0.store_id,sa2_0.updated_at,sa2_0.verified,s3_0.store_type,s3_0.updated_at,b1_0.updated_at from branches b1_0 left join users m1_0 on m1_0.id=b1_0.manager_id left join branches b2_0 on b2_0.id=m1_0.branch_id left join stores s2_0 on s2_0.id=m1_0.store_id left join stores s3_0 on s3_0.id=b1_0.store_id left join users sa2_0 on sa2_0.id=s3_0.store_admin_id where b1_0.id=?
Hibernate: select b1_0.id,b1_0.address,b1_0.close_time,b1_0.created_at,b1_0.email,m1_0.id,b2_0.id,b2_0.address,b2_0.close_time,b2_0.created_at,b2_0.email,b2_0.manager_id,b2_0.name,b2_0.open_time,b2_0.phone,b2_0.store_id,b2_0.updated_at,m1_0.created_at,m1_0.email,m1_0.full_name,m1_0.last_login,m1_0.password,m1_0.phone,m1_0.role,s2_0.id,s2_0.brand,s2_0.address,s2_0.email,s2_0.phone,s2_0.created_at,s2_0.description,s2_0.status,s2_0.store_admin_id,s2_0.store_type,s2_0.updated_at,m1_0.updated_at,m1_0.verified,b1_0.name,b1_0.open_time,b1_0.phone,s3_0.id,s3_0.brand,s3_0.address,s3_0.email,s3_0.phone,s3_0.created_at,s3_0.description,s3_0.status,sa2_0.id,sa2_0.branch_id,sa2_0.created_at,sa2_0.email,sa2_0.full_name,sa2_0.last_login,sa2_0.password,sa2_0.phone,sa2_0.role,sa2_0.store_id,sa2_0.updated_at,sa2_0.verified,s3_0.store_type,s3_0.updated_at,b1_0.updated_at from branches b1_0 left join users m1_0 on m1_0.id=b1_0.manager_id left join branches b2_0 on b2_0.id=m1_0.branch_id left join stores s2_0 on s2_0.id=m1_0.store_id left join stores s3_0 on s3_0.id=b1_0.store_id left join users sa2_0 on sa2_0.id=s3_0.store_admin_id where b1_0.id=?
2026-05-10T11:27:25.103+07:00 DEBUG 99967 --- [pos-system] [nio-8080-exec-2] org.hibernate.SQL                        : select wd1_0.branch_id,wd1_0.working_days from branch_working_days wd1_0 where wd1_0.branch_id=?
Hibernate: select wd1_0.branch_id,wd1_0.working_days from branch_working_days wd1_0 where wd1_0.branch_id=?
2026-05-10T11:27:26.765+07:00 DEBUG 99967 --- [pos-system] [nio-8080-exec-3] org.hibernate.SQL                        : select u1_0.id,u1_0.branch_id,u1_0.created_at,u1_0.email,u1_0.full_name,u1_0.last_login,u1_0.password,u1_0.phone,u1_0.role,u1_0.store_id,u1_0.updated_at,u1_0.verified from users u1_0 where u1_0.email=?
Hibernate: select u1_0.id,u1_0.branch_id,u1_0.created_at,u1_0.email,u1_0.full_name,u1_0.last_login,u1_0.password,u1_0.phone,u1_0.role,u1_0.store_id,u1_0.updated_at,u1_0.verified from users u1_0 where u1_0.email=?
2026-05-10T11:27:26.767+07:00 DEBUG 99967 --- [pos-system] [nio-8080-exec-3] org.hibernate.SQL                        : select b1_0.id,b1_0.address,b1_0.close_time,b1_0.created_at,b1_0.email,m1_0.id,b2_0.id,b2_0.address,b2_0.close_time,b2_0.created_at,b2_0.email,b2_0.manager_id,b2_0.name,b2_0.open_time,b2_0.phone,b2_0.store_id,b2_0.updated_at,m1_0.created_at,m1_0.email,m1_0.full_name,m1_0.last_login,m1_0.password,m1_0.phone,m1_0.role,s2_0.id,s2_0.brand,s2_0.address,s2_0.email,s2_0.phone,s2_0.created_at,s2_0.description,s2_0.status,s2_0.store_admin_id,s2_0.store_type,s2_0.updated_at,m1_0.updated_at,m1_0.verified,b1_0.name,b1_0.open_time,b1_0.phone,s3_0.id,s3_0.brand,s3_0.address,s3_0.email,s3_0.phone,s3_0.created_at,s3_0.description,s3_0.status,sa2_0.id,sa2_0.branch_id,sa2_0.created_at,sa2_0.email,sa2_0.full_name,sa2_0.last_login,sa2_0.password,sa2_0.phone,sa2_0.role,sa2_0.store_id,sa2_0.updated_at,sa2_0.verified,s3_0.store_type,s3_0.updated_at,b1_0.updated_at from branches b1_0 left join users m1_0 on m1_0.id=b1_0.manager_id left join branches b2_0 on b2_0.id=m1_0.branch_id left join stores s2_0 on s2_0.id=m1_0.store_id left join stores s3_0 on s3_0.id=b1_0.store_id left join users sa2_0 on sa2_0.id=s3_0.store_admin_id where b1_0.id=?
Hibernate: select b1_0.id,b1_0.address,b1_0.close_time,b1_0.created_at,b1_0.email,m1_0.id,b2_0.id,b2_0.address,b2_0.close_time,b2_0.created_at,b2_0.email,b2_0.manager_id,b2_0.name,b2_0.open_time,b2_0.phone,b2_0.store_id,b2_0.updated_at,m1_0.created_at,m1_0.email,m1_0.full_name,m1_0.last_login,m1_0.password,m1_0.phone,m1_0.role,s2_0.id,s2_0.brand,s2_0.address,s2_0.email,s2_0.phone,s2_0.created_at,s2_0.description,s2_0.status,s2_0.store_admin_id,s2_0.store_type,s2_0.updated_at,m1_0.updated_at,m1_0.verified,b1_0.name,b1_0.open_time,b1_0.phone,s3_0.id,s3_0.brand,s3_0.address,s3_0.email,s3_0.phone,s3_0.created_at,s3_0.description,s3_0.status,sa2_0.id,sa2_0.branch_id,sa2_0.created_at,sa2_0.email,sa2_0.full_name,sa2_0.last_login,sa2_0.password,sa2_0.phone,sa2_0.role,sa2_0.store_id,sa2_0.updated_at,sa2_0.verified,s3_0.store_type,s3_0.updated_at,b1_0.updated_at from branches b1_0 left join users m1_0 on m1_0.id=b1_0.manager_id left join branches b2_0 on b2_0.id=m1_0.branch_id left join stores s2_0 on s2_0.id=m1_0.store_id left join stores s3_0 on s3_0.id=b1_0.store_id left join users sa2_0 on sa2_0.id=s3_0.store_admin_id where b1_0.id=?
2026-05-10T11:27:26.771+07:00 DEBUG 99967 --- [pos-system] [nio-8080-exec-3] org.hibernate.SQL                        : select wd1_0.branch_id,wd1_0.working_days from branch_working_days wd1_0 where wd1_0.branch_id=?
Hibernate: select wd1_0.branch_id,wd1_0.working_days from branch_working_days wd1_0 where wd1_0.branch_id=?
2026-05-10T11:27:26.776+07:00 DEBUG 99967 --- [pos-system] [nio-8080-exec-4] org.hibernate.SQL                        : select u1_0.id,u1_0.branch_id,u1_0.created_at,u1_0.email,u1_0.full_name,u1_0.last_login,u1_0.password,u1_0.phone,u1_0.role,u1_0.store_id,u1_0.updated_at,u1_0.verified from users u1_0 where u1_0.email=?
Hibernate: select u1_0.id,u1_0.branch_id,u1_0.created_at,u1_0.email,u1_0.full_name,u1_0.last_login,u1_0.password,u1_0.phone,u1_0.role,u1_0.store_id,u1_0.updated_at,u1_0.verified from users u1_0 where u1_0.email=?
2026-05-10T11:27:26.777+07:00 DEBUG 99967 --- [pos-system] [nio-8080-exec-4] org.hibernate.SQL                        : select b1_0.id,b1_0.address,b1_0.close_time,b1_0.created_at,b1_0.email,m1_0.id,b2_0.id,b2_0.address,b2_0.close_time,b2_0.created_at,b2_0.email,b2_0.manager_id,b2_0.name,b2_0.open_time,b2_0.phone,b2_0.store_id,b2_0.updated_at,m1_0.created_at,m1_0.email,m1_0.full_name,m1_0.last_login,m1_0.password,m1_0.phone,m1_0.role,s2_0.id,s2_0.brand,s2_0.address,s2_0.email,s2_0.phone,s2_0.created_at,s2_0.description,s2_0.status,s2_0.store_admin_id,s2_0.store_type,s2_0.updated_at,m1_0.updated_at,m1_0.verified,b1_0.name,b1_0.open_time,b1_0.phone,s3_0.id,s3_0.brand,s3_0.address,s3_0.email,s3_0.phone,s3_0.created_at,s3_0.description,s3_0.status,sa2_0.id,sa2_0.branch_id,sa2_0.created_at,sa2_0.email,sa2_0.full_name,sa2_0.last_login,sa2_0.password,sa2_0.phone,sa2_0.role,sa2_0.store_id,sa2_0.updated_at,sa2_0.verified,s3_0.store_type,s3_0.updated_at,b1_0.updated_at from branches b1_0 left join users m1_0 on m1_0.id=b1_0.manager_id left join branches b2_0 on b2_0.id=m1_0.branch_id left join stores s2_0 on s2_0.id=m1_0.store_id left join stores s3_0 on s3_0.id=b1_0.store_id left join users sa2_0 on sa2_0.id=s3_0.store_admin_id where b1_0.id=?
Hibernate: select b1_0.id,b1_0.address,b1_0.close_time,b1_0.created_at,b1_0.email,m1_0.id,b2_0.id,b2_0.address,b2_0.close_time,b2_0.created_at,b2_0.email,b2_0.manager_id,b2_0.name,b2_0.open_time,b2_0.phone,b2_0.store_id,b2_0.updated_at,m1_0.created_at,m1_0.email,m1_0.full_name,m1_0.last_login,m1_0.password,m1_0.phone,m1_0.role,s2_0.id,s2_0.brand,s2_0.address,s2_0.email,s2_0.phone,s2_0.created_at,s2_0.description,s2_0.status,s2_0.store_admin_id,s2_0.store_type,s2_0.updated_at,m1_0.updated_at,m1_0.verified,b1_0.name,b1_0.open_time,b1_0.phone,s3_0.id,s3_0.brand,s3_0.address,s3_0.email,s3_0.phone,s3_0.created_at,s3_0.description,s3_0.status,sa2_0.id,sa2_0.branch_id,sa2_0.created_at,sa2_0.email,sa2_0.full_name,sa2_0.last_login,sa2_0.password,sa2_0.phone,sa2_0.role,sa2_0.store_id,sa2_0.updated_at,sa2_0.verified,s3_0.store_type,s3_0.updated_at,b1_0.updated_at from branches b1_0 left join users m1_0 on m1_0.id=b1_0.manager_id left join branches b2_0 on b2_0.id=m1_0.branch_id left join stores s2_0 on s2_0.id=m1_0.store_id left join stores s3_0 on s3_0.id=b1_0.store_id left join users sa2_0 on sa2_0.id=s3_0.store_admin_id where b1_0.id=?
2026-05-10T11:27:26.780+07:00 DEBUG 99967 --- [pos-system] [nio-8080-exec-4] org.hibernate.SQL                        : select wd1_0.branch_id,wd1_0.working_days from branch_working_days wd1_0 where wd1_0.branch_id=?
Hibernate: select wd1_0.branch_id,wd1_0.working_days from branch_working_days wd1_0 where wd1_0.branch_id=?
2026-05-10T11:27:28.052+07:00 DEBUG 99967 --- [pos-system] [nio-8080-exec-5] org.hibernate.SQL                        : select u1_0.id,u1_0.branch_id,u1_0.created_at,u1_0.email,u1_0.full_name,u1_0.last_login,u1_0.password,u1_0.phone,u1_0.role,u1_0.store_id,u1_0.updated_at,u1_0.verified from users u1_0 where u1_0.email=?
Hibernate: select u1_0.id,u1_0.branch_id,u1_0.created_at,u1_0.email,u1_0.full_name,u1_0.last_login,u1_0.password,u1_0.phone,u1_0.role,u1_0.store_id,u1_0.updated_at,u1_0.verified from users u1_0 where u1_0.email=?
2026-05-10T11:27:28.056+07:00 DEBUG 99967 --- [pos-system] [nio-8080-exec-5] org.hibernate.SQL                        : select b1_0.id,b1_0.address,b1_0.close_time,b1_0.created_at,b1_0.email,m1_0.id,b2_0.id,b2_0.address,b2_0.close_time,b2_0.created_at,b2_0.email,b2_0.manager_id,b2_0.name,b2_0.open_time,b2_0.phone,b2_0.store_id,b2_0.updated_at,m1_0.created_at,m1_0.email,m1_0.full_name,m1_0.last_login,m1_0.password,m1_0.phone,m1_0.role,s2_0.id,s2_0.brand,s2_0.address,s2_0.email,s2_0.phone,s2_0.created_at,s2_0.description,s2_0.status,s2_0.store_admin_id,s2_0.store_type,s2_0.updated_at,m1_0.updated_at,m1_0.verified,b1_0.name,b1_0.open_time,b1_0.phone,s3_0.id,s3_0.brand,s3_0.address,s3_0.email,s3_0.phone,s3_0.created_at,s3_0.description,s3_0.status,sa2_0.id,sa2_0.branch_id,sa2_0.created_at,sa2_0.email,sa2_0.full_name,sa2_0.last_login,sa2_0.password,sa2_0.phone,sa2_0.role,sa2_0.store_id,sa2_0.updated_at,sa2_0.verified,s3_0.store_type,s3_0.updated_at,b1_0.updated_at from branches b1_0 left join users m1_0 on m1_0.id=b1_0.manager_id left join branches b2_0 on b2_0.id=m1_0.branch_id left join stores s2_0 on s2_0.id=m1_0.store_id left join stores s3_0 on s3_0.id=b1_0.store_id left join users sa2_0 on sa2_0.id=s3_0.store_admin_id where b1_0.id=?
Hibernate: select b1_0.id,b1_0.address,b1_0.close_time,b1_0.created_at,b1_0.email,m1_0.id,b2_0.id,b2_0.address,b2_0.close_time,b2_0.created_at,b2_0.email,b2_0.manager_id,b2_0.name,b2_0.open_time,b2_0.phone,b2_0.store_id,b2_0.updated_at,m1_0.created_at,m1_0.email,m1_0.full_name,m1_0.last_login,m1_0.password,m1_0.phone,m1_0.role,s2_0.id,s2_0.brand,s2_0.address,s2_0.email,s2_0.phone,s2_0.created_at,s2_0.description,s2_0.status,s2_0.store_admin_id,s2_0.store_type,s2_0.updated_at,m1_0.updated_at,m1_0.verified,b1_0.name,b1_0.open_time,b1_0.phone,s3_0.id,s3_0.brand,s3_0.address,s3_0.email,s3_0.phone,s3_0.created_at,s3_0.description,s3_0.status,sa2_0.id,sa2_0.branch_id,sa2_0.created_at,sa2_0.email,sa2_0.full_name,sa2_0.last_login,sa2_0.password,sa2_0.phone,sa2_0.role,sa2_0.store_id,sa2_0.updated_at,sa2_0.verified,s3_0.store_type,s3_0.updated_at,b1_0.updated_at from branches b1_0 left join users m1_0 on m1_0.id=b1_0.manager_id left join branches b2_0 on b2_0.id=m1_0.branch_id left join stores s2_0 on s2_0.id=m1_0.store_id left join stores s3_0 on s3_0.id=b1_0.store_id left join users sa2_0 on sa2_0.id=s3_0.store_admin_id where b1_0.id=?
2026-05-10T11:27:28.060+07:00 DEBUG 99967 --- [pos-system] [nio-8080-exec-5] org.hibernate.SQL                        : select wd1_0.branch_id,wd1_0.working_days from branch_working_days wd1_0 where wd1_0.branch_id=?
Hibernate: select wd1_0.branch_id,wd1_0.working_days from branch_working_days wd1_0 where wd1_0.branch_id=?
2026-05-10T11:27:28.066+07:00 DEBUG 99967 --- [pos-system] [nio-8080-exec-5] org.hibernate.SQL                        : select u1_0.id,u1_0.branch_id,u1_0.created_at,u1_0.email,u1_0.full_name,u1_0.last_login,u1_0.password,u1_0.phone,u1_0.role,u1_0.store_id,u1_0.updated_at,u1_0.verified from users u1_0 where u1_0.email=?
Hibernate: select u1_0.id,u1_0.branch_id,u1_0.created_at,u1_0.email,u1_0.full_name,u1_0.last_login,u1_0.password,u1_0.phone,u1_0.role,u1_0.store_id,u1_0.updated_at,u1_0.verified from users u1_0 where u1_0.email=?
2026-05-10T11:27:28.068+07:00 DEBUG 99967 --- [pos-system] [nio-8080-exec-5] org.hibernate.SQL                        : select b1_0.id,b1_0.address,b1_0.close_time,b1_0.created_at,b1_0.email,m1_0.id,b2_0.id,b2_0.address,b2_0.close_time,b2_0.created_at,b2_0.email,b2_0.manager_id,b2_0.name,b2_0.open_time,b2_0.phone,b2_0.store_id,b2_0.updated_at,m1_0.created_at,m1_0.email,m1_0.full_name,m1_0.last_login,m1_0.password,m1_0.phone,m1_0.role,s2_0.id,s2_0.brand,s2_0.address,s2_0.email,s2_0.phone,s2_0.created_at,s2_0.description,s2_0.status,s2_0.store_admin_id,s2_0.store_type,s2_0.updated_at,m1_0.updated_at,m1_0.verified,b1_0.name,b1_0.open_time,b1_0.phone,s3_0.id,s3_0.brand,s3_0.address,s3_0.email,s3_0.phone,s3_0.created_at,s3_0.description,s3_0.status,sa2_0.id,sa2_0.branch_id,sa2_0.created_at,sa2_0.email,sa2_0.full_name,sa2_0.last_login,sa2_0.password,sa2_0.phone,sa2_0.role,sa2_0.store_id,sa2_0.updated_at,sa2_0.verified,s3_0.store_type,s3_0.updated_at,b1_0.updated_at from branches b1_0 left join users m1_0 on m1_0.id=b1_0.manager_id left join branches b2_0 on b2_0.id=m1_0.branch_id left join stores s2_0 on s2_0.id=m1_0.store_id left join stores s3_0 on s3_0.id=b1_0.store_id left join users sa2_0 on sa2_0.id=s3_0.store_admin_id where b1_0.id=?
Hibernate: select b1_0.id,b1_0.address,b1_0.close_time,b1_0.created_at,b1_0.email,m1_0.id,b2_0.id,b2_0.address,b2_0.close_time,b2_0.created_at,b2_0.email,b2_0.manager_id,b2_0.name,b2_0.open_time,b2_0.phone,b2_0.store_id,b2_0.updated_at,m1_0.created_at,m1_0.email,m1_0.full_name,m1_0.last_login,m1_0.password,m1_0.phone,m1_0.role,s2_0.id,s2_0.brand,s2_0.address,s2_0.email,s2_0.phone,s2_0.created_at,s2_0.description,s2_0.status,s2_0.store_admin_id,s2_0.store_type,s2_0.updated_at,m1_0.updated_at,m1_0.verified,b1_0.name,b1_0.open_time,b1_0.phone,s3_0.id,s3_0.brand,s3_0.address,s3_0.email,s3_0.phone,s3_0.created_at,s3_0.description,s3_0.status,sa2_0.id,sa2_0.branch_id,sa2_0.created_at,sa2_0.email,sa2_0.full_name,sa2_0.last_login,sa2_0.password,sa2_0.phone,sa2_0.role,sa2_0.store_id,sa2_0.updated_at,sa2_0.verified,s3_0.store_type,s3_0.updated_at,b1_0.updated_at from branches b1_0 left join users m1_0 on m1_0.id=b1_0.manager_id left join branches b2_0 on b2_0.id=m1_0.branch_id left join stores s2_0 on s2_0.id=m1_0.store_id left join stores s3_0 on s3_0.id=b1_0.store_id left join users sa2_0 on sa2_0.id=s3_0.store_admin_id where b1_0.id=?
2026-05-10T11:27:28.071+07:00 DEBUG 99967 --- [pos-system] [nio-8080-exec-5] org.hibernate.SQL                        : select wd1_0.branch_id,wd1_0.working_days from branch_working_days wd1_0 where wd1_0.branch_id=?
Hibernate: select wd1_0.branch_id,wd1_0.working_days from branch_working_days wd1_0 where wd1_0.branch_id=?
2026-05-10T11:27:30.483+07:00 DEBUG 99967 --- [pos-system] [nio-8080-exec-9] org.hibernate.SQL                        : select u1_0.id,u1_0.branch_id,u1_0.created_at,u1_0.email,u1_0.full_name,u1_0.last_login,u1_0.password,u1_0.phone,u1_0.role,u1_0.store_id,u1_0.updated_at,u1_0.verified from users u1_0 where u1_0.email=?
Hibernate: select u1_0.id,u1_0.branch_id,u1_0.created_at,u1_0.email,u1_0.full_name,u1_0.last_login,u1_0.password,u1_0.phone,u1_0.role,u1_0.store_id,u1_0.updated_at,u1_0.verified from users u1_0 where u1_0.email=?
2026-05-10T11:27:30.486+07:00 DEBUG 99967 --- [pos-system] [nio-8080-exec-9] org.hibernate.SQL                        : select b1_0.id,b1_0.address,b1_0.close_time,b1_0.created_at,b1_0.email,m1_0.id,b2_0.id,b2_0.address,b2_0.close_time,b2_0.created_at,b2_0.email,b2_0.manager_id,b2_0.name,b2_0.open_time,b2_0.phone,b2_0.store_id,b2_0.updated_at,m1_0.created_at,m1_0.email,m1_0.full_name,m1_0.last_login,m1_0.password,m1_0.phone,m1_0.role,s2_0.id,s2_0.brand,s2_0.address,s2_0.email,s2_0.phone,s2_0.created_at,s2_0.description,s2_0.status,s2_0.store_admin_id,s2_0.store_type,s2_0.updated_at,m1_0.updated_at,m1_0.verified,b1_0.name,b1_0.open_time,b1_0.phone,s3_0.id,s3_0.brand,s3_0.address,s3_0.email,s3_0.phone,s3_0.created_at,s3_0.description,s3_0.status,sa2_0.id,sa2_0.branch_id,sa2_0.created_at,sa2_0.email,sa2_0.full_name,sa2_0.last_login,sa2_0.password,sa2_0.phone,sa2_0.role,sa2_0.store_id,sa2_0.updated_at,sa2_0.verified,s3_0.store_type,s3_0.updated_at,b1_0.updated_at from branches b1_0 left join users m1_0 on m1_0.id=b1_0.manager_id left join branches b2_0 on b2_0.id=m1_0.branch_id left join stores s2_0 on s2_0.id=m1_0.store_id left join stores s3_0 on s3_0.id=b1_0.store_id left join users sa2_0 on sa2_0.id=s3_0.store_admin_id where b1_0.id=?
Hibernate: select b1_0.id,b1_0.address,b1_0.close_time,b1_0.created_at,b1_0.email,m1_0.id,b2_0.id,b2_0.address,b2_0.close_time,b2_0.created_at,b2_0.email,b2_0.manager_id,b2_0.name,b2_0.open_time,b2_0.phone,b2_0.store_id,b2_0.updated_at,m1_0.created_at,m1_0.email,m1_0.full_name,m1_0.last_login,m1_0.password,m1_0.phone,m1_0.role,s2_0.id,s2_0.brand,s2_0.address,s2_0.email,s2_0.phone,s2_0.created_at,s2_0.description,s2_0.status,s2_0.store_admin_id,s2_0.store_type,s2_0.updated_at,m1_0.updated_at,m1_0.verified,b1_0.name,b1_0.open_time,b1_0.phone,s3_0.id,s3_0.brand,s3_0.address,s3_0.email,s3_0.phone,s3_0.created_at,s3_0.description,s3_0.status,sa2_0.id,sa2_0.branch_id,sa2_0.created_at,sa2_0.email,sa2_0.full_name,sa2_0.last_login,sa2_0.password,sa2_0.phone,sa2_0.role,sa2_0.store_id,sa2_0.updated_at,sa2_0.verified,s3_0.store_type,s3_0.updated_at,b1_0.updated_at from branches b1_0 left join users m1_0 on m1_0.id=b1_0.manager_id left join branches b2_0 on b2_0.id=m1_0.branch_id left join stores s2_0 on s2_0.id=m1_0.store_id left join stores s3_0 on s3_0.id=b1_0.store_id left join users sa2_0 on sa2_0.id=s3_0.store_admin_id where b1_0.id=?
2026-05-10T11:27:30.490+07:00 DEBUG 99967 --- [pos-system] [nio-8080-exec-9] org.hibernate.SQL                        : select wd1_0.branch_id,wd1_0.working_days from branch_working_days wd1_0 where wd1_0.branch_id=?
Hibernate: select wd1_0.branch_id,wd1_0.working_days from branch_working_days wd1_0 where wd1_0.branch_id=?
2026-05-10T11:27:30.496+07:00 DEBUG 99967 --- [pos-system] [io-8080-exec-10] org.hibernate.SQL                        : select u1_0.id,u1_0.branch_id,u1_0.created_at,u1_0.email,u1_0.full_name,u1_0.last_login,u1_0.password,u1_0.phone,u1_0.role,u1_0.store_id,u1_0.updated_at,u1_0.verified from users u1_0 where u1_0.email=?
Hibernate: select u1_0.id,u1_0.branch_id,u1_0.created_at,u1_0.email,u1_0.full_name,u1_0.last_login,u1_0.password,u1_0.phone,u1_0.role,u1_0.store_id,u1_0.updated_at,u1_0.verified from users u1_0 where u1_0.email=?
2026-05-10T11:27:30.500+07:00 DEBUG 99967 --- [pos-system] [io-8080-exec-10] org.hibernate.SQL                        : select b1_0.id,b1_0.address,b1_0.close_time,b1_0.created_at,b1_0.email,m1_0.id,b2_0.id,b2_0.address,b2_0.close_time,b2_0.created_at,b2_0.email,b2_0.manager_id,b2_0.name,b2_0.open_time,b2_0.phone,b2_0.store_id,b2_0.updated_at,m1_0.created_at,m1_0.email,m1_0.full_name,m1_0.last_login,m1_0.password,m1_0.phone,m1_0.role,s2_0.id,s2_0.brand,s2_0.address,s2_0.email,s2_0.phone,s2_0.created_at,s2_0.description,s2_0.status,s2_0.store_admin_id,s2_0.store_type,s2_0.updated_at,m1_0.updated_at,m1_0.verified,b1_0.name,b1_0.open_time,b1_0.phone,s3_0.id,s3_0.brand,s3_0.address,s3_0.email,s3_0.phone,s3_0.created_at,s3_0.description,s3_0.status,sa2_0.id,sa2_0.branch_id,sa2_0.created_at,sa2_0.email,sa2_0.full_name,sa2_0.last_login,sa2_0.password,sa2_0.phone,sa2_0.role,sa2_0.store_id,sa2_0.updated_at,sa2_0.verified,s3_0.store_type,s3_0.updated_at,b1_0.updated_at from branches b1_0 left join users m1_0 on m1_0.id=b1_0.manager_id left join branches b2_0 on b2_0.id=m1_0.branch_id left join stores s2_0 on s2_0.id=m1_0.store_id left join stores s3_0 on s3_0.id=b1_0.store_id left join users sa2_0 on sa2_0.id=s3_0.store_admin_id where b1_0.id=?
Hibernate: select b1_0.id,b1_0.address,b1_0.close_time,b1_0.created_at,b1_0.email,m1_0.id,b2_0.id,b2_0.address,b2_0.close_time,b2_0.created_at,b2_0.email,b2_0.manager_id,b2_0.name,b2_0.open_time,b2_0.phone,b2_0.store_id,b2_0.updated_at,m1_0.created_at,m1_0.email,m1_0.full_name,m1_0.last_login,m1_0.password,m1_0.phone,m1_0.role,s2_0.id,s2_0.brand,s2_0.address,s2_0.email,s2_0.phone,s2_0.created_at,s2_0.description,s2_0.status,s2_0.store_admin_id,s2_0.store_type,s2_0.updated_at,m1_0.updated_at,m1_0.verified,b1_0.name,b1_0.open_time,b1_0.phone,s3_0.id,s3_0.brand,s3_0.address,s3_0.email,s3_0.phone,s3_0.created_at,s3_0.description,s3_0.status,sa2_0.id,sa2_0.branch_id,sa2_0.created_at,sa2_0.email,sa2_0.full_name,sa2_0.last_login,sa2_0.password,sa2_0.phone,sa2_0.role,sa2_0.store_id,sa2_0.updated_at,sa2_0.verified,s3_0.store_type,s3_0.updated_at,b1_0.updated_at from branches b1_0 left join users m1_0 on m1_0.id=b1_0.manager_id left join branches b2_0 on b2_0.id=m1_0.branch_id left join stores s2_0 on s2_0.id=m1_0.store_id left join stores s3_0 on s3_0.id=b1_0.store_id left join users sa2_0 on sa2_0.id=s3_0.store_admin_id where b1_0.id=?
2026-05-10T11:27:30.502+07:00 DEBUG 99967 --- [pos-system] [io-8080-exec-10] org.hibernate.SQL                        : select wd1_0.branch_id,wd1_0.working_days from branch_working_days wd1_0 where wd1_0.branch_id=?
Hibernate: select wd1_0.branch_id,wd1_0.working_days from branch_working_days wd1_0 where wd1_0.branch_id=?
2026-05-10T11:27:31.024+07:00 DEBUG 99967 --- [pos-system] [nio-8080-exec-1] org.hibernate.SQL                        : select u1_0.id,u1_0.branch_id,u1_0.created_at,u1_0.email,u1_0.full_name,u1_0.last_login,u1_0.password,u1_0.phone,u1_0.role,u1_0.store_id,u1_0.updated_at,u1_0.verified from users u1_0 where u1_0.email=?
Hibernate: select u1_0.id,u1_0.branch_id,u1_0.created_at,u1_0.email,u1_0.full_name,u1_0.last_login,u1_0.password,u1_0.phone,u1_0.role,u1_0.store_id,u1_0.updated_at,u1_0.verified from users u1_0 where u1_0.email=?
2026-05-10T11:27:31.029+07:00 DEBUG 99967 --- [pos-system] [nio-8080-exec-1] org.hibernate.SQL                        : select b1_0.id,b1_0.address,b1_0.close_time,b1_0.created_at,b1_0.email,m1_0.id,b2_0.id,b2_0.address,b2_0.close_time,b2_0.created_at,b2_0.email,b2_0.manager_id,b2_0.name,b2_0.open_time,b2_0.phone,b2_0.store_id,b2_0.updated_at,m1_0.created_at,m1_0.email,m1_0.full_name,m1_0.last_login,m1_0.password,m1_0.phone,m1_0.role,s2_0.id,s2_0.brand,s2_0.address,s2_0.email,s2_0.phone,s2_0.created_at,s2_0.description,s2_0.status,s2_0.store_admin_id,s2_0.store_type,s2_0.updated_at,m1_0.updated_at,m1_0.verified,b1_0.name,b1_0.open_time,b1_0.phone,s3_0.id,s3_0.brand,s3_0.address,s3_0.email,s3_0.phone,s3_0.created_at,s3_0.description,s3_0.status,sa2_0.id,sa2_0.branch_id,sa2_0.created_at,sa2_0.email,sa2_0.full_name,sa2_0.last_login,sa2_0.password,sa2_0.phone,sa2_0.role,sa2_0.store_id,sa2_0.updated_at,sa2_0.verified,s3_0.store_type,s3_0.updated_at,b1_0.updated_at from branches b1_0 left join users m1_0 on m1_0.id=b1_0.manager_id left join branches b2_0 on b2_0.id=m1_0.branch_id left join stores s2_0 on s2_0.id=m1_0.store_id left join stores s3_0 on s3_0.id=b1_0.store_id left join users sa2_0 on sa2_0.id=s3_0.store_admin_id where b1_0.id=?
Hibernate: select b1_0.id,b1_0.address,b1_0.close_time,b1_0.created_at,b1_0.email,m1_0.id,b2_0.id,b2_0.address,b2_0.close_time,b2_0.created_at,b2_0.email,b2_0.manager_id,b2_0.name,b2_0.open_time,b2_0.phone,b2_0.store_id,b2_0.updated_at,m1_0.created_at,m1_0.email,m1_0.full_name,m1_0.last_login,m1_0.password,m1_0.phone,m1_0.role,s2_0.id,s2_0.brand,s2_0.address,s2_0.email,s2_0.phone,s2_0.created_at,s2_0.description,s2_0.status,s2_0.store_admin_id,s2_0.store_type,s2_0.updated_at,m1_0.updated_at,m1_0.verified,b1_0.name,b1_0.open_time,b1_0.phone,s3_0.id,s3_0.brand,s3_0.address,s3_0.email,s3_0.phone,s3_0.created_at,s3_0.description,s3_0.status,sa2_0.id,sa2_0.branch_id,sa2_0.created_at,sa2_0.email,sa2_0.full_name,sa2_0.last_login,sa2_0.password,sa2_0.phone,sa2_0.role,sa2_0.store_id,sa2_0.updated_at,sa2_0.verified,s3_0.store_type,s3_0.updated_at,b1_0.updated_at from branches b1_0 left join users m1_0 on m1_0.id=b1_0.manager_id left join branches b2_0 on b2_0.id=m1_0.branch_id left join stores s2_0 on s2_0.id=m1_0.store_id left join stores s3_0 on s3_0.id=b1_0.store_id left join users sa2_0 on sa2_0.id=s3_0.store_admin_id where b1_0.id=?
2026-05-10T11:27:31.032+07:00 DEBUG 99967 --- [pos-system] [nio-8080-exec-1] org.hibernate.SQL                        : select wd1_0.branch_id,wd1_0.working_days from branch_working_days wd1_0 where wd1_0.branch_id=?
Hibernate: select wd1_0.branch_id,wd1_0.working_days from branch_working_days wd1_0 where wd1_0.branch_id=?
2026-05-10T11:27:31.039+07:00 DEBUG 99967 --- [pos-system] [nio-8080-exec-2] org.hibernate.SQL                        : select u1_0.id,u1_0.branch_id,u1_0.created_at,u1_0.email,u1_0.full_name,u1_0.last_login,u1_0.password,u1_0.phone,u1_0.role,u1_0.store_id,u1_0.updated_at,u1_0.verified from users u1_0 where u1_0.email=?
Hibernate: select u1_0.id,u1_0.branch_id,u1_0.created_at,u1_0.email,u1_0.full_name,u1_0.last_login,u1_0.password,u1_0.phone,u1_0.role,u1_0.store_id,u1_0.updated_at,u1_0.verified from users u1_0 where u1_0.email=?
2026-05-10T11:27:31.041+07:00 DEBUG 99967 --- [pos-system] [nio-8080-exec-2] org.hibernate.SQL                        : select b1_0.id,b1_0.address,b1_0.close_time,b1_0.created_at,b1_0.email,m1_0.id,b2_0.id,b2_0.address,b2_0.close_time,b2_0.created_at,b2_0.email,b2_0.manager_id,b2_0.name,b2_0.open_time,b2_0.phone,b2_0.store_id,b2_0.updated_at,m1_0.created_at,m1_0.email,m1_0.full_name,m1_0.last_login,m1_0.password,m1_0.phone,m1_0.role,s2_0.id,s2_0.brand,s2_0.address,s2_0.email,s2_0.phone,s2_0.created_at,s2_0.description,s2_0.status,s2_0.store_admin_id,s2_0.store_type,s2_0.updated_at,m1_0.updated_at,m1_0.verified,b1_0.name,b1_0.open_time,b1_0.phone,s3_0.id,s3_0.brand,s3_0.address,s3_0.email,s3_0.phone,s3_0.created_at,s3_0.description,s3_0.status,sa2_0.id,sa2_0.branch_id,sa2_0.created_at,sa2_0.email,sa2_0.full_name,sa2_0.last_login,sa2_0.password,sa2_0.phone,sa2_0.role,sa2_0.store_id,sa2_0.updated_at,sa2_0.verified,s3_0.store_type,s3_0.updated_at,b1_0.updated_at from branches b1_0 left join users m1_0 on m1_0.id=b1_0.manager_id left join branches b2_0 on b2_0.id=m1_0.branch_id left join stores s2_0 on s2_0.id=m1_0.store_id left join stores s3_0 on s3_0.id=b1_0.store_id left join users sa2_0 on sa2_0.id=s3_0.store_admin_id where b1_0.id=?
Hibernate: select b1_0.id,b1_0.address,b1_0.close_time,b1_0.created_at,b1_0.email,m1_0.id,b2_0.id,b2_0.address,b2_0.close_time,b2_0.created_at,b2_0.email,b2_0.manager_id,b2_0.name,b2_0.open_time,b2_0.phone,b2_0.store_id,b2_0.updated_at,m1_0.created_at,m1_0.email,m1_0.full_name,m1_0.last_login,m1_0.password,m1_0.phone,m1_0.role,s2_0.id,s2_0.brand,s2_0.address,s2_0.email,s2_0.phone,s2_0.created_at,s2_0.description,s2_0.status,s2_0.store_admin_id,s2_0.store_type,s2_0.updated_at,m1_0.updated_at,m1_0.verified,b1_0.name,b1_0.open_time,b1_0.phone,s3_0.id,s3_0.brand,s3_0.address,s3_0.email,s3_0.phone,s3_0.created_at,s3_0.description,s3_0.status,sa2_0.id,sa2_0.branch_id,sa2_0.created_at,sa2_0.email,sa2_0.full_name,sa2_0.last_login,sa2_0.password,sa2_0.phone,sa2_0.role,sa2_0.store_id,sa2_0.updated_at,sa2_0.verified,s3_0.store_type,s3_0.updated_at,b1_0.updated_at from branches b1_0 left join users m1_0 on m1_0.id=b1_0.manager_id left join branches b2_0 on b2_0.id=m1_0.branch_id left join stores s2_0 on s2_0.id=m1_0.store_id left join stores s3_0 on s3_0.id=b1_0.store_id left join users sa2_0 on sa2_0.id=s3_0.store_admin_id where b1_0.id=?
2026-05-10T11:27:31.045+07:00 DEBUG 99967 --- [pos-system] [nio-8080-exec-2] org.hibernate.SQL                        : select wd1_0.branch_id,wd1_0.working_days from branch_working_days wd1_0 where wd1_0.branch_id=?
Hibernate: select wd1_0.branch_id,wd1_0.working_days from branch_working_days wd1_0 where wd1_0.branch_id=?
2026-05-10T11:27:35.625+07:00 DEBUG 99967 --- [pos-system] [nio-8080-exec-3] org.hibernate.SQL                        : select u1_0.id,u1_0.branch_id,u1_0.created_at,u1_0.email,u1_0.full_name,u1_0.last_login,u1_0.password,u1_0.phone,u1_0.role,u1_0.store_id,u1_0.updated_at,u1_0.verified from users u1_0 where u1_0.email=?
Hibernate: select u1_0.id,u1_0.branch_id,u1_0.created_at,u1_0.email,u1_0.full_name,u1_0.last_login,u1_0.password,u1_0.phone,u1_0.role,u1_0.store_id,u1_0.updated_at,u1_0.verified from users u1_0 where u1_0.email=?
2026-05-10T11:27:35.632+07:00 DEBUG 99967 --- [pos-system] [nio-8080-exec-3] org.hibernate.SQL                        : select b1_0.id,b1_0.address,b1_0.close_time,b1_0.created_at,b1_0.email,m1_0.id,b2_0.id,b2_0.address,b2_0.close_time,b2_0.created_at,b2_0.email,b2_0.manager_id,b2_0.name,b2_0.open_time,b2_0.phone,b2_0.store_id,b2_0.updated_at,m1_0.created_at,m1_0.email,m1_0.full_name,m1_0.last_login,m1_0.password,m1_0.phone,m1_0.role,s2_0.id,s2_0.brand,s2_0.address,s2_0.email,s2_0.phone,s2_0.created_at,s2_0.description,s2_0.status,s2_0.store_admin_id,s2_0.store_type,s2_0.updated_at,m1_0.updated_at,m1_0.verified,b1_0.name,b1_0.open_time,b1_0.phone,s3_0.id,s3_0.brand,s3_0.address,s3_0.email,s3_0.phone,s3_0.created_at,s3_0.description,s3_0.status,sa2_0.id,sa2_0.branch_id,sa2_0.created_at,sa2_0.email,sa2_0.full_name,sa2_0.last_login,sa2_0.password,sa2_0.phone,sa2_0.role,sa2_0.store_id,sa2_0.updated_at,sa2_0.verified,s3_0.store_type,s3_0.updated_at,b1_0.updated_at from branches b1_0 left join users m1_0 on m1_0.id=b1_0.manager_id left join branches b2_0 on b2_0.id=m1_0.branch_id left join stores s2_0 on s2_0.id=m1_0.store_id left join stores s3_0 on s3_0.id=b1_0.store_id left join users sa2_0 on sa2_0.id=s3_0.store_admin_id where b1_0.id=?
Hibernate: select b1_0.id,b1_0.address,b1_0.close_time,b1_0.created_at,b1_0.email,m1_0.id,b2_0.id,b2_0.address,b2_0.close_time,b2_0.created_at,b2_0.email,b2_0.manager_id,b2_0.name,b2_0.open_time,b2_0.phone,b2_0.store_id,b2_0.updated_at,m1_0.created_at,m1_0.email,m1_0.full_name,m1_0.last_login,m1_0.password,m1_0.phone,m1_0.role,s2_0.id,s2_0.brand,s2_0.address,s2_0.email,s2_0.phone,s2_0.created_at,s2_0.description,s2_0.status,s2_0.store_admin_id,s2_0.store_type,s2_0.updated_at,m1_0.updated_at,m1_0.verified,b1_0.name,b1_0.open_time,b1_0.phone,s3_0.id,s3_0.brand,s3_0.address,s3_0.email,s3_0.phone,s3_0.created_at,s3_0.description,s3_0.status,sa2_0.id,sa2_0.branch_id,sa2_0.created_at,sa2_0.email,sa2_0.full_name,sa2_0.last_login,sa2_0.password,sa2_0.phone,sa2_0.role,sa2_0.store_id,sa2_0.updated_at,sa2_0.verified,s3_0.store_type,s3_0.updated_at,b1_0.updated_at from branches b1_0 left join users m1_0 on m1_0.id=b1_0.manager_id left join branches b2_0 on b2_0.id=m1_0.branch_id left join stores s2_0 on s2_0.id=m1_0.store_id left join stores s3_0 on s3_0.id=b1_0.store_id left join users sa2_0 on sa2_0.id=s3_0.store_admin_id where b1_0.id=?
2026-05-10T11:27:35.637+07:00 DEBUG 99967 --- [pos-system] [nio-8080-exec-3] org.hibernate.SQL                        : select wd1_0.branch_id,wd1_0.working_days from branch_working_days wd1_0 where wd1_0.branch_id=?
Hibernate: select wd1_0.branch_id,wd1_0.working_days from branch_working_days wd1_0 where wd1_0.branch_id=?
2026-05-10T11:27:35.643+07:00 DEBUG 99967 --- [pos-system] [nio-8080-exec-4] org.hibernate.SQL                        : select u1_0.id,u1_0.branch_id,u1_0.created_at,u1_0.email,u1_0.full_name,u1_0.last_login,u1_0.password,u1_0.phone,u1_0.role,u1_0.store_id,u1_0.updated_at,u1_0.verified from users u1_0 where u1_0.email=?
Hibernate: select u1_0.id,u1_0.branch_id,u1_0.created_at,u1_0.email,u1_0.full_name,u1_0.last_login,u1_0.password,u1_0.phone,u1_0.role,u1_0.store_id,u1_0.updated_at,u1_0.verified from users u1_0 where u1_0.email=?
2026-05-10T11:27:35.644+07:00 DEBUG 99967 --- [pos-system] [nio-8080-exec-4] org.hibernate.SQL                        : select b1_0.id,b1_0.address,b1_0.close_time,b1_0.created_at,b1_0.email,m1_0.id,b2_0.id,b2_0.address,b2_0.close_time,b2_0.created_at,b2_0.email,b2_0.manager_id,b2_0.name,b2_0.open_time,b2_0.phone,b2_0.store_id,b2_0.updated_at,m1_0.created_at,m1_0.email,m1_0.full_name,m1_0.last_login,m1_0.password,m1_0.phone,m1_0.role,s2_0.id,s2_0.brand,s2_0.address,s2_0.email,s2_0.phone,s2_0.created_at,s2_0.description,s2_0.status,s2_0.store_admin_id,s2_0.store_type,s2_0.updated_at,m1_0.updated_at,m1_0.verified,b1_0.name,b1_0.open_time,b1_0.phone,s3_0.id,s3_0.brand,s3_0.address,s3_0.email,s3_0.phone,s3_0.created_at,s3_0.description,s3_0.status,sa2_0.id,sa2_0.branch_id,sa2_0.created_at,sa2_0.email,sa2_0.full_name,sa2_0.last_login,sa2_0.password,sa2_0.phone,sa2_0.role,sa2_0.store_id,sa2_0.updated_at,sa2_0.verified,s3_0.store_type,s3_0.updated_at,b1_0.updated_at from branches b1_0 left join users m1_0 on m1_0.id=b1_0.manager_id left join branches b2_0 on b2_0.id=m1_0.branch_id left join stores s2_0 on s2_0.id=m1_0.store_id left join stores s3_0 on s3_0.id=b1_0.store_id left join users sa2_0 on sa2_0.id=s3_0.store_admin_id where b1_0.id=?
Hibernate: select b1_0.id,b1_0.address,b1_0.close_time,b1_0.created_at,b1_0.email,m1_0.id,b2_0.id,b2_0.address,b2_0.close_time,b2_0.created_at,b2_0.email,b2_0.manager_id,b2_0.name,b2_0.open_time,b2_0.phone,b2_0.store_id,b2_0.updated_at,m1_0.created_at,m1_0.email,m1_0.full_name,m1_0.last_login,m1_0.password,m1_0.phone,m1_0.role,s2_0.id,s2_0.brand,s2_0.address,s2_0.email,s2_0.phone,s2_0.created_at,s2_0.description,s2_0.status,s2_0.store_admin_id,s2_0.store_type,s2_0.updated_at,m1_0.updated_at,m1_0.verified,b1_0.name,b1_0.open_time,b1_0.phone,s3_0.id,s3_0.brand,s3_0.address,s3_0.email,s3_0.phone,s3_0.created_at,s3_0.description,s3_0.status,sa2_0.id,sa2_0.branch_id,sa2_0.created_at,sa2_0.email,sa2_0.full_name,sa2_0.last_login,sa2_0.password,sa2_0.phone,sa2_0.role,sa2_0.store_id,sa2_0.updated_at,sa2_0.verified,s3_0.store_type,s3_0.updated_at,b1_0.updated_at from branches b1_0 left join users m1_0 on m1_0.id=b1_0.manager_id left join branches b2_0 on b2_0.id=m1_0.branch_id left join stores s2_0 on s2_0.id=m1_0.store_id left join stores s3_0 on s3_0.id=b1_0.store_id left join users sa2_0 on sa2_0.id=s3_0.store_admin_id where b1_0.id=?
2026-05-10T11:27:35.646+07:00 DEBUG 99967 --- [pos-system] [nio-8080-exec-4] org.hibernate.SQL                        : select wd1_0.branch_id,wd1_0.working_days from branch_working_days wd1_0 where wd1_0.branch_id=?
Hibernate: select wd1_0.branch_id,wd1_0.working_days from branch_working_days wd1_0 where wd1_0.branch_id=?
2026-05-10T11:27:36.505+07:00 DEBUG 99967 --- [pos-system] [nio-8080-exec-6] org.hibernate.SQL                        : select b1_0.id,b1_0.address,b1_0.close_time,b1_0.created_at,b1_0.email,m1_0.id,b2_0.id,b2_0.address,b2_0.close_time,b2_0.created_at,b2_0.email,b2_0.manager_id,b2_0.name,b2_0.open_time,b2_0.phone,b2_0.store_id,b2_0.updated_at,m1_0.created_at,m1_0.email,m1_0.full_name,m1_0.last_login,m1_0.password,m1_0.phone,m1_0.role,s2_0.id,s2_0.brand,s2_0.address,s2_0.email,s2_0.phone,s2_0.created_at,s2_0.description,s2_0.status,s2_0.store_admin_id,s2_0.store_type,s2_0.updated_at,m1_0.updated_at,m1_0.verified,b1_0.name,b1_0.open_time,b1_0.phone,s3_0.id,s3_0.brand,s3_0.address,s3_0.email,s3_0.phone,s3_0.created_at,s3_0.description,s3_0.status,sa2_0.id,sa2_0.branch_id,sa2_0.created_at,sa2_0.email,sa2_0.full_name,sa2_0.last_login,sa2_0.password,sa2_0.phone,sa2_0.role,sa2_0.store_id,sa2_0.updated_at,sa2_0.verified,s3_0.store_type,s3_0.updated_at,b1_0.updated_at from branches b1_0 left join users m1_0 on m1_0.id=b1_0.manager_id left join branches b2_0 on b2_0.id=m1_0.branch_id left join stores s2_0 on s2_0.id=m1_0.store_id left join stores s3_0 on s3_0.id=b1_0.store_id left join users sa2_0 on sa2_0.id=s3_0.store_admin_id where b1_0.id=?
Hibernate: select b1_0.id,b1_0.address,b1_0.close_time,b1_0.created_at,b1_0.email,m1_0.id,b2_0.id,b2_0.address,b2_0.close_time,b2_0.created_at,b2_0.email,b2_0.manager_id,b2_0.name,b2_0.open_time,b2_0.phone,b2_0.store_id,b2_0.updated_at,m1_0.created_at,m1_0.email,m1_0.full_name,m1_0.last_login,m1_0.password,m1_0.phone,m1_0.role,s2_0.id,s2_0.brand,s2_0.address,s2_0.email,s2_0.phone,s2_0.created_at,s2_0.description,s2_0.status,s2_0.store_admin_id,s2_0.store_type,s2_0.updated_at,m1_0.updated_at,m1_0.verified,b1_0.name,b1_0.open_time,b1_0.phone,s3_0.id,s3_0.brand,s3_0.address,s3_0.email,s3_0.phone,s3_0.created_at,s3_0.description,s3_0.status,sa2_0.id,sa2_0.branch_id,sa2_0.created_at,sa2_0.email,sa2_0.full_name,sa2_0.last_login,sa2_0.password,sa2_0.phone,sa2_0.role,sa2_0.store_id,sa2_0.updated_at,sa2_0.verified,s3_0.store_type,s3_0.updated_at,b1_0.updated_at from branches b1_0 left join users m1_0 on m1_0.id=b1_0.manager_id left join branches b2_0 on b2_0.id=m1_0.branch_id left join stores s2_0 on s2_0.id=m1_0.store_id left join stores s3_0 on s3_0.id=b1_0.store_id left join users sa2_0 on sa2_0.id=s3_0.store_admin_id where b1_0.id=?
2026-05-10T11:27:36.513+07:00 DEBUG 99967 --- [pos-system] [nio-8080-exec-6] org.hibernate.SQL                        : select wd1_0.branch_id,wd1_0.working_days from branch_working_days wd1_0 where wd1_0.branch_id=?
Hibernate: select wd1_0.branch_id,wd1_0.working_days from branch_working_days wd1_0 where wd1_0.branch_id=?
2026-05-10T11:27:36.519+07:00 DEBUG 99967 --- [pos-system] [nio-8080-exec-5] org.hibernate.SQL                        : select b1_0.id,b1_0.address,b1_0.close_time,b1_0.created_at,b1_0.email,m1_0.id,b2_0.id,b2_0.address,b2_0.close_time,b2_0.created_at,b2_0.email,b2_0.manager_id,b2_0.name,b2_0.open_time,b2_0.phone,b2_0.store_id,b2_0.updated_at,m1_0.created_at,m1_0.email,m1_0.full_name,m1_0.last_login,m1_0.password,m1_0.phone,m1_0.role,s2_0.id,s2_0.brand,s2_0.address,s2_0.email,s2_0.phone,s2_0.created_at,s2_0.description,s2_0.status,s2_0.store_admin_id,s2_0.store_type,s2_0.updated_at,m1_0.updated_at,m1_0.verified,b1_0.name,b1_0.open_time,b1_0.phone,s3_0.id,s3_0.brand,s3_0.address,s3_0.email,s3_0.phone,s3_0.created_at,s3_0.description,s3_0.status,sa2_0.id,sa2_0.branch_id,sa2_0.created_at,sa2_0.email,sa2_0.full_name,sa2_0.last_login,sa2_0.password,sa2_0.phone,sa2_0.role,sa2_0.store_id,sa2_0.updated_at,sa2_0.verified,s3_0.store_type,s3_0.updated_at,b1_0.updated_at from branches b1_0 left join users m1_0 on m1_0.id=b1_0.manager_id left join branches b2_0 on b2_0.id=m1_0.branch_id left join stores s2_0 on s2_0.id=m1_0.store_id left join stores s3_0 on s3_0.id=b1_0.store_id left join users sa2_0 on sa2_0.id=s3_0.store_admin_id where b1_0.id=?
Hibernate: select b1_0.id,b1_0.address,b1_0.close_time,b1_0.created_at,b1_0.email,m1_0.id,b2_0.id,b2_0.address,b2_0.close_time,b2_0.created_at,b2_0.email,b2_0.manager_id,b2_0.name,b2_0.open_time,b2_0.phone,b2_0.store_id,b2_0.updated_at,m1_0.created_at,m1_0.email,m1_0.full_name,m1_0.last_login,m1_0.password,m1_0.phone,m1_0.role,s2_0.id,s2_0.brand,s2_0.address,s2_0.email,s2_0.phone,s2_0.created_at,s2_0.description,s2_0.status,s2_0.store_admin_id,s2_0.store_type,s2_0.updated_at,m1_0.updated_at,m1_0.verified,b1_0.name,b1_0.open_time,b1_0.phone,s3_0.id,s3_0.brand,s3_0.address,s3_0.email,s3_0.phone,s3_0.created_at,s3_0.description,s3_0.status,sa2_0.id,sa2_0.branch_id,sa2_0.created_at,sa2_0.email,sa2_0.full_name,sa2_0.last_login,sa2_0.password,sa2_0.phone,sa2_0.role,sa2_0.store_id,sa2_0.updated_at,sa2_0.verified,s3_0.store_type,s3_0.updated_at,b1_0.updated_at from branches b1_0 left join users m1_0 on m1_0.id=b1_0.manager_id left join branches b2_0 on b2_0.id=m1_0.branch_id left join stores s2_0 on s2_0.id=m1_0.store_id left join stores s3_0 on s3_0.id=b1_0.store_id left join users sa2_0 on sa2_0.id=s3_0.store_admin_id where b1_0.id=?
2026-05-10T11:27:36.522+07:00 DEBUG 99967 --- [pos-system] [nio-8080-exec-5] org.hibernate.SQL                        : select wd1_0.branch_id,wd1_0.working_days from branch_working_days wd1_0 where wd1_0.branch_id=?
Hibernate: select wd1_0.branch_id,wd1_0.working_days from branch_working_days wd1_0 where wd1_0.branch_id=?
2026-05-10T11:27:36.595+07:00 DEBUG 99967 --- [pos-system] [io-8080-exec-10] org.hibernate.SQL                        : select b1_0.id,b1_0.address,b1_0.close_time,b1_0.created_at,b1_0.email,m1_0.id,b2_0.id,b2_0.address,b2_0.close_time,b2_0.created_at,b2_0.email,b2_0.manager_id,b2_0.name,b2_0.open_time,b2_0.phone,b2_0.store_id,b2_0.updated_at,m1_0.created_at,m1_0.email,m1_0.full_name,m1_0.last_login,m1_0.password,m1_0.phone,m1_0.role,s2_0.id,s2_0.brand,s2_0.address,s2_0.email,s2_0.phone,s2_0.created_at,s2_0.description,s2_0.status,s2_0.store_admin_id,s2_0.store_type,s2_0.updated_at,m1_0.updated_at,m1_0.verified,b1_0.name,b1_0.open_time,b1_0.phone,s3_0.id,s3_0.brand,s3_0.address,s3_0.email,s3_0.phone,s3_0.created_at,s3_0.description,s3_0.status,sa2_0.id,sa2_0.branch_id,sa2_0.created_at,sa2_0.email,sa2_0.full_name,sa2_0.last_login,sa2_0.password,sa2_0.phone,sa2_0.role,sa2_0.store_id,sa2_0.updated_at,sa2_0.verified,s3_0.store_type,s3_0.updated_at,b1_0.updated_at from branches b1_0 left join users m1_0 on m1_0.id=b1_0.manager_id left join branches b2_0 on b2_0.id=m1_0.branch_id left join stores s2_0 on s2_0.id=m1_0.store_id left join stores s3_0 on s3_0.id=b1_0.store_id left join users sa2_0 on sa2_0.id=s3_0.store_admin_id where b1_0.id=?
Hibernate: select b1_0.id,b1_0.address,b1_0.close_time,b1_0.created_at,b1_0.email,m1_0.id,b2_0.id,b2_0.address,b2_0.close_time,b2_0.created_at,b2_0.email,b2_0.manager_id,b2_0.name,b2_0.open_time,b2_0.phone,b2_0.store_id,b2_0.updated_at,m1_0.created_at,m1_0.email,m1_0.full_name,m1_0.last_login,m1_0.password,m1_0.phone,m1_0.role,s2_0.id,s2_0.brand,s2_0.address,s2_0.email,s2_0.phone,s2_0.created_at,s2_0.description,s2_0.status,s2_0.store_admin_id,s2_0.store_type,s2_0.updated_at,m1_0.updated_at,m1_0.verified,b1_0.name,b1_0.open_time,b1_0.phone,s3_0.id,s3_0.brand,s3_0.address,s3_0.email,s3_0.phone,s3_0.created_at,s3_0.description,s3_0.status,sa2_0.id,sa2_0.branch_id,sa2_0.created_at,sa2_0.email,sa2_0.full_name,sa2_0.last_login,sa2_0.password,sa2_0.phone,sa2_0.role,sa2_0.store_id,sa2_0.updated_at,sa2_0.verified,s3_0.store_type,s3_0.updated_at,b1_0.updated_at from branches b1_0 left join users m1_0 on m1_0.id=b1_0.manager_id left join branches b2_0 on b2_0.id=m1_0.branch_id left join stores s2_0 on s2_0.id=m1_0.store_id left join stores s3_0 on s3_0.id=b1_0.store_id left join users sa2_0 on sa2_0.id=s3_0.store_admin_id where b1_0.id=?
2026-05-10T11:27:36.602+07:00 DEBUG 99967 --- [pos-system] [io-8080-exec-10] org.hibernate.SQL                        : select o1_0.id,o1_0.branch_id,o1_0.cashier_id,o1_0.created_at,o1_0.customer_id,o1_0.payment_type,o1_0.status,o1_0.total_amount from orders o1_0 left join branches b1_0 on b1_0.id=o1_0.branch_id where b1_0.id=? order by o1_0.created_at desc limit ?
Hibernate: select o1_0.id,o1_0.branch_id,o1_0.cashier_id,o1_0.created_at,o1_0.customer_id,o1_0.payment_type,o1_0.status,o1_0.total_amount from orders o1_0 left join branches b1_0 on b1_0.id=o1_0.branch_id where b1_0.id=? order by o1_0.created_at desc limit ?
2026-05-10T11:27:36.603+07:00 DEBUG 99967 --- [pos-system] [nio-8080-exec-8] org.hibernate.SQL                        : select p1_0.id,p1_0.name,sum(oi1_0.quantity) from order_items oi1_0 join products p1_0 on p1_0.id=oi1_0.product_id join orders o1_0 on o1_0.id=oi1_0.order_id where o1_0.branch_id=? group by p1_0.id,p1_0.name order by sum(oi1_0.quantity) desc
Hibernate: select p1_0.id,p1_0.name,sum(oi1_0.quantity) from order_items oi1_0 join products p1_0 on p1_0.id=oi1_0.product_id join orders o1_0 on o1_0.id=oi1_0.order_id where o1_0.branch_id=? group by p1_0.id,p1_0.name order by sum(oi1_0.quantity) desc
2026-05-10T11:27:36.604+07:00 DEBUG 99967 --- [pos-system] [nio-8080-exec-9] org.hibernate.SQL                        : select c1_0.id,c1_0.full_name,sum(o1_0.total_amount) from orders o1_0 join users c1_0 on c1_0.id=o1_0.cashier_id where o1_0.branch_id=? group by c1_0.id,c1_0.full_name order by 3 desc
Hibernate: select c1_0.id,c1_0.full_name,sum(o1_0.total_amount) from orders o1_0 join users c1_0 on c1_0.id=o1_0.cashier_id where o1_0.branch_id=? group by c1_0.id,c1_0.full_name order by 3 desc
2026-05-10T11:27:36.604+07:00 DEBUG 99967 --- [pos-system] [nio-8080-exec-1] org.hibernate.SQL                        : select sum(o1_0.total_amount) from orders o1_0 where o1_0.branch_id=? and o1_0.created_at between ? and ?
Hibernate: select sum(o1_0.total_amount) from orders o1_0 where o1_0.branch_id=? and o1_0.created_at between ? and ?
2026-05-10T11:27:36.604+07:00 DEBUG 99967 --- [pos-system] [nio-8080-exec-7] org.hibernate.SQL                        : select sum(o1_0.total_amount) from orders o1_0 where o1_0.branch_id=? and o1_0.created_at between ? and ?
Hibernate: select sum(o1_0.total_amount) from orders o1_0 where o1_0.branch_id=? and o1_0.created_at between ? and ?
2026-05-10T11:27:36.605+07:00 DEBUG 99967 --- [pos-system] [nio-8080-exec-2] org.hibernate.SQL                        : select o1_0.payment_type,sum(o1_0.total_amount),count(o1_0.id) from orders o1_0 where o1_0.branch_id=? and date(o1_0.created_at)=? group by o1_0.payment_type
Hibernate: select o1_0.payment_type,sum(o1_0.total_amount),count(o1_0.id) from orders o1_0 where o1_0.branch_id=? and date(o1_0.created_at)=? group by o1_0.payment_type
2026-05-10T11:27:36.606+07:00 DEBUG 99967 --- [pos-system] [io-8080-exec-10] org.hibernate.SQL                        : select u1_0.id,b1_0.id,b1_0.address,b1_0.close_time,b1_0.created_at,b1_0.email,m1_0.id,m1_0.branch_id,m1_0.created_at,m1_0.email,m1_0.full_name,m1_0.last_login,m1_0.password,m1_0.phone,m1_0.role,m1_0.store_id,m1_0.updated_at,m1_0.verified,b1_0.name,b1_0.open_time,b1_0.phone,s2_0.id,s2_0.brand,s2_0.address,s2_0.email,s2_0.phone,s2_0.created_at,s2_0.description,s2_0.status,s2_0.store_admin_id,s2_0.store_type,s2_0.updated_at,b1_0.updated_at,u1_0.created_at,u1_0.email,u1_0.full_name,u1_0.last_login,u1_0.password,u1_0.phone,u1_0.role,s3_0.id,s3_0.brand,s3_0.address,s3_0.email,s3_0.phone,s3_0.created_at,s3_0.description,s3_0.status,sa2_0.id,sa2_0.branch_id,sa2_0.created_at,sa2_0.email,sa2_0.full_name,sa2_0.last_login,sa2_0.password,sa2_0.phone,sa2_0.role,sa2_0.store_id,sa2_0.updated_at,sa2_0.verified,s3_0.store_type,s3_0.updated_at,u1_0.updated_at,u1_0.verified from users u1_0 left join branches b1_0 on b1_0.id=u1_0.branch_id left join users m1_0 on m1_0.id=b1_0.manager_id left join stores s2_0 on s2_0.id=b1_0.store_id left join stores s3_0 on s3_0.id=u1_0.store_id left join users sa2_0 on sa2_0.id=s3_0.store_admin_id where u1_0.id=?
Hibernate: select u1_0.id,b1_0.id,b1_0.address,b1_0.close_time,b1_0.created_at,b1_0.email,m1_0.id,m1_0.branch_id,m1_0.created_at,m1_0.email,m1_0.full_name,m1_0.last_login,m1_0.password,m1_0.phone,m1_0.role,m1_0.store_id,m1_0.updated_at,m1_0.verified,b1_0.name,b1_0.open_time,b1_0.phone,s2_0.id,s2_0.brand,s2_0.address,s2_0.email,s2_0.phone,s2_0.created_at,s2_0.description,s2_0.status,s2_0.store_admin_id,s2_0.store_type,s2_0.updated_at,b1_0.updated_at,u1_0.created_at,u1_0.email,u1_0.full_name,u1_0.last_login,u1_0.password,u1_0.phone,u1_0.role,s3_0.id,s3_0.brand,s3_0.address,s3_0.email,s3_0.phone,s3_0.created_at,s3_0.description,s3_0.status,sa2_0.id,sa2_0.branch_id,sa2_0.created_at,sa2_0.email,sa2_0.full_name,sa2_0.last_login,sa2_0.password,sa2_0.phone,sa2_0.role,sa2_0.store_id,sa2_0.updated_at,sa2_0.verified,s3_0.store_type,s3_0.updated_at,u1_0.updated_at,u1_0.verified from users u1_0 left join branches b1_0 on b1_0.id=u1_0.branch_id left join users m1_0 on m1_0.id=b1_0.manager_id left join stores s2_0 on s2_0.id=b1_0.store_id left join stores s3_0 on s3_0.id=u1_0.store_id left join users sa2_0 on sa2_0.id=s3_0.store_admin_id where u1_0.id=?
2026-05-10T11:27:36.609+07:00 DEBUG 99967 --- [pos-system] [io-8080-exec-10] org.hibernate.SQL                        : select c1_0.id,c1_0.created_at,c1_0.email,c1_0.full_name,c1_0.phone,c1_0.updated_at from customer c1_0 where c1_0.id=?
Hibernate: select c1_0.id,c1_0.created_at,c1_0.email,c1_0.full_name,c1_0.phone,c1_0.updated_at from customer c1_0 where c1_0.id=?
2026-05-10T11:27:36.611+07:00 DEBUG 99967 --- [pos-system] [nio-8080-exec-1] org.hibernate.SQL                        : select sum(o1_0.total_amount) from orders o1_0 where o1_0.branch_id=? and o1_0.created_at between ? and ?
Hibernate: select sum(o1_0.total_amount) from orders o1_0 where o1_0.branch_id=? and o1_0.created_at between ? and ?
2026-05-10T11:27:36.611+07:00 DEBUG 99967 --- [pos-system] [nio-8080-exec-7] org.hibernate.SQL                        : select sum(o1_0.total_amount) from orders o1_0 where o1_0.branch_id=? and o1_0.created_at between ? and ?
Hibernate: select sum(o1_0.total_amount) from orders o1_0 where o1_0.branch_id=? and o1_0.created_at between ? and ?
2026-05-10T11:27:36.612+07:00 DEBUG 99967 --- [pos-system] [nio-8080-exec-7] org.hibernate.SQL                        : select sum(o1_0.total_amount) from orders o1_0 where o1_0.branch_id=? and o1_0.created_at between ? and ?
Hibernate: select sum(o1_0.total_amount) from orders o1_0 where o1_0.branch_id=? and o1_0.created_at between ? and ?
2026-05-10T11:27:36.612+07:00 DEBUG 99967 --- [pos-system] [io-8080-exec-10] org.hibernate.SQL                        : select i1_0.order_id,i1_0.id,i1_0.price,p1_0.id,p1_0.brand,c1_0.id,c1_0.name,c1_0.store_id,p1_0.created_at,p1_0.description,p1_0.image,p1_0.mrp,p1_0.name,p1_0.selling_price,p1_0.sku,p1_0.store_id,s2_0.id,s2_0.brand,s2_0.address,s2_0.email,s2_0.phone,s2_0.created_at,s2_0.description,s2_0.status,s2_0.store_admin_id,s2_0.store_type,s2_0.updated_at,p1_0.updated_at,i1_0.quantity from order_items i1_0 left join products p1_0 on p1_0.id=i1_0.product_id left join categories c1_0 on c1_0.id=p1_0.category_id left join stores s2_0 on s2_0.id=p1_0.store_id where i1_0.order_id=?
Hibernate: select i1_0.order_id,i1_0.id,i1_0.price,p1_0.id,p1_0.brand,c1_0.id,c1_0.name,c1_0.store_id,p1_0.created_at,p1_0.description,p1_0.image,p1_0.mrp,p1_0.name,p1_0.selling_price,p1_0.sku,p1_0.store_id,s2_0.id,s2_0.brand,s2_0.address,s2_0.email,s2_0.phone,s2_0.created_at,s2_0.description,s2_0.status,s2_0.store_admin_id,s2_0.store_type,s2_0.updated_at,p1_0.updated_at,i1_0.quantity from order_items i1_0 left join products p1_0 on p1_0.id=i1_0.product_id left join categories c1_0 on c1_0.id=p1_0.category_id left join stores s2_0 on s2_0.id=p1_0.store_id where i1_0.order_id=?
2026-05-10T11:27:36.613+07:00 DEBUG 99967 --- [pos-system] [nio-8080-exec-7] org.hibernate.SQL                        : select sum(o1_0.total_amount) from orders o1_0 where o1_0.branch_id=? and o1_0.created_at between ? and ?
Hibernate: select sum(o1_0.total_amount) from orders o1_0 where o1_0.branch_id=? and o1_0.created_at between ? and ?
2026-05-10T11:27:36.613+07:00 DEBUG 99967 --- [pos-system] [nio-8080-exec-1] org.hibernate.SQL                        : select count(o1_0.id) from orders o1_0 where o1_0.branch_id=? and date(o1_0.created_at)=?
Hibernate: select count(o1_0.id) from orders o1_0 where o1_0.branch_id=? and date(o1_0.created_at)=?
2026-05-10T11:27:36.614+07:00 DEBUG 99967 --- [pos-system] [nio-8080-exec-1] org.hibernate.SQL                        : select count(o1_0.id) from orders o1_0 where o1_0.branch_id=? and date(o1_0.created_at)=?
Hibernate: select count(o1_0.id) from orders o1_0 where o1_0.branch_id=? and date(o1_0.created_at)=?
2026-05-10T11:27:36.614+07:00 DEBUG 99967 --- [pos-system] [nio-8080-exec-7] org.hibernate.SQL                        : select sum(o1_0.total_amount) from orders o1_0 where o1_0.branch_id=? and o1_0.created_at between ? and ?
Hibernate: select sum(o1_0.total_amount) from orders o1_0 where o1_0.branch_id=? and o1_0.created_at between ? and ?
2026-05-10T11:27:36.615+07:00 DEBUG 99967 --- [pos-system] [nio-8080-exec-7] org.hibernate.SQL                        : select sum(o1_0.total_amount) from orders o1_0 where o1_0.branch_id=? and o1_0.created_at between ? and ?
Hibernate: select sum(o1_0.total_amount) from orders o1_0 where o1_0.branch_id=? and o1_0.created_at between ? and ?
2026-05-10T11:27:36.618+07:00 DEBUG 99967 --- [pos-system] [nio-8080-exec-7] org.hibernate.SQL                        : select sum(o1_0.total_amount) from orders o1_0 where o1_0.branch_id=? and o1_0.created_at between ? and ?
Hibernate: select sum(o1_0.total_amount) from orders o1_0 where o1_0.branch_id=? and o1_0.created_at between ? and ?
2026-05-10T11:27:36.620+07:00 DEBUG 99967 --- [pos-system] [nio-8080-exec-1] org.hibernate.SQL                        : select count(distinct o1_0.cashier_id) from orders o1_0 where o1_0.branch_id=? and date(o1_0.created_at)=?
Hibernate: select count(distinct o1_0.cashier_id) from orders o1_0 where o1_0.branch_id=? and date(o1_0.created_at)=?
2026-05-10T11:27:36.624+07:00 DEBUG 99967 --- [pos-system] [nio-8080-exec-1] org.hibernate.SQL                        : select count(distinct o1_0.cashier_id) from orders o1_0 where o1_0.branch_id=? and date(o1_0.created_at)=?
Hibernate: select count(distinct o1_0.cashier_id) from orders o1_0 where o1_0.branch_id=? and date(o1_0.created_at)=?
2026-05-10T11:27:36.628+07:00 DEBUG 99967 --- [pos-system] [nio-8080-exec-1] org.hibernate.SQL                        : select count(i1_0.id) from inventories i1_0 where i1_0.branch_id=? and i1_0.quantity<=5
Hibernate: select count(i1_0.id) from inventories i1_0 where i1_0.branch_id=? and i1_0.quantity<=5
2026-05-10T11:27:40.338+07:00 DEBUG 99967 --- [pos-system] [nio-8080-exec-4] org.hibernate.SQL                        : select b1_0.id,b1_0.address,b1_0.close_time,b1_0.created_at,b1_0.email,m1_0.id,b2_0.id,b2_0.address,b2_0.close_time,b2_0.created_at,b2_0.email,b2_0.manager_id,b2_0.name,b2_0.open_time,b2_0.phone,b2_0.store_id,b2_0.updated_at,m1_0.created_at,m1_0.email,m1_0.full_name,m1_0.last_login,m1_0.password,m1_0.phone,m1_0.role,s2_0.id,s2_0.brand,s2_0.address,s2_0.email,s2_0.phone,s2_0.created_at,s2_0.description,s2_0.status,s2_0.store_admin_id,s2_0.store_type,s2_0.updated_at,m1_0.updated_at,m1_0.verified,b1_0.name,b1_0.open_time,b1_0.phone,s3_0.id,s3_0.brand,s3_0.address,s3_0.email,s3_0.phone,s3_0.created_at,s3_0.description,s3_0.status,sa2_0.id,sa2_0.branch_id,sa2_0.created_at,sa2_0.email,sa2_0.full_name,sa2_0.last_login,sa2_0.password,sa2_0.phone,sa2_0.role,sa2_0.store_id,sa2_0.updated_at,sa2_0.verified,s3_0.store_type,s3_0.updated_at,b1_0.updated_at from branches b1_0 left join users m1_0 on m1_0.id=b1_0.manager_id left join branches b2_0 on b2_0.id=m1_0.branch_id left join stores s2_0 on s2_0.id=m1_0.store_id left join stores s3_0 on s3_0.id=b1_0.store_id left join users sa2_0 on sa2_0.id=s3_0.store_admin_id where b1_0.id=?
Hibernate: select b1_0.id,b1_0.address,b1_0.close_time,b1_0.created_at,b1_0.email,m1_0.id,b2_0.id,b2_0.address,b2_0.close_time,b2_0.created_at,b2_0.email,b2_0.manager_id,b2_0.name,b2_0.open_time,b2_0.phone,b2_0.store_id,b2_0.updated_at,m1_0.created_at,m1_0.email,m1_0.full_name,m1_0.last_login,m1_0.password,m1_0.phone,m1_0.role,s2_0.id,s2_0.brand,s2_0.address,s2_0.email,s2_0.phone,s2_0.created_at,s2_0.description,s2_0.status,s2_0.store_admin_id,s2_0.store_type,s2_0.updated_at,m1_0.updated_at,m1_0.verified,b1_0.name,b1_0.open_time,b1_0.phone,s3_0.id,s3_0.brand,s3_0.address,s3_0.email,s3_0.phone,s3_0.created_at,s3_0.description,s3_0.status,sa2_0.id,sa2_0.branch_id,sa2_0.created_at,sa2_0.email,sa2_0.full_name,sa2_0.last_login,sa2_0.password,sa2_0.phone,sa2_0.role,sa2_0.store_id,sa2_0.updated_at,sa2_0.verified,s3_0.store_type,s3_0.updated_at,b1_0.updated_at from branches b1_0 left join users m1_0 on m1_0.id=b1_0.manager_id left join branches b2_0 on b2_0.id=m1_0.branch_id left join stores s2_0 on s2_0.id=m1_0.store_id left join stores s3_0 on s3_0.id=b1_0.store_id left join users sa2_0 on sa2_0.id=s3_0.store_admin_id where b1_0.id=?
2026-05-10T11:27:40.339+07:00 DEBUG 99967 --- [pos-system] [nio-8080-exec-3] org.hibernate.SQL                        : select o1_0.id,o1_0.branch_id,o1_0.cashier_id,o1_0.created_at,o1_0.customer_id,o1_0.payment_type,o1_0.status,o1_0.total_amount from orders o1_0 left join branches b1_0 on b1_0.id=o1_0.branch_id where b1_0.id=?
Hibernate: select o1_0.id,o1_0.branch_id,o1_0.cashier_id,o1_0.created_at,o1_0.customer_id,o1_0.payment_type,o1_0.status,o1_0.total_amount from orders o1_0 left join branches b1_0 on b1_0.id=o1_0.branch_id where b1_0.id=?
2026-05-10T11:27:40.348+07:00 DEBUG 99967 --- [pos-system] [nio-8080-exec-3] org.hibernate.SQL                        : select b1_0.id,b1_0.address,b1_0.close_time,b1_0.created_at,b1_0.email,m1_0.id,b2_0.id,b2_0.address,b2_0.close_time,b2_0.created_at,b2_0.email,b2_0.manager_id,b2_0.name,b2_0.open_time,b2_0.phone,b2_0.store_id,b2_0.updated_at,m1_0.created_at,m1_0.email,m1_0.full_name,m1_0.last_login,m1_0.password,m1_0.phone,m1_0.role,s2_0.id,s2_0.brand,s2_0.address,s2_0.email,s2_0.phone,s2_0.created_at,s2_0.description,s2_0.status,s2_0.store_admin_id,s2_0.store_type,s2_0.updated_at,m1_0.updated_at,m1_0.verified,b1_0.name,b1_0.open_time,b1_0.phone,s3_0.id,s3_0.brand,s3_0.address,s3_0.email,s3_0.phone,s3_0.created_at,s3_0.description,s3_0.status,sa2_0.id,sa2_0.branch_id,sa2_0.created_at,sa2_0.email,sa2_0.full_name,sa2_0.last_login,sa2_0.password,sa2_0.phone,sa2_0.role,sa2_0.store_id,sa2_0.updated_at,sa2_0.verified,s3_0.store_type,s3_0.updated_at,b1_0.updated_at from branches b1_0 left join users m1_0 on m1_0.id=b1_0.manager_id left join branches b2_0 on b2_0.id=m1_0.branch_id left join stores s2_0 on s2_0.id=m1_0.store_id left join stores s3_0 on s3_0.id=b1_0.store_id left join users sa2_0 on sa2_0.id=s3_0.store_admin_id where b1_0.id=?
Hibernate: select b1_0.id,b1_0.address,b1_0.close_time,b1_0.created_at,b1_0.email,m1_0.id,b2_0.id,b2_0.address,b2_0.close_time,b2_0.created_at,b2_0.email,b2_0.manager_id,b2_0.name,b2_0.open_time,b2_0.phone,b2_0.store_id,b2_0.updated_at,m1_0.created_at,m1_0.email,m1_0.full_name,m1_0.last_login,m1_0.password,m1_0.phone,m1_0.role,s2_0.id,s2_0.brand,s2_0.address,s2_0.email,s2_0.phone,s2_0.created_at,s2_0.description,s2_0.status,s2_0.store_admin_id,s2_0.store_type,s2_0.updated_at,m1_0.updated_at,m1_0.verified,b1_0.name,b1_0.open_time,b1_0.phone,s3_0.id,s3_0.brand,s3_0.address,s3_0.email,s3_0.phone,s3_0.created_at,s3_0.description,s3_0.status,sa2_0.id,sa2_0.branch_id,sa2_0.created_at,sa2_0.email,sa2_0.full_name,sa2_0.last_login,sa2_0.password,sa2_0.phone,sa2_0.role,sa2_0.store_id,sa2_0.updated_at,sa2_0.verified,s3_0.store_type,s3_0.updated_at,b1_0.updated_at from branches b1_0 left join users m1_0 on m1_0.id=b1_0.manager_id left join branches b2_0 on b2_0.id=m1_0.branch_id left join stores s2_0 on s2_0.id=m1_0.store_id left join stores s3_0 on s3_0.id=b1_0.store_id left join users sa2_0 on sa2_0.id=s3_0.store_admin_id where b1_0.id=?
2026-05-10T11:27:40.351+07:00 DEBUG 99967 --- [pos-system] [nio-8080-exec-3] org.hibernate.SQL                        : select u1_0.id,b1_0.id,b1_0.address,b1_0.close_time,b1_0.created_at,b1_0.email,m1_0.id,m1_0.branch_id,m1_0.created_at,m1_0.email,m1_0.full_name,m1_0.last_login,m1_0.password,m1_0.phone,m1_0.role,m1_0.store_id,m1_0.updated_at,m1_0.verified,b1_0.name,b1_0.open_time,b1_0.phone,s2_0.id,s2_0.brand,s2_0.address,s2_0.email,s2_0.phone,s2_0.created_at,s2_0.description,s2_0.status,s2_0.store_admin_id,s2_0.store_type,s2_0.updated_at,b1_0.updated_at,u1_0.created_at,u1_0.email,u1_0.full_name,u1_0.last_login,u1_0.password,u1_0.phone,u1_0.role,s3_0.id,s3_0.brand,s3_0.address,s3_0.email,s3_0.phone,s3_0.created_at,s3_0.description,s3_0.status,sa2_0.id,sa2_0.branch_id,sa2_0.created_at,sa2_0.email,sa2_0.full_name,sa2_0.last_login,sa2_0.password,sa2_0.phone,sa2_0.role,sa2_0.store_id,sa2_0.updated_at,sa2_0.verified,s3_0.store_type,s3_0.updated_at,u1_0.updated_at,u1_0.verified from users u1_0 left join branches b1_0 on b1_0.id=u1_0.branch_id left join users m1_0 on m1_0.id=b1_0.manager_id left join stores s2_0 on s2_0.id=b1_0.store_id left join stores s3_0 on s3_0.id=u1_0.store_id left join users sa2_0 on sa2_0.id=s3_0.store_admin_id where u1_0.id=?
Hibernate: select u1_0.id,b1_0.id,b1_0.address,b1_0.close_time,b1_0.created_at,b1_0.email,m1_0.id,m1_0.branch_id,m1_0.created_at,m1_0.email,m1_0.full_name,m1_0.last_login,m1_0.password,m1_0.phone,m1_0.role,m1_0.store_id,m1_0.updated_at,m1_0.verified,b1_0.name,b1_0.open_time,b1_0.phone,s2_0.id,s2_0.brand,s2_0.address,s2_0.email,s2_0.phone,s2_0.created_at,s2_0.description,s2_0.status,s2_0.store_admin_id,s2_0.store_type,s2_0.updated_at,b1_0.updated_at,u1_0.created_at,u1_0.email,u1_0.full_name,u1_0.last_login,u1_0.password,u1_0.phone,u1_0.role,s3_0.id,s3_0.brand,s3_0.address,s3_0.email,s3_0.phone,s3_0.created_at,s3_0.description,s3_0.status,sa2_0.id,sa2_0.branch_id,sa2_0.created_at,sa2_0.email,sa2_0.full_name,sa2_0.last_login,sa2_0.password,sa2_0.phone,sa2_0.role,sa2_0.store_id,sa2_0.updated_at,sa2_0.verified,s3_0.store_type,s3_0.updated_at,u1_0.updated_at,u1_0.verified from users u1_0 left join branches b1_0 on b1_0.id=u1_0.branch_id left join users m1_0 on m1_0.id=b1_0.manager_id left join stores s2_0 on s2_0.id=b1_0.store_id left join stores s3_0 on s3_0.id=u1_0.store_id left join users sa2_0 on sa2_0.id=s3_0.store_admin_id where u1_0.id=?
2026-05-10T11:27:40.354+07:00 DEBUG 99967 --- [pos-system] [nio-8080-exec-3] org.hibernate.SQL                        : select c1_0.id,c1_0.created_at,c1_0.email,c1_0.full_name,c1_0.phone,c1_0.updated_at from customer c1_0 where c1_0.id=?
Hibernate: select c1_0.id,c1_0.created_at,c1_0.email,c1_0.full_name,c1_0.phone,c1_0.updated_at from customer c1_0 where c1_0.id=?
2026-05-10T11:27:40.354+07:00 DEBUG 99967 --- [pos-system] [nio-8080-exec-4] org.hibernate.SQL                        : select u1_0.id,u1_0.branch_id,u1_0.created_at,u1_0.email,u1_0.full_name,u1_0.last_login,u1_0.password,u1_0.phone,u1_0.role,u1_0.store_id,u1_0.updated_at,u1_0.verified from users u1_0 left join branches b1_0 on b1_0.id=u1_0.branch_id where b1_0.id=?
Hibernate: select u1_0.id,u1_0.branch_id,u1_0.created_at,u1_0.email,u1_0.full_name,u1_0.last_login,u1_0.password,u1_0.phone,u1_0.role,u1_0.store_id,u1_0.updated_at,u1_0.verified from users u1_0 left join branches b1_0 on b1_0.id=u1_0.branch_id where b1_0.id=?
2026-05-10T11:27:40.358+07:00 DEBUG 99967 --- [pos-system] [nio-8080-exec-3] org.hibernate.SQL                        : select i1_0.order_id,i1_0.id,i1_0.price,p1_0.id,p1_0.brand,c1_0.id,c1_0.name,c1_0.store_id,p1_0.created_at,p1_0.description,p1_0.image,p1_0.mrp,p1_0.name,p1_0.selling_price,p1_0.sku,p1_0.store_id,s2_0.id,s2_0.brand,s2_0.address,s2_0.email,s2_0.phone,s2_0.created_at,s2_0.description,s2_0.status,s2_0.store_admin_id,s2_0.store_type,s2_0.updated_at,p1_0.updated_at,i1_0.quantity from order_items i1_0 left join products p1_0 on p1_0.id=i1_0.product_id left join categories c1_0 on c1_0.id=p1_0.category_id left join stores s2_0 on s2_0.id=p1_0.store_id where i1_0.order_id=?
Hibernate: select i1_0.order_id,i1_0.id,i1_0.price,p1_0.id,p1_0.brand,c1_0.id,c1_0.name,c1_0.store_id,p1_0.created_at,p1_0.description,p1_0.image,p1_0.mrp,p1_0.name,p1_0.selling_price,p1_0.sku,p1_0.store_id,s2_0.id,s2_0.brand,s2_0.address,s2_0.email,s2_0.phone,s2_0.created_at,s2_0.description,s2_0.status,s2_0.store_admin_id,s2_0.store_type,s2_0.updated_at,p1_0.updated_at,i1_0.quantity from order_items i1_0 left join products p1_0 on p1_0.id=i1_0.product_id left join categories c1_0 on c1_0.id=p1_0.category_id left join stores s2_0 on s2_0.id=p1_0.store_id where i1_0.order_id=?
2026-05-10T11:27:40.368+07:00 DEBUG 99967 --- [pos-system] [nio-8080-exec-4] org.hibernate.SQL                        : select wd1_0.branch_id,wd1_0.working_days from branch_working_days wd1_0 where wd1_0.branch_id=?
Hibernate: select wd1_0.branch_id,wd1_0.working_days from branch_working_days wd1_0 where wd1_0.branch_id=?
2026-05-10T11:27:40.370+07:00 DEBUG 99967 --- [pos-system] [nio-8080-exec-3] org.hibernate.SQL                        : select o1_0.id,o1_0.branch_id,o1_0.cashier_id,o1_0.created_at,o1_0.customer_id,o1_0.payment_type,o1_0.status,o1_0.total_amount from orders o1_0 left join branches b1_0 on b1_0.id=o1_0.branch_id where b1_0.id=?
Hibernate: select o1_0.id,o1_0.branch_id,o1_0.cashier_id,o1_0.created_at,o1_0.customer_id,o1_0.payment_type,o1_0.status,o1_0.total_amount from orders o1_0 left join branches b1_0 on b1_0.id=o1_0.branch_id where b1_0.id=?
2026-05-10T11:27:40.371+07:00 DEBUG 99967 --- [pos-system] [nio-8080-exec-3] org.hibernate.SQL                        : select b1_0.id,b1_0.address,b1_0.close_time,b1_0.created_at,b1_0.email,m1_0.id,b2_0.id,b2_0.address,b2_0.close_time,b2_0.created_at,b2_0.email,b2_0.manager_id,b2_0.name,b2_0.open_time,b2_0.phone,b2_0.store_id,b2_0.updated_at,m1_0.created_at,m1_0.email,m1_0.full_name,m1_0.last_login,m1_0.password,m1_0.phone,m1_0.role,s2_0.id,s2_0.brand,s2_0.address,s2_0.email,s2_0.phone,s2_0.created_at,s2_0.description,s2_0.status,s2_0.store_admin_id,s2_0.store_type,s2_0.updated_at,m1_0.updated_at,m1_0.verified,b1_0.name,b1_0.open_time,b1_0.phone,s3_0.id,s3_0.brand,s3_0.address,s3_0.email,s3_0.phone,s3_0.created_at,s3_0.description,s3_0.status,sa2_0.id,sa2_0.branch_id,sa2_0.created_at,sa2_0.email,sa2_0.full_name,sa2_0.last_login,sa2_0.password,sa2_0.phone,sa2_0.role,sa2_0.store_id,sa2_0.updated_at,sa2_0.verified,s3_0.store_type,s3_0.updated_at,b1_0.updated_at from branches b1_0 left join users m1_0 on m1_0.id=b1_0.manager_id left join branches b2_0 on b2_0.id=m1_0.branch_id left join stores s2_0 on s2_0.id=m1_0.store_id left join stores s3_0 on s3_0.id=b1_0.store_id left join users sa2_0 on sa2_0.id=s3_0.store_admin_id where b1_0.id=?
Hibernate: select b1_0.id,b1_0.address,b1_0.close_time,b1_0.created_at,b1_0.email,m1_0.id,b2_0.id,b2_0.address,b2_0.close_time,b2_0.created_at,b2_0.email,b2_0.manager_id,b2_0.name,b2_0.open_time,b2_0.phone,b2_0.store_id,b2_0.updated_at,m1_0.created_at,m1_0.email,m1_0.full_name,m1_0.last_login,m1_0.password,m1_0.phone,m1_0.role,s2_0.id,s2_0.brand,s2_0.address,s2_0.email,s2_0.phone,s2_0.created_at,s2_0.description,s2_0.status,s2_0.store_admin_id,s2_0.store_type,s2_0.updated_at,m1_0.updated_at,m1_0.verified,b1_0.name,b1_0.open_time,b1_0.phone,s3_0.id,s3_0.brand,s3_0.address,s3_0.email,s3_0.phone,s3_0.created_at,s3_0.description,s3_0.status,sa2_0.id,sa2_0.branch_id,sa2_0.created_at,sa2_0.email,sa2_0.full_name,sa2_0.last_login,sa2_0.password,sa2_0.phone,sa2_0.role,sa2_0.store_id,sa2_0.updated_at,sa2_0.verified,s3_0.store_type,s3_0.updated_at,b1_0.updated_at from branches b1_0 left join users m1_0 on m1_0.id=b1_0.manager_id left join branches b2_0 on b2_0.id=m1_0.branch_id left join stores s2_0 on s2_0.id=m1_0.store_id left join stores s3_0 on s3_0.id=b1_0.store_id left join users sa2_0 on sa2_0.id=s3_0.store_admin_id where b1_0.id=?
2026-05-10T11:27:40.373+07:00 DEBUG 99967 --- [pos-system] [nio-8080-exec-3] org.hibernate.SQL                        : select u1_0.id,b1_0.id,b1_0.address,b1_0.close_time,b1_0.created_at,b1_0.email,m1_0.id,m1_0.branch_id,m1_0.created_at,m1_0.email,m1_0.full_name,m1_0.last_login,m1_0.password,m1_0.phone,m1_0.role,m1_0.store_id,m1_0.updated_at,m1_0.verified,b1_0.name,b1_0.open_time,b1_0.phone,s2_0.id,s2_0.brand,s2_0.address,s2_0.email,s2_0.phone,s2_0.created_at,s2_0.description,s2_0.status,s2_0.store_admin_id,s2_0.store_type,s2_0.updated_at,b1_0.updated_at,u1_0.created_at,u1_0.email,u1_0.full_name,u1_0.last_login,u1_0.password,u1_0.phone,u1_0.role,s3_0.id,s3_0.brand,s3_0.address,s3_0.email,s3_0.phone,s3_0.created_at,s3_0.description,s3_0.status,sa2_0.id,sa2_0.branch_id,sa2_0.created_at,sa2_0.email,sa2_0.full_name,sa2_0.last_login,sa2_0.password,sa2_0.phone,sa2_0.role,sa2_0.store_id,sa2_0.updated_at,sa2_0.verified,s3_0.store_type,s3_0.updated_at,u1_0.updated_at,u1_0.verified from users u1_0 left join branches b1_0 on b1_0.id=u1_0.branch_id left join users m1_0 on m1_0.id=b1_0.manager_id left join stores s2_0 on s2_0.id=b1_0.store_id left join stores s3_0 on s3_0.id=u1_0.store_id left join users sa2_0 on sa2_0.id=s3_0.store_admin_id where u1_0.id=?
Hibernate: select u1_0.id,b1_0.id,b1_0.address,b1_0.close_time,b1_0.created_at,b1_0.email,m1_0.id,m1_0.branch_id,m1_0.created_at,m1_0.email,m1_0.full_name,m1_0.last_login,m1_0.password,m1_0.phone,m1_0.role,m1_0.store_id,m1_0.updated_at,m1_0.verified,b1_0.name,b1_0.open_time,b1_0.phone,s2_0.id,s2_0.brand,s2_0.address,s2_0.email,s2_0.phone,s2_0.created_at,s2_0.description,s2_0.status,s2_0.store_admin_id,s2_0.store_type,s2_0.updated_at,b1_0.updated_at,u1_0.created_at,u1_0.email,u1_0.full_name,u1_0.last_login,u1_0.password,u1_0.phone,u1_0.role,s3_0.id,s3_0.brand,s3_0.address,s3_0.email,s3_0.phone,s3_0.created_at,s3_0.description,s3_0.status,sa2_0.id,sa2_0.branch_id,sa2_0.created_at,sa2_0.email,sa2_0.full_name,sa2_0.last_login,sa2_0.password,sa2_0.phone,sa2_0.role,sa2_0.store_id,sa2_0.updated_at,sa2_0.verified,s3_0.store_type,s3_0.updated_at,u1_0.updated_at,u1_0.verified from users u1_0 left join branches b1_0 on b1_0.id=u1_0.branch_id left join users m1_0 on m1_0.id=b1_0.manager_id left join stores s2_0 on s2_0.id=b1_0.store_id left join stores s3_0 on s3_0.id=u1_0.store_id left join users sa2_0 on sa2_0.id=s3_0.store_admin_id where u1_0.id=?
2026-05-10T11:27:40.373+07:00 DEBUG 99967 --- [pos-system] [nio-8080-exec-5] org.hibernate.SQL                        : select b1_0.id,b1_0.address,b1_0.close_time,b1_0.created_at,b1_0.email,m1_0.id,b2_0.id,b2_0.address,b2_0.close_time,b2_0.created_at,b2_0.email,b2_0.manager_id,b2_0.name,b2_0.open_time,b2_0.phone,b2_0.store_id,b2_0.updated_at,m1_0.created_at,m1_0.email,m1_0.full_name,m1_0.last_login,m1_0.password,m1_0.phone,m1_0.role,s2_0.id,s2_0.brand,s2_0.address,s2_0.email,s2_0.phone,s2_0.created_at,s2_0.description,s2_0.status,s2_0.store_admin_id,s2_0.store_type,s2_0.updated_at,m1_0.updated_at,m1_0.verified,b1_0.name,b1_0.open_time,b1_0.phone,s3_0.id,s3_0.brand,s3_0.address,s3_0.email,s3_0.phone,s3_0.created_at,s3_0.description,s3_0.status,sa2_0.id,sa2_0.branch_id,sa2_0.created_at,sa2_0.email,sa2_0.full_name,sa2_0.last_login,sa2_0.password,sa2_0.phone,sa2_0.role,sa2_0.store_id,sa2_0.updated_at,sa2_0.verified,s3_0.store_type,s3_0.updated_at,b1_0.updated_at from branches b1_0 left join users m1_0 on m1_0.id=b1_0.manager_id left join branches b2_0 on b2_0.id=m1_0.branch_id left join stores s2_0 on s2_0.id=m1_0.store_id left join stores s3_0 on s3_0.id=b1_0.store_id left join users sa2_0 on sa2_0.id=s3_0.store_admin_id where b1_0.id=?
Hibernate: select b1_0.id,b1_0.address,b1_0.close_time,b1_0.created_at,b1_0.email,m1_0.id,b2_0.id,b2_0.address,b2_0.close_time,b2_0.created_at,b2_0.email,b2_0.manager_id,b2_0.name,b2_0.open_time,b2_0.phone,b2_0.store_id,b2_0.updated_at,m1_0.created_at,m1_0.email,m1_0.full_name,m1_0.last_login,m1_0.password,m1_0.phone,m1_0.role,s2_0.id,s2_0.brand,s2_0.address,s2_0.email,s2_0.phone,s2_0.created_at,s2_0.description,s2_0.status,s2_0.store_admin_id,s2_0.store_type,s2_0.updated_at,m1_0.updated_at,m1_0.verified,b1_0.name,b1_0.open_time,b1_0.phone,s3_0.id,s3_0.brand,s3_0.address,s3_0.email,s3_0.phone,s3_0.created_at,s3_0.description,s3_0.status,sa2_0.id,sa2_0.branch_id,sa2_0.created_at,sa2_0.email,sa2_0.full_name,sa2_0.last_login,sa2_0.password,sa2_0.phone,sa2_0.role,sa2_0.store_id,sa2_0.updated_at,sa2_0.verified,s3_0.store_type,s3_0.updated_at,b1_0.updated_at from branches b1_0 left join users m1_0 on m1_0.id=b1_0.manager_id left join branches b2_0 on b2_0.id=m1_0.branch_id left join stores s2_0 on s2_0.id=m1_0.store_id left join stores s3_0 on s3_0.id=b1_0.store_id left join users sa2_0 on sa2_0.id=s3_0.store_admin_id where b1_0.id=?
2026-05-10T11:27:40.374+07:00 DEBUG 99967 --- [pos-system] [nio-8080-exec-3] org.hibernate.SQL                        : select c1_0.id,c1_0.created_at,c1_0.email,c1_0.full_name,c1_0.phone,c1_0.updated_at from customer c1_0 where c1_0.id=?
Hibernate: select c1_0.id,c1_0.created_at,c1_0.email,c1_0.full_name,c1_0.phone,c1_0.updated_at from customer c1_0 where c1_0.id=?
2026-05-10T11:27:40.375+07:00 DEBUG 99967 --- [pos-system] [nio-8080-exec-3] org.hibernate.SQL                        : select i1_0.order_id,i1_0.id,i1_0.price,p1_0.id,p1_0.brand,c1_0.id,c1_0.name,c1_0.store_id,p1_0.created_at,p1_0.description,p1_0.image,p1_0.mrp,p1_0.name,p1_0.selling_price,p1_0.sku,p1_0.store_id,s2_0.id,s2_0.brand,s2_0.address,s2_0.email,s2_0.phone,s2_0.created_at,s2_0.description,s2_0.status,s2_0.store_admin_id,s2_0.store_type,s2_0.updated_at,p1_0.updated_at,i1_0.quantity from order_items i1_0 left join products p1_0 on p1_0.id=i1_0.product_id left join categories c1_0 on c1_0.id=p1_0.category_id left join stores s2_0 on s2_0.id=p1_0.store_id where i1_0.order_id=?
Hibernate: select i1_0.order_id,i1_0.id,i1_0.price,p1_0.id,p1_0.brand,c1_0.id,c1_0.name,c1_0.store_id,p1_0.created_at,p1_0.description,p1_0.image,p1_0.mrp,p1_0.name,p1_0.selling_price,p1_0.sku,p1_0.store_id,s2_0.id,s2_0.brand,s2_0.address,s2_0.email,s2_0.phone,s2_0.created_at,s2_0.description,s2_0.status,s2_0.store_admin_id,s2_0.store_type,s2_0.updated_at,p1_0.updated_at,i1_0.quantity from order_items i1_0 left join products p1_0 on p1_0.id=i1_0.product_id left join categories c1_0 on c1_0.id=p1_0.category_id left join stores s2_0 on s2_0.id=p1_0.store_id where i1_0.order_id=?
2026-05-10T11:27:40.376+07:00 DEBUG 99967 --- [pos-system] [nio-8080-exec-5] org.hibernate.SQL                        : select u1_0.id,u1_0.branch_id,u1_0.created_at,u1_0.email,u1_0.full_name,u1_0.last_login,u1_0.password,u1_0.phone,u1_0.role,u1_0.store_id,u1_0.updated_at,u1_0.verified from users u1_0 left join branches b1_0 on b1_0.id=u1_0.branch_id where b1_0.id=?
Hibernate: select u1_0.id,u1_0.branch_id,u1_0.created_at,u1_0.email,u1_0.full_name,u1_0.last_login,u1_0.password,u1_0.phone,u1_0.role,u1_0.store_id,u1_0.updated_at,u1_0.verified from users u1_0 left join branches b1_0 on b1_0.id=u1_0.branch_id where b1_0.id=?
2026-05-10T11:27:40.377+07:00 DEBUG 99967 --- [pos-system] [nio-8080-exec-5] org.hibernate.SQL                        : select wd1_0.branch_id,wd1_0.working_days from branch_working_days wd1_0 where wd1_0.branch_id=?
Hibernate: select wd1_0.branch_id,wd1_0.working_days from branch_working_days wd1_0 where wd1_0.branch_id=?
2026-05-10T11:27:40.380+07:00 DEBUG 99967 --- [pos-system] [nio-8080-exec-9] org.hibernate.SQL                        : select o1_0.id,o1_0.branch_id,o1_0.cashier_id,o1_0.created_at,o1_0.customer_id,o1_0.payment_type,o1_0.status,o1_0.total_amount from orders o1_0 left join branches b1_0 on b1_0.id=o1_0.branch_id where b1_0.id=?
Hibernate: select o1_0.id,o1_0.branch_id,o1_0.cashier_id,o1_0.created_at,o1_0.customer_id,o1_0.payment_type,o1_0.status,o1_0.total_amount from orders o1_0 left join branches b1_0 on b1_0.id=o1_0.branch_id where b1_0.id=?
2026-05-10T11:27:40.383+07:00 DEBUG 99967 --- [pos-system] [nio-8080-exec-9] org.hibernate.SQL                        : select b1_0.id,b1_0.address,b1_0.close_time,b1_0.created_at,b1_0.email,m1_0.id,b2_0.id,b2_0.address,b2_0.close_time,b2_0.created_at,b2_0.email,b2_0.manager_id,b2_0.name,b2_0.open_time,b2_0.phone,b2_0.store_id,b2_0.updated_at,m1_0.created_at,m1_0.email,m1_0.full_name,m1_0.last_login,m1_0.password,m1_0.phone,m1_0.role,s2_0.id,s2_0.brand,s2_0.address,s2_0.email,s2_0.phone,s2_0.created_at,s2_0.description,s2_0.status,s2_0.store_admin_id,s2_0.store_type,s2_0.updated_at,m1_0.updated_at,m1_0.verified,b1_0.name,b1_0.open_time,b1_0.phone,s3_0.id,s3_0.brand,s3_0.address,s3_0.email,s3_0.phone,s3_0.created_at,s3_0.description,s3_0.status,sa2_0.id,sa2_0.branch_id,sa2_0.created_at,sa2_0.email,sa2_0.full_name,sa2_0.last_login,sa2_0.password,sa2_0.phone,sa2_0.role,sa2_0.store_id,sa2_0.updated_at,sa2_0.verified,s3_0.store_type,s3_0.updated_at,b1_0.updated_at from branches b1_0 left join users m1_0 on m1_0.id=b1_0.manager_id left join branches b2_0 on b2_0.id=m1_0.branch_id left join stores s2_0 on s2_0.id=m1_0.store_id left join stores s3_0 on s3_0.id=b1_0.store_id left join users sa2_0 on sa2_0.id=s3_0.store_admin_id where b1_0.id=?
Hibernate: select b1_0.id,b1_0.address,b1_0.close_time,b1_0.created_at,b1_0.email,m1_0.id,b2_0.id,b2_0.address,b2_0.close_time,b2_0.created_at,b2_0.email,b2_0.manager_id,b2_0.name,b2_0.open_time,b2_0.phone,b2_0.store_id,b2_0.updated_at,m1_0.created_at,m1_0.email,m1_0.full_name,m1_0.last_login,m1_0.password,m1_0.phone,m1_0.role,s2_0.id,s2_0.brand,s2_0.address,s2_0.email,s2_0.phone,s2_0.created_at,s2_0.description,s2_0.status,s2_0.store_admin_id,s2_0.store_type,s2_0.updated_at,m1_0.updated_at,m1_0.verified,b1_0.name,b1_0.open_time,b1_0.phone,s3_0.id,s3_0.brand,s3_0.address,s3_0.email,s3_0.phone,s3_0.created_at,s3_0.description,s3_0.status,sa2_0.id,sa2_0.branch_id,sa2_0.created_at,sa2_0.email,sa2_0.full_name,sa2_0.last_login,sa2_0.password,sa2_0.phone,sa2_0.role,sa2_0.store_id,sa2_0.updated_at,sa2_0.verified,s3_0.store_type,s3_0.updated_at,b1_0.updated_at from branches b1_0 left join users m1_0 on m1_0.id=b1_0.manager_id left join branches b2_0 on b2_0.id=m1_0.branch_id left join stores s2_0 on s2_0.id=m1_0.store_id left join stores s3_0 on s3_0.id=b1_0.store_id left join users sa2_0 on sa2_0.id=s3_0.store_admin_id where b1_0.id=?
2026-05-10T11:27:40.385+07:00 DEBUG 99967 --- [pos-system] [nio-8080-exec-9] org.hibernate.SQL                        : select u1_0.id,b1_0.id,b1_0.address,b1_0.close_time,b1_0.created_at,b1_0.email,m1_0.id,m1_0.branch_id,m1_0.created_at,m1_0.email,m1_0.full_name,m1_0.last_login,m1_0.password,m1_0.phone,m1_0.role,m1_0.store_id,m1_0.updated_at,m1_0.verified,b1_0.name,b1_0.open_time,b1_0.phone,s2_0.id,s2_0.brand,s2_0.address,s2_0.email,s2_0.phone,s2_0.created_at,s2_0.description,s2_0.status,s2_0.store_admin_id,s2_0.store_type,s2_0.updated_at,b1_0.updated_at,u1_0.created_at,u1_0.email,u1_0.full_name,u1_0.last_login,u1_0.password,u1_0.phone,u1_0.role,s3_0.id,s3_0.brand,s3_0.address,s3_0.email,s3_0.phone,s3_0.created_at,s3_0.description,s3_0.status,sa2_0.id,sa2_0.branch_id,sa2_0.created_at,sa2_0.email,sa2_0.full_name,sa2_0.last_login,sa2_0.password,sa2_0.phone,sa2_0.role,sa2_0.store_id,sa2_0.updated_at,sa2_0.verified,s3_0.store_type,s3_0.updated_at,u1_0.updated_at,u1_0.verified from users u1_0 left join branches b1_0 on b1_0.id=u1_0.branch_id left join users m1_0 on m1_0.id=b1_0.manager_id left join stores s2_0 on s2_0.id=b1_0.store_id left join stores s3_0 on s3_0.id=u1_0.store_id left join users sa2_0 on sa2_0.id=s3_0.store_admin_id where u1_0.id=?
Hibernate: select u1_0.id,b1_0.id,b1_0.address,b1_0.close_time,b1_0.created_at,b1_0.email,m1_0.id,m1_0.branch_id,m1_0.created_at,m1_0.email,m1_0.full_name,m1_0.last_login,m1_0.password,m1_0.phone,m1_0.role,m1_0.store_id,m1_0.updated_at,m1_0.verified,b1_0.name,b1_0.open_time,b1_0.phone,s2_0.id,s2_0.brand,s2_0.address,s2_0.email,s2_0.phone,s2_0.created_at,s2_0.description,s2_0.status,s2_0.store_admin_id,s2_0.store_type,s2_0.updated_at,b1_0.updated_at,u1_0.created_at,u1_0.email,u1_0.full_name,u1_0.last_login,u1_0.password,u1_0.phone,u1_0.role,s3_0.id,s3_0.brand,s3_0.address,s3_0.email,s3_0.phone,s3_0.created_at,s3_0.description,s3_0.status,sa2_0.id,sa2_0.branch_id,sa2_0.created_at,sa2_0.email,sa2_0.full_name,sa2_0.last_login,sa2_0.password,sa2_0.phone,sa2_0.role,sa2_0.store_id,sa2_0.updated_at,sa2_0.verified,s3_0.store_type,s3_0.updated_at,u1_0.updated_at,u1_0.verified from users u1_0 left join branches b1_0 on b1_0.id=u1_0.branch_id left join users m1_0 on m1_0.id=b1_0.manager_id left join stores s2_0 on s2_0.id=b1_0.store_id left join stores s3_0 on s3_0.id=u1_0.store_id left join users sa2_0 on sa2_0.id=s3_0.store_admin_id where u1_0.id=?
2026-05-10T11:27:40.386+07:00 DEBUG 99967 --- [pos-system] [nio-8080-exec-9] org.hibernate.SQL                        : select c1_0.id,c1_0.created_at,c1_0.email,c1_0.full_name,c1_0.phone,c1_0.updated_at from customer c1_0 where c1_0.id=?
Hibernate: select c1_0.id,c1_0.created_at,c1_0.email,c1_0.full_name,c1_0.phone,c1_0.updated_at from customer c1_0 where c1_0.id=?
2026-05-10T11:27:40.387+07:00 DEBUG 99967 --- [pos-system] [nio-8080-exec-9] org.hibernate.SQL                        : select i1_0.order_id,i1_0.id,i1_0.price,p1_0.id,p1_0.brand,c1_0.id,c1_0.name,c1_0.store_id,p1_0.created_at,p1_0.description,p1_0.image,p1_0.mrp,p1_0.name,p1_0.selling_price,p1_0.sku,p1_0.store_id,s2_0.id,s2_0.brand,s2_0.address,s2_0.email,s2_0.phone,s2_0.created_at,s2_0.description,s2_0.status,s2_0.store_admin_id,s2_0.store_type,s2_0.updated_at,p1_0.updated_at,i1_0.quantity from order_items i1_0 left join products p1_0 on p1_0.id=i1_0.product_id left join categories c1_0 on c1_0.id=p1_0.category_id left join stores s2_0 on s2_0.id=p1_0.store_id where i1_0.order_id=?
Hibernate: select i1_0.order_id,i1_0.id,i1_0.price,p1_0.id,p1_0.brand,c1_0.id,c1_0.name,c1_0.store_id,p1_0.created_at,p1_0.description,p1_0.image,p1_0.mrp,p1_0.name,p1_0.selling_price,p1_0.sku,p1_0.store_id,s2_0.id,s2_0.brand,s2_0.address,s2_0.email,s2_0.phone,s2_0.created_at,s2_0.description,s2_0.status,s2_0.store_admin_id,s2_0.store_type,s2_0.updated_at,p1_0.updated_at,i1_0.quantity from order_items i1_0 left join products p1_0 on p1_0.id=i1_0.product_id left join categories c1_0 on c1_0.id=p1_0.category_id left join stores s2_0 on s2_0.id=p1_0.store_id where i1_0.order_id=?
2026-05-10T11:27:40.392+07:00 DEBUG 99967 --- [pos-system] [nio-8080-exec-8] org.hibernate.SQL                        : select o1_0.id,o1_0.branch_id,o1_0.cashier_id,o1_0.created_at,o1_0.customer_id,o1_0.payment_type,o1_0.status,o1_0.total_amount from orders o1_0 left join branches b1_0 on b1_0.id=o1_0.branch_id where b1_0.id=?
Hibernate: select o1_0.id,o1_0.branch_id,o1_0.cashier_id,o1_0.created_at,o1_0.customer_id,o1_0.payment_type,o1_0.status,o1_0.total_amount from orders o1_0 left join branches b1_0 on b1_0.id=o1_0.branch_id where b1_0.id=?
2026-05-10T11:27:40.394+07:00 DEBUG 99967 --- [pos-system] [nio-8080-exec-8] org.hibernate.SQL                        : select b1_0.id,b1_0.address,b1_0.close_time,b1_0.created_at,b1_0.email,m1_0.id,b2_0.id,b2_0.address,b2_0.close_time,b2_0.created_at,b2_0.email,b2_0.manager_id,b2_0.name,b2_0.open_time,b2_0.phone,b2_0.store_id,b2_0.updated_at,m1_0.created_at,m1_0.email,m1_0.full_name,m1_0.last_login,m1_0.password,m1_0.phone,m1_0.role,s2_0.id,s2_0.brand,s2_0.address,s2_0.email,s2_0.phone,s2_0.created_at,s2_0.description,s2_0.status,s2_0.store_admin_id,s2_0.store_type,s2_0.updated_at,m1_0.updated_at,m1_0.verified,b1_0.name,b1_0.open_time,b1_0.phone,s3_0.id,s3_0.brand,s3_0.address,s3_0.email,s3_0.phone,s3_0.created_at,s3_0.description,s3_0.status,sa2_0.id,sa2_0.branch_id,sa2_0.created_at,sa2_0.email,sa2_0.full_name,sa2_0.last_login,sa2_0.password,sa2_0.phone,sa2_0.role,sa2_0.store_id,sa2_0.updated_at,sa2_0.verified,s3_0.store_type,s3_0.updated_at,b1_0.updated_at from branches b1_0 left join users m1_0 on m1_0.id=b1_0.manager_id left join branches b2_0 on b2_0.id=m1_0.branch_id left join stores s2_0 on s2_0.id=m1_0.store_id left join stores s3_0 on s3_0.id=b1_0.store_id left join users sa2_0 on sa2_0.id=s3_0.store_admin_id where b1_0.id=?
Hibernate: select b1_0.id,b1_0.address,b1_0.close_time,b1_0.created_at,b1_0.email,m1_0.id,b2_0.id,b2_0.address,b2_0.close_time,b2_0.created_at,b2_0.email,b2_0.manager_id,b2_0.name,b2_0.open_time,b2_0.phone,b2_0.store_id,b2_0.updated_at,m1_0.created_at,m1_0.email,m1_0.full_name,m1_0.last_login,m1_0.password,m1_0.phone,m1_0.role,s2_0.id,s2_0.brand,s2_0.address,s2_0.email,s2_0.phone,s2_0.created_at,s2_0.description,s2_0.status,s2_0.store_admin_id,s2_0.store_type,s2_0.updated_at,m1_0.updated_at,m1_0.verified,b1_0.name,b1_0.open_time,b1_0.phone,s3_0.id,s3_0.brand,s3_0.address,s3_0.email,s3_0.phone,s3_0.created_at,s3_0.description,s3_0.status,sa2_0.id,sa2_0.branch_id,sa2_0.created_at,sa2_0.email,sa2_0.full_name,sa2_0.last_login,sa2_0.password,sa2_0.phone,sa2_0.role,sa2_0.store_id,sa2_0.updated_at,sa2_0.verified,s3_0.store_type,s3_0.updated_at,b1_0.updated_at from branches b1_0 left join users m1_0 on m1_0.id=b1_0.manager_id left join branches b2_0 on b2_0.id=m1_0.branch_id left join stores s2_0 on s2_0.id=m1_0.store_id left join stores s3_0 on s3_0.id=b1_0.store_id left join users sa2_0 on sa2_0.id=s3_0.store_admin_id where b1_0.id=?
2026-05-10T11:27:40.395+07:00 DEBUG 99967 --- [pos-system] [nio-8080-exec-8] org.hibernate.SQL                        : select u1_0.id,b1_0.id,b1_0.address,b1_0.close_time,b1_0.created_at,b1_0.email,m1_0.id,m1_0.branch_id,m1_0.created_at,m1_0.email,m1_0.full_name,m1_0.last_login,m1_0.password,m1_0.phone,m1_0.role,m1_0.store_id,m1_0.updated_at,m1_0.verified,b1_0.name,b1_0.open_time,b1_0.phone,s2_0.id,s2_0.brand,s2_0.address,s2_0.email,s2_0.phone,s2_0.created_at,s2_0.description,s2_0.status,s2_0.store_admin_id,s2_0.store_type,s2_0.updated_at,b1_0.updated_at,u1_0.created_at,u1_0.email,u1_0.full_name,u1_0.last_login,u1_0.password,u1_0.phone,u1_0.role,s3_0.id,s3_0.brand,s3_0.address,s3_0.email,s3_0.phone,s3_0.created_at,s3_0.description,s3_0.status,sa2_0.id,sa2_0.branch_id,sa2_0.created_at,sa2_0.email,sa2_0.full_name,sa2_0.last_login,sa2_0.password,sa2_0.phone,sa2_0.role,sa2_0.store_id,sa2_0.updated_at,sa2_0.verified,s3_0.store_type,s3_0.updated_at,u1_0.updated_at,u1_0.verified from users u1_0 left join branches b1_0 on b1_0.id=u1_0.branch_id left join users m1_0 on m1_0.id=b1_0.manager_id left join stores s2_0 on s2_0.id=b1_0.store_id left join stores s3_0 on s3_0.id=u1_0.store_id left join users sa2_0 on sa2_0.id=s3_0.store_admin_id where u1_0.id=?
Hibernate: select u1_0.id,b1_0.id,b1_0.address,b1_0.close_time,b1_0.created_at,b1_0.email,m1_0.id,m1_0.branch_id,m1_0.created_at,m1_0.email,m1_0.full_name,m1_0.last_login,m1_0.password,m1_0.phone,m1_0.role,m1_0.store_id,m1_0.updated_at,m1_0.verified,b1_0.name,b1_0.open_time,b1_0.phone,s2_0.id,s2_0.brand,s2_0.address,s2_0.email,s2_0.phone,s2_0.created_at,s2_0.description,s2_0.status,s2_0.store_admin_id,s2_0.store_type,s2_0.updated_at,b1_0.updated_at,u1_0.created_at,u1_0.email,u1_0.full_name,u1_0.last_login,u1_0.password,u1_0.phone,u1_0.role,s3_0.id,s3_0.brand,s3_0.address,s3_0.email,s3_0.phone,s3_0.created_at,s3_0.description,s3_0.status,sa2_0.id,sa2_0.branch_id,sa2_0.created_at,sa2_0.email,sa2_0.full_name,sa2_0.last_login,sa2_0.password,sa2_0.phone,sa2_0.role,sa2_0.store_id,sa2_0.updated_at,sa2_0.verified,s3_0.store_type,s3_0.updated_at,u1_0.updated_at,u1_0.verified from users u1_0 left join branches b1_0 on b1_0.id=u1_0.branch_id left join users m1_0 on m1_0.id=b1_0.manager_id left join stores s2_0 on s2_0.id=b1_0.store_id left join stores s3_0 on s3_0.id=u1_0.store_id left join users sa2_0 on sa2_0.id=s3_0.store_admin_id where u1_0.id=?
2026-05-10T11:27:40.396+07:00 DEBUG 99967 --- [pos-system] [nio-8080-exec-8] org.hibernate.SQL                        : select c1_0.id,c1_0.created_at,c1_0.email,c1_0.full_name,c1_0.phone,c1_0.updated_at from customer c1_0 where c1_0.id=?
Hibernate: select c1_0.id,c1_0.created_at,c1_0.email,c1_0.full_name,c1_0.phone,c1_0.updated_at from customer c1_0 where c1_0.id=?
2026-05-10T11:27:40.397+07:00 DEBUG 99967 --- [pos-system] [nio-8080-exec-8] org.hibernate.SQL                        : select i1_0.order_id,i1_0.id,i1_0.price,p1_0.id,p1_0.brand,c1_0.id,c1_0.name,c1_0.store_id,p1_0.created_at,p1_0.description,p1_0.image,p1_0.mrp,p1_0.name,p1_0.selling_price,p1_0.sku,p1_0.store_id,s2_0.id,s2_0.brand,s2_0.address,s2_0.email,s2_0.phone,s2_0.created_at,s2_0.description,s2_0.status,s2_0.store_admin_id,s2_0.store_type,s2_0.updated_at,p1_0.updated_at,i1_0.quantity from order_items i1_0 left join products p1_0 on p1_0.id=i1_0.product_id left join categories c1_0 on c1_0.id=p1_0.category_id left join stores s2_0 on s2_0.id=p1_0.store_id where i1_0.order_id=?
Hibernate: select i1_0.order_id,i1_0.id,i1_0.price,p1_0.id,p1_0.brand,c1_0.id,c1_0.name,c1_0.store_id,p1_0.created_at,p1_0.description,p1_0.image,p1_0.mrp,p1_0.name,p1_0.selling_price,p1_0.sku,p1_0.store_id,s2_0.id,s2_0.brand,s2_0.address,s2_0.email,s2_0.phone,s2_0.created_at,s2_0.description,s2_0.status,s2_0.store_admin_id,s2_0.store_type,s2_0.updated_at,p1_0.updated_at,i1_0.quantity from order_items i1_0 left join products p1_0 on p1_0.id=i1_0.product_id left join categories c1_0 on c1_0.id=p1_0.category_id left join stores s2_0 on s2_0.id=p1_0.store_id where i1_0.order_id=?
2026-05-10T11:27:41.118+07:00 DEBUG 99967 --- [pos-system] [nio-8080-exec-2] org.hibernate.SQL                        : select r1_0.id,r1_0.amount,r1_0.branch_id,r1_0.cashier_id,r1_0.created_at,r1_0.order_id,r1_0.payment_type,r1_0.reason,r1_0.shift_report_id from refund r1_0 left join branches b1_0 on b1_0.id=r1_0.branch_id where b1_0.id=?
Hibernate: select r1_0.id,r1_0.amount,r1_0.branch_id,r1_0.cashier_id,r1_0.created_at,r1_0.order_id,r1_0.payment_type,r1_0.reason,r1_0.shift_report_id from refund r1_0 left join branches b1_0 on b1_0.id=r1_0.branch_id where b1_0.id=?
2026-05-10T11:27:41.121+07:00 DEBUG 99967 --- [pos-system] [nio-8080-exec-2] org.hibernate.SQL                        : select b1_0.id,b1_0.address,b1_0.close_time,b1_0.created_at,b1_0.email,m1_0.id,b2_0.id,b2_0.address,b2_0.close_time,b2_0.created_at,b2_0.email,b2_0.manager_id,b2_0.name,b2_0.open_time,b2_0.phone,b2_0.store_id,b2_0.updated_at,m1_0.created_at,m1_0.email,m1_0.full_name,m1_0.last_login,m1_0.password,m1_0.phone,m1_0.role,s2_0.id,s2_0.brand,s2_0.address,s2_0.email,s2_0.phone,s2_0.created_at,s2_0.description,s2_0.status,s2_0.store_admin_id,s2_0.store_type,s2_0.updated_at,m1_0.updated_at,m1_0.verified,b1_0.name,b1_0.open_time,b1_0.phone,s3_0.id,s3_0.brand,s3_0.address,s3_0.email,s3_0.phone,s3_0.created_at,s3_0.description,s3_0.status,sa2_0.id,sa2_0.branch_id,sa2_0.created_at,sa2_0.email,sa2_0.full_name,sa2_0.last_login,sa2_0.password,sa2_0.phone,sa2_0.role,sa2_0.store_id,sa2_0.updated_at,sa2_0.verified,s3_0.store_type,s3_0.updated_at,b1_0.updated_at from branches b1_0 left join users m1_0 on m1_0.id=b1_0.manager_id left join branches b2_0 on b2_0.id=m1_0.branch_id left join stores s2_0 on s2_0.id=m1_0.store_id left join stores s3_0 on s3_0.id=b1_0.store_id left join users sa2_0 on sa2_0.id=s3_0.store_admin_id where b1_0.id=?
Hibernate: select b1_0.id,b1_0.address,b1_0.close_time,b1_0.created_at,b1_0.email,m1_0.id,b2_0.id,b2_0.address,b2_0.close_time,b2_0.created_at,b2_0.email,b2_0.manager_id,b2_0.name,b2_0.open_time,b2_0.phone,b2_0.store_id,b2_0.updated_at,m1_0.created_at,m1_0.email,m1_0.full_name,m1_0.last_login,m1_0.password,m1_0.phone,m1_0.role,s2_0.id,s2_0.brand,s2_0.address,s2_0.email,s2_0.phone,s2_0.created_at,s2_0.description,s2_0.status,s2_0.store_admin_id,s2_0.store_type,s2_0.updated_at,m1_0.updated_at,m1_0.verified,b1_0.name,b1_0.open_time,b1_0.phone,s3_0.id,s3_0.brand,s3_0.address,s3_0.email,s3_0.phone,s3_0.created_at,s3_0.description,s3_0.status,sa2_0.id,sa2_0.branch_id,sa2_0.created_at,sa2_0.email,sa2_0.full_name,sa2_0.last_login,sa2_0.password,sa2_0.phone,sa2_0.role,sa2_0.store_id,sa2_0.updated_at,sa2_0.verified,s3_0.store_type,s3_0.updated_at,b1_0.updated_at from branches b1_0 left join users m1_0 on m1_0.id=b1_0.manager_id left join branches b2_0 on b2_0.id=m1_0.branch_id left join stores s2_0 on s2_0.id=m1_0.store_id left join stores s3_0 on s3_0.id=b1_0.store_id left join users sa2_0 on sa2_0.id=s3_0.store_admin_id where b1_0.id=?
2026-05-10T11:27:41.124+07:00 DEBUG 99967 --- [pos-system] [nio-8080-exec-2] org.hibernate.SQL                        : select u1_0.id,b1_0.id,b1_0.address,b1_0.close_time,b1_0.created_at,b1_0.email,m1_0.id,m1_0.branch_id,m1_0.created_at,m1_0.email,m1_0.full_name,m1_0.last_login,m1_0.password,m1_0.phone,m1_0.role,m1_0.store_id,m1_0.updated_at,m1_0.verified,b1_0.name,b1_0.open_time,b1_0.phone,s2_0.id,s2_0.brand,s2_0.address,s2_0.email,s2_0.phone,s2_0.created_at,s2_0.description,s2_0.status,s2_0.store_admin_id,s2_0.store_type,s2_0.updated_at,b1_0.updated_at,u1_0.created_at,u1_0.email,u1_0.full_name,u1_0.last_login,u1_0.password,u1_0.phone,u1_0.role,s3_0.id,s3_0.brand,s3_0.address,s3_0.email,s3_0.phone,s3_0.created_at,s3_0.description,s3_0.status,sa2_0.id,sa2_0.branch_id,sa2_0.created_at,sa2_0.email,sa2_0.full_name,sa2_0.last_login,sa2_0.password,sa2_0.phone,sa2_0.role,sa2_0.store_id,sa2_0.updated_at,sa2_0.verified,s3_0.store_type,s3_0.updated_at,u1_0.updated_at,u1_0.verified from users u1_0 left join branches b1_0 on b1_0.id=u1_0.branch_id left join users m1_0 on m1_0.id=b1_0.manager_id left join stores s2_0 on s2_0.id=b1_0.store_id left join stores s3_0 on s3_0.id=u1_0.store_id left join users sa2_0 on sa2_0.id=s3_0.store_admin_id where u1_0.id=?
Hibernate: select u1_0.id,b1_0.id,b1_0.address,b1_0.close_time,b1_0.created_at,b1_0.email,m1_0.id,m1_0.branch_id,m1_0.created_at,m1_0.email,m1_0.full_name,m1_0.last_login,m1_0.password,m1_0.phone,m1_0.role,m1_0.store_id,m1_0.updated_at,m1_0.verified,b1_0.name,b1_0.open_time,b1_0.phone,s2_0.id,s2_0.brand,s2_0.address,s2_0.email,s2_0.phone,s2_0.created_at,s2_0.description,s2_0.status,s2_0.store_admin_id,s2_0.store_type,s2_0.updated_at,b1_0.updated_at,u1_0.created_at,u1_0.email,u1_0.full_name,u1_0.last_login,u1_0.password,u1_0.phone,u1_0.role,s3_0.id,s3_0.brand,s3_0.address,s3_0.email,s3_0.phone,s3_0.created_at,s3_0.description,s3_0.status,sa2_0.id,sa2_0.branch_id,sa2_0.created_at,sa2_0.email,sa2_0.full_name,sa2_0.last_login,sa2_0.password,sa2_0.phone,sa2_0.role,sa2_0.store_id,sa2_0.updated_at,sa2_0.verified,s3_0.store_type,s3_0.updated_at,u1_0.updated_at,u1_0.verified from users u1_0 left join branches b1_0 on b1_0.id=u1_0.branch_id left join users m1_0 on m1_0.id=b1_0.manager_id left join stores s2_0 on s2_0.id=b1_0.store_id left join stores s3_0 on s3_0.id=u1_0.store_id left join users sa2_0 on sa2_0.id=s3_0.store_admin_id where u1_0.id=?
2026-05-10T11:27:41.126+07:00 DEBUG 99967 --- [pos-system] [nio-8080-exec-2] org.hibernate.SQL                        : select o1_0.id,b1_0.id,b1_0.address,b1_0.close_time,b1_0.created_at,b1_0.email,m1_0.id,m1_0.branch_id,m1_0.created_at,m1_0.email,m1_0.full_name,m1_0.last_login,m1_0.password,m1_0.phone,m1_0.role,m1_0.store_id,m1_0.updated_at,m1_0.verified,b1_0.name,b1_0.open_time,b1_0.phone,s2_0.id,s2_0.brand,s2_0.address,s2_0.email,s2_0.phone,s2_0.created_at,s2_0.description,s2_0.status,s2_0.store_admin_id,s2_0.store_type,s2_0.updated_at,b1_0.updated_at,c1_0.id,b3_0.id,b3_0.address,b3_0.close_time,b3_0.created_at,b3_0.email,b3_0.manager_id,b3_0.name,b3_0.open_time,b3_0.phone,b3_0.store_id,b3_0.updated_at,c1_0.created_at,c1_0.email,c1_0.full_name,c1_0.last_login,c1_0.password,c1_0.phone,c1_0.role,s4_0.id,s4_0.brand,s4_0.address,s4_0.email,s4_0.phone,s4_0.created_at,s4_0.description,s4_0.status,s4_0.store_admin_id,s4_0.store_type,s4_0.updated_at,c1_0.updated_at,c1_0.verified,o1_0.created_at,c2_0.id,c2_0.created_at,c2_0.email,c2_0.full_name,c2_0.phone,c2_0.updated_at,o1_0.payment_type,o1_0.status,o1_0.total_amount from orders o1_0 left join branches b1_0 on b1_0.id=o1_0.branch_id left join users m1_0 on m1_0.id=b1_0.manager_id left join stores s2_0 on s2_0.id=b1_0.store_id left join users c1_0 on c1_0.id=o1_0.cashier_id left join branches b3_0 on b3_0.id=c1_0.branch_id left join stores s4_0 on s4_0.id=c1_0.store_id left join customer c2_0 on c2_0.id=o1_0.customer_id where o1_0.id=?
Hibernate: select o1_0.id,b1_0.id,b1_0.address,b1_0.close_time,b1_0.created_at,b1_0.email,m1_0.id,m1_0.branch_id,m1_0.created_at,m1_0.email,m1_0.full_name,m1_0.last_login,m1_0.password,m1_0.phone,m1_0.role,m1_0.store_id,m1_0.updated_at,m1_0.verified,b1_0.name,b1_0.open_time,b1_0.phone,s2_0.id,s2_0.brand,s2_0.address,s2_0.email,s2_0.phone,s2_0.created_at,s2_0.description,s2_0.status,s2_0.store_admin_id,s2_0.store_type,s2_0.updated_at,b1_0.updated_at,c1_0.id,b3_0.id,b3_0.address,b3_0.close_time,b3_0.created_at,b3_0.email,b3_0.manager_id,b3_0.name,b3_0.open_time,b3_0.phone,b3_0.store_id,b3_0.updated_at,c1_0.created_at,c1_0.email,c1_0.full_name,c1_0.last_login,c1_0.password,c1_0.phone,c1_0.role,s4_0.id,s4_0.brand,s4_0.address,s4_0.email,s4_0.phone,s4_0.created_at,s4_0.description,s4_0.status,s4_0.store_admin_id,s4_0.store_type,s4_0.updated_at,c1_0.updated_at,c1_0.verified,o1_0.created_at,c2_0.id,c2_0.created_at,c2_0.email,c2_0.full_name,c2_0.phone,c2_0.updated_at,o1_0.payment_type,o1_0.status,o1_0.total_amount from orders o1_0 left join branches b1_0 on b1_0.id=o1_0.branch_id left join users m1_0 on m1_0.id=b1_0.manager_id left join stores s2_0 on s2_0.id=b1_0.store_id left join users c1_0 on c1_0.id=o1_0.cashier_id left join branches b3_0 on b3_0.id=c1_0.branch_id left join stores s4_0 on s4_0.id=c1_0.store_id left join customer c2_0 on c2_0.id=o1_0.customer_id where o1_0.id=?
2026-05-10T11:27:41.135+07:00 DEBUG 99967 --- [pos-system] [io-8080-exec-10] org.hibernate.SQL                        : select r1_0.id,r1_0.amount,r1_0.branch_id,r1_0.cashier_id,r1_0.created_at,r1_0.order_id,r1_0.payment_type,r1_0.reason,r1_0.shift_report_id from refund r1_0 left join branches b1_0 on b1_0.id=r1_0.branch_id where b1_0.id=?
Hibernate: select r1_0.id,r1_0.amount,r1_0.branch_id,r1_0.cashier_id,r1_0.created_at,r1_0.order_id,r1_0.payment_type,r1_0.reason,r1_0.shift_report_id from refund r1_0 left join branches b1_0 on b1_0.id=r1_0.branch_id where b1_0.id=?
2026-05-10T11:27:41.137+07:00 DEBUG 99967 --- [pos-system] [io-8080-exec-10] org.hibernate.SQL                        : select b1_0.id,b1_0.address,b1_0.close_time,b1_0.created_at,b1_0.email,m1_0.id,b2_0.id,b2_0.address,b2_0.close_time,b2_0.created_at,b2_0.email,b2_0.manager_id,b2_0.name,b2_0.open_time,b2_0.phone,b2_0.store_id,b2_0.updated_at,m1_0.created_at,m1_0.email,m1_0.full_name,m1_0.last_login,m1_0.password,m1_0.phone,m1_0.role,s2_0.id,s2_0.brand,s2_0.address,s2_0.email,s2_0.phone,s2_0.created_at,s2_0.description,s2_0.status,s2_0.store_admin_id,s2_0.store_type,s2_0.updated_at,m1_0.updated_at,m1_0.verified,b1_0.name,b1_0.open_time,b1_0.phone,s3_0.id,s3_0.brand,s3_0.address,s3_0.email,s3_0.phone,s3_0.created_at,s3_0.description,s3_0.status,sa2_0.id,sa2_0.branch_id,sa2_0.created_at,sa2_0.email,sa2_0.full_name,sa2_0.last_login,sa2_0.password,sa2_0.phone,sa2_0.role,sa2_0.store_id,sa2_0.updated_at,sa2_0.verified,s3_0.store_type,s3_0.updated_at,b1_0.updated_at from branches b1_0 left join users m1_0 on m1_0.id=b1_0.manager_id left join branches b2_0 on b2_0.id=m1_0.branch_id left join stores s2_0 on s2_0.id=m1_0.store_id left join stores s3_0 on s3_0.id=b1_0.store_id left join users sa2_0 on sa2_0.id=s3_0.store_admin_id where b1_0.id=?
Hibernate: select b1_0.id,b1_0.address,b1_0.close_time,b1_0.created_at,b1_0.email,m1_0.id,b2_0.id,b2_0.address,b2_0.close_time,b2_0.created_at,b2_0.email,b2_0.manager_id,b2_0.name,b2_0.open_time,b2_0.phone,b2_0.store_id,b2_0.updated_at,m1_0.created_at,m1_0.email,m1_0.full_name,m1_0.last_login,m1_0.password,m1_0.phone,m1_0.role,s2_0.id,s2_0.brand,s2_0.address,s2_0.email,s2_0.phone,s2_0.created_at,s2_0.description,s2_0.status,s2_0.store_admin_id,s2_0.store_type,s2_0.updated_at,m1_0.updated_at,m1_0.verified,b1_0.name,b1_0.open_time,b1_0.phone,s3_0.id,s3_0.brand,s3_0.address,s3_0.email,s3_0.phone,s3_0.created_at,s3_0.description,s3_0.status,sa2_0.id,sa2_0.branch_id,sa2_0.created_at,sa2_0.email,sa2_0.full_name,sa2_0.last_login,sa2_0.password,sa2_0.phone,sa2_0.role,sa2_0.store_id,sa2_0.updated_at,sa2_0.verified,s3_0.store_type,s3_0.updated_at,b1_0.updated_at from branches b1_0 left join users m1_0 on m1_0.id=b1_0.manager_id left join branches b2_0 on b2_0.id=m1_0.branch_id left join stores s2_0 on s2_0.id=m1_0.store_id left join stores s3_0 on s3_0.id=b1_0.store_id left join users sa2_0 on sa2_0.id=s3_0.store_admin_id where b1_0.id=?
2026-05-10T11:27:41.140+07:00 DEBUG 99967 --- [pos-system] [io-8080-exec-10] org.hibernate.SQL                        : select u1_0.id,b1_0.id,b1_0.address,b1_0.close_time,b1_0.created_at,b1_0.email,m1_0.id,m1_0.branch_id,m1_0.created_at,m1_0.email,m1_0.full_name,m1_0.last_login,m1_0.password,m1_0.phone,m1_0.role,m1_0.store_id,m1_0.updated_at,m1_0.verified,b1_0.name,b1_0.open_time,b1_0.phone,s2_0.id,s2_0.brand,s2_0.address,s2_0.email,s2_0.phone,s2_0.created_at,s2_0.description,s2_0.status,s2_0.store_admin_id,s2_0.store_type,s2_0.updated_at,b1_0.updated_at,u1_0.created_at,u1_0.email,u1_0.full_name,u1_0.last_login,u1_0.password,u1_0.phone,u1_0.role,s3_0.id,s3_0.brand,s3_0.address,s3_0.email,s3_0.phone,s3_0.created_at,s3_0.description,s3_0.status,sa2_0.id,sa2_0.branch_id,sa2_0.created_at,sa2_0.email,sa2_0.full_name,sa2_0.last_login,sa2_0.password,sa2_0.phone,sa2_0.role,sa2_0.store_id,sa2_0.updated_at,sa2_0.verified,s3_0.store_type,s3_0.updated_at,u1_0.updated_at,u1_0.verified from users u1_0 left join branches b1_0 on b1_0.id=u1_0.branch_id left join users m1_0 on m1_0.id=b1_0.manager_id left join stores s2_0 on s2_0.id=b1_0.store_id left join stores s3_0 on s3_0.id=u1_0.store_id left join users sa2_0 on sa2_0.id=s3_0.store_admin_id where u1_0.id=?
Hibernate: select u1_0.id,b1_0.id,b1_0.address,b1_0.close_time,b1_0.created_at,b1_0.email,m1_0.id,m1_0.branch_id,m1_0.created_at,m1_0.email,m1_0.full_name,m1_0.last_login,m1_0.password,m1_0.phone,m1_0.role,m1_0.store_id,m1_0.updated_at,m1_0.verified,b1_0.name,b1_0.open_time,b1_0.phone,s2_0.id,s2_0.brand,s2_0.address,s2_0.email,s2_0.phone,s2_0.created_at,s2_0.description,s2_0.status,s2_0.store_admin_id,s2_0.store_type,s2_0.updated_at,b1_0.updated_at,u1_0.created_at,u1_0.email,u1_0.full_name,u1_0.last_login,u1_0.password,u1_0.phone,u1_0.role,s3_0.id,s3_0.brand,s3_0.address,s3_0.email,s3_0.phone,s3_0.created_at,s3_0.description,s3_0.status,sa2_0.id,sa2_0.branch_id,sa2_0.created_at,sa2_0.email,sa2_0.full_name,sa2_0.last_login,sa2_0.password,sa2_0.phone,sa2_0.role,sa2_0.store_id,sa2_0.updated_at,sa2_0.verified,s3_0.store_type,s3_0.updated_at,u1_0.updated_at,u1_0.verified from users u1_0 left join branches b1_0 on b1_0.id=u1_0.branch_id left join users m1_0 on m1_0.id=b1_0.manager_id left join stores s2_0 on s2_0.id=b1_0.store_id left join stores s3_0 on s3_0.id=u1_0.store_id left join users sa2_0 on sa2_0.id=s3_0.store_admin_id where u1_0.id=?
2026-05-10T11:27:41.141+07:00 DEBUG 99967 --- [pos-system] [io-8080-exec-10] org.hibernate.SQL                        : select o1_0.id,b1_0.id,b1_0.address,b1_0.close_time,b1_0.created_at,b1_0.email,m1_0.id,m1_0.branch_id,m1_0.created_at,m1_0.email,m1_0.full_name,m1_0.last_login,m1_0.password,m1_0.phone,m1_0.role,m1_0.store_id,m1_0.updated_at,m1_0.verified,b1_0.name,b1_0.open_time,b1_0.phone,s2_0.id,s2_0.brand,s2_0.address,s2_0.email,s2_0.phone,s2_0.created_at,s2_0.description,s2_0.status,s2_0.store_admin_id,s2_0.store_type,s2_0.updated_at,b1_0.updated_at,c1_0.id,b3_0.id,b3_0.address,b3_0.close_time,b3_0.created_at,b3_0.email,b3_0.manager_id,b3_0.name,b3_0.open_time,b3_0.phone,b3_0.store_id,b3_0.updated_at,c1_0.created_at,c1_0.email,c1_0.full_name,c1_0.last_login,c1_0.password,c1_0.phone,c1_0.role,s4_0.id,s4_0.brand,s4_0.address,s4_0.email,s4_0.phone,s4_0.created_at,s4_0.description,s4_0.status,s4_0.store_admin_id,s4_0.store_type,s4_0.updated_at,c1_0.updated_at,c1_0.verified,o1_0.created_at,c2_0.id,c2_0.created_at,c2_0.email,c2_0.full_name,c2_0.phone,c2_0.updated_at,o1_0.payment_type,o1_0.status,o1_0.total_amount from orders o1_0 left join branches b1_0 on b1_0.id=o1_0.branch_id left join users m1_0 on m1_0.id=b1_0.manager_id left join stores s2_0 on s2_0.id=b1_0.store_id left join users c1_0 on c1_0.id=o1_0.cashier_id left join branches b3_0 on b3_0.id=c1_0.branch_id left join stores s4_0 on s4_0.id=c1_0.store_id left join customer c2_0 on c2_0.id=o1_0.customer_id where o1_0.id=?
Hibernate: select o1_0.id,b1_0.id,b1_0.address,b1_0.close_time,b1_0.created_at,b1_0.email,m1_0.id,m1_0.branch_id,m1_0.created_at,m1_0.email,m1_0.full_name,m1_0.last_login,m1_0.password,m1_0.phone,m1_0.role,m1_0.store_id,m1_0.updated_at,m1_0.verified,b1_0.name,b1_0.open_time,b1_0.phone,s2_0.id,s2_0.brand,s2_0.address,s2_0.email,s2_0.phone,s2_0.created_at,s2_0.description,s2_0.status,s2_0.store_admin_id,s2_0.store_type,s2_0.updated_at,b1_0.updated_at,c1_0.id,b3_0.id,b3_0.address,b3_0.close_time,b3_0.created_at,b3_0.email,b3_0.manager_id,b3_0.name,b3_0.open_time,b3_0.phone,b3_0.store_id,b3_0.updated_at,c1_0.created_at,c1_0.email,c1_0.full_name,c1_0.last_login,c1_0.password,c1_0.phone,c1_0.role,s4_0.id,s4_0.brand,s4_0.address,s4_0.email,s4_0.phone,s4_0.created_at,s4_0.description,s4_0.status,s4_0.store_admin_id,s4_0.store_type,s4_0.updated_at,c1_0.updated_at,c1_0.verified,o1_0.created_at,c2_0.id,c2_0.created_at,c2_0.email,c2_0.full_name,c2_0.phone,c2_0.updated_at,o1_0.payment_type,o1_0.status,o1_0.total_amount from orders o1_0 left join branches b1_0 on b1_0.id=o1_0.branch_id left join users m1_0 on m1_0.id=b1_0.manager_id left join stores s2_0 on s2_0.id=b1_0.store_id left join users c1_0 on c1_0.id=o1_0.cashier_id left join branches b3_0 on b3_0.id=c1_0.branch_id left join stores s4_0 on s4_0.id=c1_0.store_id left join customer c2_0 on c2_0.id=o1_0.customer_id where o1_0.id=?
2026-05-10T11:27:41.850+07:00 DEBUG 99967 --- [pos-system] [nio-8080-exec-7] org.hibernate.SQL                        : select o1_0.id,o1_0.branch_id,o1_0.cashier_id,o1_0.created_at,o1_0.customer_id,o1_0.payment_type,o1_0.status,o1_0.total_amount from orders o1_0 left join branches b1_0 on b1_0.id=o1_0.branch_id where b1_0.id=?
Hibernate: select o1_0.id,o1_0.branch_id,o1_0.cashier_id,o1_0.created_at,o1_0.customer_id,o1_0.payment_type,o1_0.status,o1_0.total_amount from orders o1_0 left join branches b1_0 on b1_0.id=o1_0.branch_id where b1_0.id=?
2026-05-10T11:27:41.853+07:00 DEBUG 99967 --- [pos-system] [nio-8080-exec-7] org.hibernate.SQL                        : select b1_0.id,b1_0.address,b1_0.close_time,b1_0.created_at,b1_0.email,m1_0.id,b2_0.id,b2_0.address,b2_0.close_time,b2_0.created_at,b2_0.email,b2_0.manager_id,b2_0.name,b2_0.open_time,b2_0.phone,b2_0.store_id,b2_0.updated_at,m1_0.created_at,m1_0.email,m1_0.full_name,m1_0.last_login,m1_0.password,m1_0.phone,m1_0.role,s2_0.id,s2_0.brand,s2_0.address,s2_0.email,s2_0.phone,s2_0.created_at,s2_0.description,s2_0.status,s2_0.store_admin_id,s2_0.store_type,s2_0.updated_at,m1_0.updated_at,m1_0.verified,b1_0.name,b1_0.open_time,b1_0.phone,s3_0.id,s3_0.brand,s3_0.address,s3_0.email,s3_0.phone,s3_0.created_at,s3_0.description,s3_0.status,sa2_0.id,sa2_0.branch_id,sa2_0.created_at,sa2_0.email,sa2_0.full_name,sa2_0.last_login,sa2_0.password,sa2_0.phone,sa2_0.role,sa2_0.store_id,sa2_0.updated_at,sa2_0.verified,s3_0.store_type,s3_0.updated_at,b1_0.updated_at from branches b1_0 left join users m1_0 on m1_0.id=b1_0.manager_id left join branches b2_0 on b2_0.id=m1_0.branch_id left join stores s2_0 on s2_0.id=m1_0.store_id left join stores s3_0 on s3_0.id=b1_0.store_id left join users sa2_0 on sa2_0.id=s3_0.store_admin_id where b1_0.id=?
Hibernate: select b1_0.id,b1_0.address,b1_0.close_time,b1_0.created_at,b1_0.email,m1_0.id,b2_0.id,b2_0.address,b2_0.close_time,b2_0.created_at,b2_0.email,b2_0.manager_id,b2_0.name,b2_0.open_time,b2_0.phone,b2_0.store_id,b2_0.updated_at,m1_0.created_at,m1_0.email,m1_0.full_name,m1_0.last_login,m1_0.password,m1_0.phone,m1_0.role,s2_0.id,s2_0.brand,s2_0.address,s2_0.email,s2_0.phone,s2_0.created_at,s2_0.description,s2_0.status,s2_0.store_admin_id,s2_0.store_type,s2_0.updated_at,m1_0.updated_at,m1_0.verified,b1_0.name,b1_0.open_time,b1_0.phone,s3_0.id,s3_0.brand,s3_0.address,s3_0.email,s3_0.phone,s3_0.created_at,s3_0.description,s3_0.status,sa2_0.id,sa2_0.branch_id,sa2_0.created_at,sa2_0.email,sa2_0.full_name,sa2_0.last_login,sa2_0.password,sa2_0.phone,sa2_0.role,sa2_0.store_id,sa2_0.updated_at,sa2_0.verified,s3_0.store_type,s3_0.updated_at,b1_0.updated_at from branches b1_0 left join users m1_0 on m1_0.id=b1_0.manager_id left join branches b2_0 on b2_0.id=m1_0.branch_id left join stores s2_0 on s2_0.id=m1_0.store_id left join stores s3_0 on s3_0.id=b1_0.store_id left join users sa2_0 on sa2_0.id=s3_0.store_admin_id where b1_0.id=?
2026-05-10T11:27:41.857+07:00 DEBUG 99967 --- [pos-system] [nio-8080-exec-7] org.hibernate.SQL                        : select u1_0.id,b1_0.id,b1_0.address,b1_0.close_time,b1_0.created_at,b1_0.email,m1_0.id,m1_0.branch_id,m1_0.created_at,m1_0.email,m1_0.full_name,m1_0.last_login,m1_0.password,m1_0.phone,m1_0.role,m1_0.store_id,m1_0.updated_at,m1_0.verified,b1_0.name,b1_0.open_time,b1_0.phone,s2_0.id,s2_0.brand,s2_0.address,s2_0.email,s2_0.phone,s2_0.created_at,s2_0.description,s2_0.status,s2_0.store_admin_id,s2_0.store_type,s2_0.updated_at,b1_0.updated_at,u1_0.created_at,u1_0.email,u1_0.full_name,u1_0.last_login,u1_0.password,u1_0.phone,u1_0.role,s3_0.id,s3_0.brand,s3_0.address,s3_0.email,s3_0.phone,s3_0.created_at,s3_0.description,s3_0.status,sa2_0.id,sa2_0.branch_id,sa2_0.created_at,sa2_0.email,sa2_0.full_name,sa2_0.last_login,sa2_0.password,sa2_0.phone,sa2_0.role,sa2_0.store_id,sa2_0.updated_at,sa2_0.verified,s3_0.store_type,s3_0.updated_at,u1_0.updated_at,u1_0.verified from users u1_0 left join branches b1_0 on b1_0.id=u1_0.branch_id left join users m1_0 on m1_0.id=b1_0.manager_id left join stores s2_0 on s2_0.id=b1_0.store_id left join stores s3_0 on s3_0.id=u1_0.store_id left join users sa2_0 on sa2_0.id=s3_0.store_admin_id where u1_0.id=?
Hibernate: select u1_0.id,b1_0.id,b1_0.address,b1_0.close_time,b1_0.created_at,b1_0.email,m1_0.id,m1_0.branch_id,m1_0.created_at,m1_0.email,m1_0.full_name,m1_0.last_login,m1_0.password,m1_0.phone,m1_0.role,m1_0.store_id,m1_0.updated_at,m1_0.verified,b1_0.name,b1_0.open_time,b1_0.phone,s2_0.id,s2_0.brand,s2_0.address,s2_0.email,s2_0.phone,s2_0.created_at,s2_0.description,s2_0.status,s2_0.store_admin_id,s2_0.store_type,s2_0.updated_at,b1_0.updated_at,u1_0.created_at,u1_0.email,u1_0.full_name,u1_0.last_login,u1_0.password,u1_0.phone,u1_0.role,s3_0.id,s3_0.brand,s3_0.address,s3_0.email,s3_0.phone,s3_0.created_at,s3_0.description,s3_0.status,sa2_0.id,sa2_0.branch_id,sa2_0.created_at,sa2_0.email,sa2_0.full_name,sa2_0.last_login,sa2_0.password,sa2_0.phone,sa2_0.role,sa2_0.store_id,sa2_0.updated_at,sa2_0.verified,s3_0.store_type,s3_0.updated_at,u1_0.updated_at,u1_0.verified from users u1_0 left join branches b1_0 on b1_0.id=u1_0.branch_id left join users m1_0 on m1_0.id=b1_0.manager_id left join stores s2_0 on s2_0.id=b1_0.store_id left join stores s3_0 on s3_0.id=u1_0.store_id left join users sa2_0 on sa2_0.id=s3_0.store_admin_id where u1_0.id=?
2026-05-10T11:27:41.860+07:00 DEBUG 99967 --- [pos-system] [nio-8080-exec-7] org.hibernate.SQL                        : select c1_0.id,c1_0.created_at,c1_0.email,c1_0.full_name,c1_0.phone,c1_0.updated_at from customer c1_0 where c1_0.id=?
Hibernate: select c1_0.id,c1_0.created_at,c1_0.email,c1_0.full_name,c1_0.phone,c1_0.updated_at from customer c1_0 where c1_0.id=?
2026-05-10T11:27:41.862+07:00 DEBUG 99967 --- [pos-system] [nio-8080-exec-7] org.hibernate.SQL                        : select i1_0.order_id,i1_0.id,i1_0.price,p1_0.id,p1_0.brand,c1_0.id,c1_0.name,c1_0.store_id,p1_0.created_at,p1_0.description,p1_0.image,p1_0.mrp,p1_0.name,p1_0.selling_price,p1_0.sku,p1_0.store_id,s2_0.id,s2_0.brand,s2_0.address,s2_0.email,s2_0.phone,s2_0.created_at,s2_0.description,s2_0.status,s2_0.store_admin_id,s2_0.store_type,s2_0.updated_at,p1_0.updated_at,i1_0.quantity from order_items i1_0 left join products p1_0 on p1_0.id=i1_0.product_id left join categories c1_0 on c1_0.id=p1_0.category_id left join stores s2_0 on s2_0.id=p1_0.store_id where i1_0.order_id=?
Hibernate: select i1_0.order_id,i1_0.id,i1_0.price,p1_0.id,p1_0.brand,c1_0.id,c1_0.name,c1_0.store_id,p1_0.created_at,p1_0.description,p1_0.image,p1_0.mrp,p1_0.name,p1_0.selling_price,p1_0.sku,p1_0.store_id,s2_0.id,s2_0.brand,s2_0.address,s2_0.email,s2_0.phone,s2_0.created_at,s2_0.description,s2_0.status,s2_0.store_admin_id,s2_0.store_type,s2_0.updated_at,p1_0.updated_at,i1_0.quantity from order_items i1_0 left join products p1_0 on p1_0.id=i1_0.product_id left join categories c1_0 on c1_0.id=p1_0.category_id left join stores s2_0 on s2_0.id=p1_0.store_id where i1_0.order_id=?
2026-05-10T11:27:41.867+07:00 DEBUG 99967 --- [pos-system] [nio-8080-exec-1] org.hibernate.SQL                        : select o1_0.id,o1_0.branch_id,o1_0.cashier_id,o1_0.created_at,o1_0.customer_id,o1_0.payment_type,o1_0.status,o1_0.total_amount from orders o1_0 left join branches b1_0 on b1_0.id=o1_0.branch_id where b1_0.id=?
Hibernate: select o1_0.id,o1_0.branch_id,o1_0.cashier_id,o1_0.created_at,o1_0.customer_id,o1_0.payment_type,o1_0.status,o1_0.total_amount from orders o1_0 left join branches b1_0 on b1_0.id=o1_0.branch_id where b1_0.id=?
2026-05-10T11:27:41.870+07:00 DEBUG 99967 --- [pos-system] [nio-8080-exec-1] org.hibernate.SQL                        : select b1_0.id,b1_0.address,b1_0.close_time,b1_0.created_at,b1_0.email,m1_0.id,b2_0.id,b2_0.address,b2_0.close_time,b2_0.created_at,b2_0.email,b2_0.manager_id,b2_0.name,b2_0.open_time,b2_0.phone,b2_0.store_id,b2_0.updated_at,m1_0.created_at,m1_0.email,m1_0.full_name,m1_0.last_login,m1_0.password,m1_0.phone,m1_0.role,s2_0.id,s2_0.brand,s2_0.address,s2_0.email,s2_0.phone,s2_0.created_at,s2_0.description,s2_0.status,s2_0.store_admin_id,s2_0.store_type,s2_0.updated_at,m1_0.updated_at,m1_0.verified,b1_0.name,b1_0.open_time,b1_0.phone,s3_0.id,s3_0.brand,s3_0.address,s3_0.email,s3_0.phone,s3_0.created_at,s3_0.description,s3_0.status,sa2_0.id,sa2_0.branch_id,sa2_0.created_at,sa2_0.email,sa2_0.full_name,sa2_0.last_login,sa2_0.password,sa2_0.phone,sa2_0.role,sa2_0.store_id,sa2_0.updated_at,sa2_0.verified,s3_0.store_type,s3_0.updated_at,b1_0.updated_at from branches b1_0 left join users m1_0 on m1_0.id=b1_0.manager_id left join branches b2_0 on b2_0.id=m1_0.branch_id left join stores s2_0 on s2_0.id=m1_0.store_id left join stores s3_0 on s3_0.id=b1_0.store_id left join users sa2_0 on sa2_0.id=s3_0.store_admin_id where b1_0.id=?
Hibernate: select b1_0.id,b1_0.address,b1_0.close_time,b1_0.created_at,b1_0.email,m1_0.id,b2_0.id,b2_0.address,b2_0.close_time,b2_0.created_at,b2_0.email,b2_0.manager_id,b2_0.name,b2_0.open_time,b2_0.phone,b2_0.store_id,b2_0.updated_at,m1_0.created_at,m1_0.email,m1_0.full_name,m1_0.last_login,m1_0.password,m1_0.phone,m1_0.role,s2_0.id,s2_0.brand,s2_0.address,s2_0.email,s2_0.phone,s2_0.created_at,s2_0.description,s2_0.status,s2_0.store_admin_id,s2_0.store_type,s2_0.updated_at,m1_0.updated_at,m1_0.verified,b1_0.name,b1_0.open_time,b1_0.phone,s3_0.id,s3_0.brand,s3_0.address,s3_0.email,s3_0.phone,s3_0.created_at,s3_0.description,s3_0.status,sa2_0.id,sa2_0.branch_id,sa2_0.created_at,sa2_0.email,sa2_0.full_name,sa2_0.last_login,sa2_0.password,sa2_0.phone,sa2_0.role,sa2_0.store_id,sa2_0.updated_at,sa2_0.verified,s3_0.store_type,s3_0.updated_at,b1_0.updated_at from branches b1_0 left join users m1_0 on m1_0.id=b1_0.manager_id left join branches b2_0 on b2_0.id=m1_0.branch_id left join stores s2_0 on s2_0.id=m1_0.store_id left join stores s3_0 on s3_0.id=b1_0.store_id left join users sa2_0 on sa2_0.id=s3_0.store_admin_id where b1_0.id=?
2026-05-10T11:27:41.872+07:00 DEBUG 99967 --- [pos-system] [nio-8080-exec-1] org.hibernate.SQL                        : select u1_0.id,b1_0.id,b1_0.address,b1_0.close_time,b1_0.created_at,b1_0.email,m1_0.id,m1_0.branch_id,m1_0.created_at,m1_0.email,m1_0.full_name,m1_0.last_login,m1_0.password,m1_0.phone,m1_0.role,m1_0.store_id,m1_0.updated_at,m1_0.verified,b1_0.name,b1_0.open_time,b1_0.phone,s2_0.id,s2_0.brand,s2_0.address,s2_0.email,s2_0.phone,s2_0.created_at,s2_0.description,s2_0.status,s2_0.store_admin_id,s2_0.store_type,s2_0.updated_at,b1_0.updated_at,u1_0.created_at,u1_0.email,u1_0.full_name,u1_0.last_login,u1_0.password,u1_0.phone,u1_0.role,s3_0.id,s3_0.brand,s3_0.address,s3_0.email,s3_0.phone,s3_0.created_at,s3_0.description,s3_0.status,sa2_0.id,sa2_0.branch_id,sa2_0.created_at,sa2_0.email,sa2_0.full_name,sa2_0.last_login,sa2_0.password,sa2_0.phone,sa2_0.role,sa2_0.store_id,sa2_0.updated_at,sa2_0.verified,s3_0.store_type,s3_0.updated_at,u1_0.updated_at,u1_0.verified from users u1_0 left join branches b1_0 on b1_0.id=u1_0.branch_id left join users m1_0 on m1_0.id=b1_0.manager_id left join stores s2_0 on s2_0.id=b1_0.store_id left join stores s3_0 on s3_0.id=u1_0.store_id left join users sa2_0 on sa2_0.id=s3_0.store_admin_id where u1_0.id=?
Hibernate: select u1_0.id,b1_0.id,b1_0.address,b1_0.close_time,b1_0.created_at,b1_0.email,m1_0.id,m1_0.branch_id,m1_0.created_at,m1_0.email,m1_0.full_name,m1_0.last_login,m1_0.password,m1_0.phone,m1_0.role,m1_0.store_id,m1_0.updated_at,m1_0.verified,b1_0.name,b1_0.open_time,b1_0.phone,s2_0.id,s2_0.brand,s2_0.address,s2_0.email,s2_0.phone,s2_0.created_at,s2_0.description,s2_0.status,s2_0.store_admin_id,s2_0.store_type,s2_0.updated_at,b1_0.updated_at,u1_0.created_at,u1_0.email,u1_0.full_name,u1_0.last_login,u1_0.password,u1_0.phone,u1_0.role,s3_0.id,s3_0.brand,s3_0.address,s3_0.email,s3_0.phone,s3_0.created_at,s3_0.description,s3_0.status,sa2_0.id,sa2_0.branch_id,sa2_0.created_at,sa2_0.email,sa2_0.full_name,sa2_0.last_login,sa2_0.password,sa2_0.phone,sa2_0.role,sa2_0.store_id,sa2_0.updated_at,sa2_0.verified,s3_0.store_type,s3_0.updated_at,u1_0.updated_at,u1_0.verified from users u1_0 left join branches b1_0 on b1_0.id=u1_0.branch_id left join users m1_0 on m1_0.id=b1_0.manager_id left join stores s2_0 on s2_0.id=b1_0.store_id left join stores s3_0 on s3_0.id=u1_0.store_id left join users sa2_0 on sa2_0.id=s3_0.store_admin_id where u1_0.id=?
2026-05-10T11:27:41.874+07:00 DEBUG 99967 --- [pos-system] [nio-8080-exec-1] org.hibernate.SQL                        : select c1_0.id,c1_0.created_at,c1_0.email,c1_0.full_name,c1_0.phone,c1_0.updated_at from customer c1_0 where c1_0.id=?
Hibernate: select c1_0.id,c1_0.created_at,c1_0.email,c1_0.full_name,c1_0.phone,c1_0.updated_at from customer c1_0 where c1_0.id=?
2026-05-10T11:27:41.876+07:00 DEBUG 99967 --- [pos-system] [nio-8080-exec-1] org.hibernate.SQL                        : select i1_0.order_id,i1_0.id,i1_0.price,p1_0.id,p1_0.brand,c1_0.id,c1_0.name,c1_0.store_id,p1_0.created_at,p1_0.description,p1_0.image,p1_0.mrp,p1_0.name,p1_0.selling_price,p1_0.sku,p1_0.store_id,s2_0.id,s2_0.brand,s2_0.address,s2_0.email,s2_0.phone,s2_0.created_at,s2_0.description,s2_0.status,s2_0.store_admin_id,s2_0.store_type,s2_0.updated_at,p1_0.updated_at,i1_0.quantity from order_items i1_0 left join products p1_0 on p1_0.id=i1_0.product_id left join categories c1_0 on c1_0.id=p1_0.category_id left join stores s2_0 on s2_0.id=p1_0.store_id where i1_0.order_id=?
Hibernate: select i1_0.order_id,i1_0.id,i1_0.price,p1_0.id,p1_0.brand,c1_0.id,c1_0.name,c1_0.store_id,p1_0.created_at,p1_0.description,p1_0.image,p1_0.mrp,p1_0.name,p1_0.selling_price,p1_0.sku,p1_0.store_id,s2_0.id,s2_0.brand,s2_0.address,s2_0.email,s2_0.phone,s2_0.created_at,s2_0.description,s2_0.status,s2_0.store_admin_id,s2_0.store_type,s2_0.updated_at,p1_0.updated_at,i1_0.quantity from order_items i1_0 left join products p1_0 on p1_0.id=i1_0.product_id left join categories c1_0 on c1_0.id=p1_0.category_id left join stores s2_0 on s2_0.id=p1_0.store_id where i1_0.order_id=?
2026-05-10T11:27:42.566+07:00 DEBUG 99967 --- [pos-system] [nio-8080-exec-4] org.hibernate.SQL                        : select p1_0.id,p1_0.brand,p1_0.category_id,p1_0.created_at,p1_0.description,p1_0.image,p1_0.mrp,p1_0.name,p1_0.selling_price,p1_0.sku,p1_0.store_id,p1_0.updated_at from products p1_0 left join stores s1_0 on s1_0.id=p1_0.store_id where s1_0.id=?
Hibernate: select p1_0.id,p1_0.brand,p1_0.category_id,p1_0.created_at,p1_0.description,p1_0.image,p1_0.mrp,p1_0.name,p1_0.selling_price,p1_0.sku,p1_0.store_id,p1_0.updated_at from products p1_0 left join stores s1_0 on s1_0.id=p1_0.store_id where s1_0.id=?
2026-05-10T11:27:42.567+07:00 DEBUG 99967 --- [pos-system] [nio-8080-exec-6] org.hibernate.SQL                        : select i1_0.id,i1_0.branch_id,i1_0.last_updated,i1_0.product_id,i1_0.quantity from inventories i1_0 left join branches b1_0 on b1_0.id=i1_0.branch_id where b1_0.id=?
Hibernate: select i1_0.id,i1_0.branch_id,i1_0.last_updated,i1_0.product_id,i1_0.quantity from inventories i1_0 left join branches b1_0 on b1_0.id=i1_0.branch_id where b1_0.id=?
2026-05-10T11:27:42.569+07:00 DEBUG 99967 --- [pos-system] [nio-8080-exec-4] org.hibernate.SQL                        : select c1_0.id,c1_0.name,s1_0.id,s1_0.brand,s1_0.address,s1_0.email,s1_0.phone,s1_0.created_at,s1_0.description,s1_0.status,sa1_0.id,sa1_0.branch_id,sa1_0.created_at,sa1_0.email,sa1_0.full_name,sa1_0.last_login,sa1_0.password,sa1_0.phone,sa1_0.role,sa1_0.store_id,sa1_0.updated_at,sa1_0.verified,s1_0.store_type,s1_0.updated_at from categories c1_0 left join stores s1_0 on s1_0.id=c1_0.store_id left join users sa1_0 on sa1_0.id=s1_0.store_admin_id where c1_0.id=?
Hibernate: select c1_0.id,c1_0.name,s1_0.id,s1_0.brand,s1_0.address,s1_0.email,s1_0.phone,s1_0.created_at,s1_0.description,s1_0.status,sa1_0.id,sa1_0.branch_id,sa1_0.created_at,sa1_0.email,sa1_0.full_name,sa1_0.last_login,sa1_0.password,sa1_0.phone,sa1_0.role,sa1_0.store_id,sa1_0.updated_at,sa1_0.verified,s1_0.store_type,s1_0.updated_at from categories c1_0 left join stores s1_0 on s1_0.id=c1_0.store_id left join users sa1_0 on sa1_0.id=s1_0.store_admin_id where c1_0.id=?
2026-05-10T11:27:42.570+07:00 DEBUG 99967 --- [pos-system] [nio-8080-exec-4] org.hibernate.SQL                        : select c1_0.id,c1_0.name,s1_0.id,s1_0.brand,s1_0.address,s1_0.email,s1_0.phone,s1_0.created_at,s1_0.description,s1_0.status,sa1_0.id,sa1_0.branch_id,sa1_0.created_at,sa1_0.email,sa1_0.full_name,sa1_0.last_login,sa1_0.password,sa1_0.phone,sa1_0.role,sa1_0.store_id,sa1_0.updated_at,sa1_0.verified,s1_0.store_type,s1_0.updated_at from categories c1_0 left join stores s1_0 on s1_0.id=c1_0.store_id left join users sa1_0 on sa1_0.id=s1_0.store_admin_id where c1_0.id=?
Hibernate: select c1_0.id,c1_0.name,s1_0.id,s1_0.brand,s1_0.address,s1_0.email,s1_0.phone,s1_0.created_at,s1_0.description,s1_0.status,sa1_0.id,sa1_0.branch_id,sa1_0.created_at,sa1_0.email,sa1_0.full_name,sa1_0.last_login,sa1_0.password,sa1_0.phone,sa1_0.role,sa1_0.store_id,sa1_0.updated_at,sa1_0.verified,s1_0.store_type,s1_0.updated_at from categories c1_0 left join stores s1_0 on s1_0.id=c1_0.store_id left join users sa1_0 on sa1_0.id=s1_0.store_admin_id where c1_0.id=?
2026-05-10T11:27:42.578+07:00 DEBUG 99967 --- [pos-system] [nio-8080-exec-5] org.hibernate.SQL                        : select i1_0.id,i1_0.branch_id,i1_0.last_updated,i1_0.product_id,i1_0.quantity from inventories i1_0 left join branches b1_0 on b1_0.id=i1_0.branch_id where b1_0.id=?
Hibernate: select i1_0.id,i1_0.branch_id,i1_0.last_updated,i1_0.product_id,i1_0.quantity from inventories i1_0 left join branches b1_0 on b1_0.id=i1_0.branch_id where b1_0.id=?
2026-05-10T11:27:42.578+07:00 DEBUG 99967 --- [pos-system] [nio-8080-exec-3] org.hibernate.SQL                        : select p1_0.id,p1_0.brand,p1_0.category_id,p1_0.created_at,p1_0.description,p1_0.image,p1_0.mrp,p1_0.name,p1_0.selling_price,p1_0.sku,p1_0.store_id,p1_0.updated_at from products p1_0 left join stores s1_0 on s1_0.id=p1_0.store_id where s1_0.id=?
Hibernate: select p1_0.id,p1_0.brand,p1_0.category_id,p1_0.created_at,p1_0.description,p1_0.image,p1_0.mrp,p1_0.name,p1_0.selling_price,p1_0.sku,p1_0.store_id,p1_0.updated_at from products p1_0 left join stores s1_0 on s1_0.id=p1_0.store_id where s1_0.id=?
2026-05-10T11:27:42.580+07:00 DEBUG 99967 --- [pos-system] [nio-8080-exec-3] org.hibernate.SQL                        : select c1_0.id,c1_0.name,s1_0.id,s1_0.brand,s1_0.address,s1_0.email,s1_0.phone,s1_0.created_at,s1_0.description,s1_0.status,sa1_0.id,sa1_0.branch_id,sa1_0.created_at,sa1_0.email,sa1_0.full_name,sa1_0.last_login,sa1_0.password,sa1_0.phone,sa1_0.role,sa1_0.store_id,sa1_0.updated_at,sa1_0.verified,s1_0.store_type,s1_0.updated_at from categories c1_0 left join stores s1_0 on s1_0.id=c1_0.store_id left join users sa1_0 on sa1_0.id=s1_0.store_admin_id where c1_0.id=?
Hibernate: select c1_0.id,c1_0.name,s1_0.id,s1_0.brand,s1_0.address,s1_0.email,s1_0.phone,s1_0.created_at,s1_0.description,s1_0.status,sa1_0.id,sa1_0.branch_id,sa1_0.created_at,sa1_0.email,sa1_0.full_name,sa1_0.last_login,sa1_0.password,sa1_0.phone,sa1_0.role,sa1_0.store_id,sa1_0.updated_at,sa1_0.verified,s1_0.store_type,s1_0.updated_at from categories c1_0 left join stores s1_0 on s1_0.id=c1_0.store_id left join users sa1_0 on sa1_0.id=s1_0.store_admin_id where c1_0.id=?
2026-05-10T11:27:42.581+07:00 DEBUG 99967 --- [pos-system] [nio-8080-exec-3] org.hibernate.SQL                        : select c1_0.id,c1_0.name,s1_0.id,s1_0.brand,s1_0.address,s1_0.email,s1_0.phone,s1_0.created_at,s1_0.description,s1_0.status,sa1_0.id,sa1_0.branch_id,sa1_0.created_at,sa1_0.email,sa1_0.full_name,sa1_0.last_login,sa1_0.password,sa1_0.phone,sa1_0.role,sa1_0.store_id,sa1_0.updated_at,sa1_0.verified,s1_0.store_type,s1_0.updated_at from categories c1_0 left join stores s1_0 on s1_0.id=c1_0.store_id left join users sa1_0 on sa1_0.id=s1_0.store_admin_id where c1_0.id=?
Hibernate: select c1_0.id,c1_0.name,s1_0.id,s1_0.brand,s1_0.address,s1_0.email,s1_0.phone,s1_0.created_at,s1_0.description,s1_0.status,sa1_0.id,sa1_0.branch_id,sa1_0.created_at,sa1_0.email,sa1_0.full_name,sa1_0.last_login,sa1_0.password,sa1_0.phone,sa1_0.role,sa1_0.store_id,sa1_0.updated_at,sa1_0.verified,s1_0.store_type,s1_0.updated_at from categories c1_0 left join stores s1_0 on s1_0.id=c1_0.store_id left join users sa1_0 on sa1_0.id=s1_0.store_admin_id where c1_0.id=?
2026-05-10T11:27:44.019+07:00 DEBUG 99967 --- [pos-system] [nio-8080-exec-9] org.hibernate.SQL                        : select o1_0.id,o1_0.branch_id,o1_0.cashier_id,o1_0.created_at,o1_0.customer_id,o1_0.payment_type,o1_0.status,o1_0.total_amount from orders o1_0 left join branches b1_0 on b1_0.id=o1_0.branch_id where b1_0.id=?
Hibernate: select o1_0.id,o1_0.branch_id,o1_0.cashier_id,o1_0.created_at,o1_0.customer_id,o1_0.payment_type,o1_0.status,o1_0.total_amount from orders o1_0 left join branches b1_0 on b1_0.id=o1_0.branch_id where b1_0.id=?
2026-05-10T11:27:44.021+07:00 DEBUG 99967 --- [pos-system] [nio-8080-exec-9] org.hibernate.SQL                        : select b1_0.id,b1_0.address,b1_0.close_time,b1_0.created_at,b1_0.email,m1_0.id,b2_0.id,b2_0.address,b2_0.close_time,b2_0.created_at,b2_0.email,b2_0.manager_id,b2_0.name,b2_0.open_time,b2_0.phone,b2_0.store_id,b2_0.updated_at,m1_0.created_at,m1_0.email,m1_0.full_name,m1_0.last_login,m1_0.password,m1_0.phone,m1_0.role,s2_0.id,s2_0.brand,s2_0.address,s2_0.email,s2_0.phone,s2_0.created_at,s2_0.description,s2_0.status,s2_0.store_admin_id,s2_0.store_type,s2_0.updated_at,m1_0.updated_at,m1_0.verified,b1_0.name,b1_0.open_time,b1_0.phone,s3_0.id,s3_0.brand,s3_0.address,s3_0.email,s3_0.phone,s3_0.created_at,s3_0.description,s3_0.status,sa2_0.id,sa2_0.branch_id,sa2_0.created_at,sa2_0.email,sa2_0.full_name,sa2_0.last_login,sa2_0.password,sa2_0.phone,sa2_0.role,sa2_0.store_id,sa2_0.updated_at,sa2_0.verified,s3_0.store_type,s3_0.updated_at,b1_0.updated_at from branches b1_0 left join users m1_0 on m1_0.id=b1_0.manager_id left join branches b2_0 on b2_0.id=m1_0.branch_id left join stores s2_0 on s2_0.id=m1_0.store_id left join stores s3_0 on s3_0.id=b1_0.store_id left join users sa2_0 on sa2_0.id=s3_0.store_admin_id where b1_0.id=?
Hibernate: select b1_0.id,b1_0.address,b1_0.close_time,b1_0.created_at,b1_0.email,m1_0.id,b2_0.id,b2_0.address,b2_0.close_time,b2_0.created_at,b2_0.email,b2_0.manager_id,b2_0.name,b2_0.open_time,b2_0.phone,b2_0.store_id,b2_0.updated_at,m1_0.created_at,m1_0.email,m1_0.full_name,m1_0.last_login,m1_0.password,m1_0.phone,m1_0.role,s2_0.id,s2_0.brand,s2_0.address,s2_0.email,s2_0.phone,s2_0.created_at,s2_0.description,s2_0.status,s2_0.store_admin_id,s2_0.store_type,s2_0.updated_at,m1_0.updated_at,m1_0.verified,b1_0.name,b1_0.open_time,b1_0.phone,s3_0.id,s3_0.brand,s3_0.address,s3_0.email,s3_0.phone,s3_0.created_at,s3_0.description,s3_0.status,sa2_0.id,sa2_0.branch_id,sa2_0.created_at,sa2_0.email,sa2_0.full_name,sa2_0.last_login,sa2_0.password,sa2_0.phone,sa2_0.role,sa2_0.store_id,sa2_0.updated_at,sa2_0.verified,s3_0.store_type,s3_0.updated_at,b1_0.updated_at from branches b1_0 left join users m1_0 on m1_0.id=b1_0.manager_id left join branches b2_0 on b2_0.id=m1_0.branch_id left join stores s2_0 on s2_0.id=m1_0.store_id left join stores s3_0 on s3_0.id=b1_0.store_id left join users sa2_0 on sa2_0.id=s3_0.store_admin_id where b1_0.id=?
2026-05-10T11:27:44.022+07:00 DEBUG 99967 --- [pos-system] [nio-8080-exec-9] org.hibernate.SQL                        : select u1_0.id,b1_0.id,b1_0.address,b1_0.close_time,b1_0.created_at,b1_0.email,m1_0.id,m1_0.branch_id,m1_0.created_at,m1_0.email,m1_0.full_name,m1_0.last_login,m1_0.password,m1_0.phone,m1_0.role,m1_0.store_id,m1_0.updated_at,m1_0.verified,b1_0.name,b1_0.open_time,b1_0.phone,s2_0.id,s2_0.brand,s2_0.address,s2_0.email,s2_0.phone,s2_0.created_at,s2_0.description,s2_0.status,s2_0.store_admin_id,s2_0.store_type,s2_0.updated_at,b1_0.updated_at,u1_0.created_at,u1_0.email,u1_0.full_name,u1_0.last_login,u1_0.password,u1_0.phone,u1_0.role,s3_0.id,s3_0.brand,s3_0.address,s3_0.email,s3_0.phone,s3_0.created_at,s3_0.description,s3_0.status,sa2_0.id,sa2_0.branch_id,sa2_0.created_at,sa2_0.email,sa2_0.full_name,sa2_0.last_login,sa2_0.password,sa2_0.phone,sa2_0.role,sa2_0.store_id,sa2_0.updated_at,sa2_0.verified,s3_0.store_type,s3_0.updated_at,u1_0.updated_at,u1_0.verified from users u1_0 left join branches b1_0 on b1_0.id=u1_0.branch_id left join users m1_0 on m1_0.id=b1_0.manager_id left join stores s2_0 on s2_0.id=b1_0.store_id left join stores s3_0 on s3_0.id=u1_0.store_id left join users sa2_0 on sa2_0.id=s3_0.store_admin_id where u1_0.id=?
Hibernate: select u1_0.id,b1_0.id,b1_0.address,b1_0.close_time,b1_0.created_at,b1_0.email,m1_0.id,m1_0.branch_id,m1_0.created_at,m1_0.email,m1_0.full_name,m1_0.last_login,m1_0.password,m1_0.phone,m1_0.role,m1_0.store_id,m1_0.updated_at,m1_0.verified,b1_0.name,b1_0.open_time,b1_0.phone,s2_0.id,s2_0.brand,s2_0.address,s2_0.email,s2_0.phone,s2_0.created_at,s2_0.description,s2_0.status,s2_0.store_admin_id,s2_0.store_type,s2_0.updated_at,b1_0.updated_at,u1_0.created_at,u1_0.email,u1_0.full_name,u1_0.last_login,u1_0.password,u1_0.phone,u1_0.role,s3_0.id,s3_0.brand,s3_0.address,s3_0.email,s3_0.phone,s3_0.created_at,s3_0.description,s3_0.status,sa2_0.id,sa2_0.branch_id,sa2_0.created_at,sa2_0.email,sa2_0.full_name,sa2_0.last_login,sa2_0.password,sa2_0.phone,sa2_0.role,sa2_0.store_id,sa2_0.updated_at,sa2_0.verified,s3_0.store_type,s3_0.updated_at,u1_0.updated_at,u1_0.verified from users u1_0 left join branches b1_0 on b1_0.id=u1_0.branch_id left join users m1_0 on m1_0.id=b1_0.manager_id left join stores s2_0 on s2_0.id=b1_0.store_id left join stores s3_0 on s3_0.id=u1_0.store_id left join users sa2_0 on sa2_0.id=s3_0.store_admin_id where u1_0.id=?
2026-05-10T11:27:44.024+07:00 DEBUG 99967 --- [pos-system] [nio-8080-exec-9] org.hibernate.SQL                        : select c1_0.id,c1_0.created_at,c1_0.email,c1_0.full_name,c1_0.phone,c1_0.updated_at from customer c1_0 where c1_0.id=?
Hibernate: select c1_0.id,c1_0.created_at,c1_0.email,c1_0.full_name,c1_0.phone,c1_0.updated_at from customer c1_0 where c1_0.id=?
2026-05-10T11:27:44.025+07:00 DEBUG 99967 --- [pos-system] [nio-8080-exec-9] org.hibernate.SQL                        : select i1_0.order_id,i1_0.id,i1_0.price,p1_0.id,p1_0.brand,c1_0.id,c1_0.name,c1_0.store_id,p1_0.created_at,p1_0.description,p1_0.image,p1_0.mrp,p1_0.name,p1_0.selling_price,p1_0.sku,p1_0.store_id,s2_0.id,s2_0.brand,s2_0.address,s2_0.email,s2_0.phone,s2_0.created_at,s2_0.description,s2_0.status,s2_0.store_admin_id,s2_0.store_type,s2_0.updated_at,p1_0.updated_at,i1_0.quantity from order_items i1_0 left join products p1_0 on p1_0.id=i1_0.product_id left join categories c1_0 on c1_0.id=p1_0.category_id left join stores s2_0 on s2_0.id=p1_0.store_id where i1_0.order_id=?
Hibernate: select i1_0.order_id,i1_0.id,i1_0.price,p1_0.id,p1_0.brand,c1_0.id,c1_0.name,c1_0.store_id,p1_0.created_at,p1_0.description,p1_0.image,p1_0.mrp,p1_0.name,p1_0.selling_price,p1_0.sku,p1_0.store_id,s2_0.id,s2_0.brand,s2_0.address,s2_0.email,s2_0.phone,s2_0.created_at,s2_0.description,s2_0.status,s2_0.store_admin_id,s2_0.store_type,s2_0.updated_at,p1_0.updated_at,i1_0.quantity from order_items i1_0 left join products p1_0 on p1_0.id=i1_0.product_id left join categories c1_0 on c1_0.id=p1_0.category_id left join stores s2_0 on s2_0.id=p1_0.store_id where i1_0.order_id=?
2026-05-10T11:27:44.031+07:00 DEBUG 99967 --- [pos-system] [nio-8080-exec-8] org.hibernate.SQL                        : select o1_0.id,o1_0.branch_id,o1_0.cashier_id,o1_0.created_at,o1_0.customer_id,o1_0.payment_type,o1_0.status,o1_0.total_amount from orders o1_0 left join branches b1_0 on b1_0.id=o1_0.branch_id where b1_0.id=?
Hibernate: select o1_0.id,o1_0.branch_id,o1_0.cashier_id,o1_0.created_at,o1_0.customer_id,o1_0.payment_type,o1_0.status,o1_0.total_amount from orders o1_0 left join branches b1_0 on b1_0.id=o1_0.branch_id where b1_0.id=?
2026-05-10T11:27:44.032+07:00 DEBUG 99967 --- [pos-system] [nio-8080-exec-8] org.hibernate.SQL                        : select b1_0.id,b1_0.address,b1_0.close_time,b1_0.created_at,b1_0.email,m1_0.id,b2_0.id,b2_0.address,b2_0.close_time,b2_0.created_at,b2_0.email,b2_0.manager_id,b2_0.name,b2_0.open_time,b2_0.phone,b2_0.store_id,b2_0.updated_at,m1_0.created_at,m1_0.email,m1_0.full_name,m1_0.last_login,m1_0.password,m1_0.phone,m1_0.role,s2_0.id,s2_0.brand,s2_0.address,s2_0.email,s2_0.phone,s2_0.created_at,s2_0.description,s2_0.status,s2_0.store_admin_id,s2_0.store_type,s2_0.updated_at,m1_0.updated_at,m1_0.verified,b1_0.name,b1_0.open_time,b1_0.phone,s3_0.id,s3_0.brand,s3_0.address,s3_0.email,s3_0.phone,s3_0.created_at,s3_0.description,s3_0.status,sa2_0.id,sa2_0.branch_id,sa2_0.created_at,sa2_0.email,sa2_0.full_name,sa2_0.last_login,sa2_0.password,sa2_0.phone,sa2_0.role,sa2_0.store_id,sa2_0.updated_at,sa2_0.verified,s3_0.store_type,s3_0.updated_at,b1_0.updated_at from branches b1_0 left join users m1_0 on m1_0.id=b1_0.manager_id left join branches b2_0 on b2_0.id=m1_0.branch_id left join stores s2_0 on s2_0.id=m1_0.store_id left join stores s3_0 on s3_0.id=b1_0.store_id left join users sa2_0 on sa2_0.id=s3_0.store_admin_id where b1_0.id=?
Hibernate: select b1_0.id,b1_0.address,b1_0.close_time,b1_0.created_at,b1_0.email,m1_0.id,b2_0.id,b2_0.address,b2_0.close_time,b2_0.created_at,b2_0.email,b2_0.manager_id,b2_0.name,b2_0.open_time,b2_0.phone,b2_0.store_id,b2_0.updated_at,m1_0.created_at,m1_0.email,m1_0.full_name,m1_0.last_login,m1_0.password,m1_0.phone,m1_0.role,s2_0.id,s2_0.brand,s2_0.address,s2_0.email,s2_0.phone,s2_0.created_at,s2_0.description,s2_0.status,s2_0.store_admin_id,s2_0.store_type,s2_0.updated_at,m1_0.updated_at,m1_0.verified,b1_0.name,b1_0.open_time,b1_0.phone,s3_0.id,s3_0.brand,s3_0.address,s3_0.email,s3_0.phone,s3_0.created_at,s3_0.description,s3_0.status,sa2_0.id,sa2_0.branch_id,sa2_0.created_at,sa2_0.email,sa2_0.full_name,sa2_0.last_login,sa2_0.password,sa2_0.phone,sa2_0.role,sa2_0.store_id,sa2_0.updated_at,sa2_0.verified,s3_0.store_type,s3_0.updated_at,b1_0.updated_at from branches b1_0 left join users m1_0 on m1_0.id=b1_0.manager_id left join branches b2_0 on b2_0.id=m1_0.branch_id left join stores s2_0 on s2_0.id=m1_0.store_id left join stores s3_0 on s3_0.id=b1_0.store_id left join users sa2_0 on sa2_0.id=s3_0.store_admin_id where b1_0.id=?
2026-05-10T11:27:44.033+07:00 DEBUG 99967 --- [pos-system] [nio-8080-exec-8] org.hibernate.SQL                        : select u1_0.id,b1_0.id,b1_0.address,b1_0.close_time,b1_0.created_at,b1_0.email,m1_0.id,m1_0.branch_id,m1_0.created_at,m1_0.email,m1_0.full_name,m1_0.last_login,m1_0.password,m1_0.phone,m1_0.role,m1_0.store_id,m1_0.updated_at,m1_0.verified,b1_0.name,b1_0.open_time,b1_0.phone,s2_0.id,s2_0.brand,s2_0.address,s2_0.email,s2_0.phone,s2_0.created_at,s2_0.description,s2_0.status,s2_0.store_admin_id,s2_0.store_type,s2_0.updated_at,b1_0.updated_at,u1_0.created_at,u1_0.email,u1_0.full_name,u1_0.last_login,u1_0.password,u1_0.phone,u1_0.role,s3_0.id,s3_0.brand,s3_0.address,s3_0.email,s3_0.phone,s3_0.created_at,s3_0.description,s3_0.status,sa2_0.id,sa2_0.branch_id,sa2_0.created_at,sa2_0.email,sa2_0.full_name,sa2_0.last_login,sa2_0.password,sa2_0.phone,sa2_0.role,sa2_0.store_id,sa2_0.updated_at,sa2_0.verified,s3_0.store_type,s3_0.updated_at,u1_0.updated_at,u1_0.verified from users u1_0 left join branches b1_0 on b1_0.id=u1_0.branch_id left join users m1_0 on m1_0.id=b1_0.manager_id left join stores s2_0 on s2_0.id=b1_0.store_id left join stores s3_0 on s3_0.id=u1_0.store_id left join users sa2_0 on sa2_0.id=s3_0.store_admin_id where u1_0.id=?
Hibernate: select u1_0.id,b1_0.id,b1_0.address,b1_0.close_time,b1_0.created_at,b1_0.email,m1_0.id,m1_0.branch_id,m1_0.created_at,m1_0.email,m1_0.full_name,m1_0.last_login,m1_0.password,m1_0.phone,m1_0.role,m1_0.store_id,m1_0.updated_at,m1_0.verified,b1_0.name,b1_0.open_time,b1_0.phone,s2_0.id,s2_0.brand,s2_0.address,s2_0.email,s2_0.phone,s2_0.created_at,s2_0.description,s2_0.status,s2_0.store_admin_id,s2_0.store_type,s2_0.updated_at,b1_0.updated_at,u1_0.created_at,u1_0.email,u1_0.full_name,u1_0.last_login,u1_0.password,u1_0.phone,u1_0.role,s3_0.id,s3_0.brand,s3_0.address,s3_0.email,s3_0.phone,s3_0.created_at,s3_0.description,s3_0.status,sa2_0.id,sa2_0.branch_id,sa2_0.created_at,sa2_0.email,sa2_0.full_name,sa2_0.last_login,sa2_0.password,sa2_0.phone,sa2_0.role,sa2_0.store_id,sa2_0.updated_at,sa2_0.verified,s3_0.store_type,s3_0.updated_at,u1_0.updated_at,u1_0.verified from users u1_0 left join branches b1_0 on b1_0.id=u1_0.branch_id left join users m1_0 on m1_0.id=b1_0.manager_id left join stores s2_0 on s2_0.id=b1_0.store_id left join stores s3_0 on s3_0.id=u1_0.store_id left join users sa2_0 on sa2_0.id=s3_0.store_admin_id where u1_0.id=?
2026-05-10T11:27:44.034+07:00 DEBUG 99967 --- [pos-system] [nio-8080-exec-8] org.hibernate.SQL                        : select c1_0.id,c1_0.created_at,c1_0.email,c1_0.full_name,c1_0.phone,c1_0.updated_at from customer c1_0 where c1_0.id=?
Hibernate: select c1_0.id,c1_0.created_at,c1_0.email,c1_0.full_name,c1_0.phone,c1_0.updated_at from customer c1_0 where c1_0.id=?
2026-05-10T11:27:44.035+07:00 DEBUG 99967 --- [pos-system] [nio-8080-exec-8] org.hibernate.SQL                        : select i1_0.order_id,i1_0.id,i1_0.price,p1_0.id,p1_0.brand,c1_0.id,c1_0.name,c1_0.store_id,p1_0.created_at,p1_0.description,p1_0.image,p1_0.mrp,p1_0.name,p1_0.selling_price,p1_0.sku,p1_0.store_id,s2_0.id,s2_0.brand,s2_0.address,s2_0.email,s2_0.phone,s2_0.created_at,s2_0.description,s2_0.status,s2_0.store_admin_id,s2_0.store_type,s2_0.updated_at,p1_0.updated_at,i1_0.quantity from order_items i1_0 left join products p1_0 on p1_0.id=i1_0.product_id left join categories c1_0 on c1_0.id=p1_0.category_id left join stores s2_0 on s2_0.id=p1_0.store_id where i1_0.order_id=?
Hibernate: select i1_0.order_id,i1_0.id,i1_0.price,p1_0.id,p1_0.brand,c1_0.id,c1_0.name,c1_0.store_id,p1_0.created_at,p1_0.description,p1_0.image,p1_0.mrp,p1_0.name,p1_0.selling_price,p1_0.sku,p1_0.store_id,s2_0.id,s2_0.brand,s2_0.address,s2_0.email,s2_0.phone,s2_0.created_at,s2_0.description,s2_0.status,s2_0.store_admin_id,s2_0.store_type,s2_0.updated_at,p1_0.updated_at,i1_0.quantity from order_items i1_0 left join products p1_0 on p1_0.id=i1_0.product_id left join categories c1_0 on c1_0.id=p1_0.category_id left join stores s2_0 on s2_0.id=p1_0.store_id where i1_0.order_id=?
2026-05-10T11:45:03.205+07:00  INFO 99967 --- [pos-system] [   File Watcher] rtingClassPathChangeChangedEventListener : Restarting due to 220 class path changes (0 additions, 220 deletions, 0 modifications)
2026-05-10T11:45:03.255+07:00  INFO 99967 --- [pos-system] [       Thread-5] o.s.b.w.e.tomcat.GracefulShutdown        : Commencing graceful shutdown. Waiting for active requests to complete
2026-05-10T11:45:03.283+07:00  INFO 99967 --- [pos-system] [tomcat-shutdown] o.s.b.w.e.tomcat.GracefulShutdown        : Graceful shutdown complete
2026-05-10T11:45:03.315+07:00  INFO 99967 --- [pos-system] [       Thread-5] j.LocalContainerEntityManagerFactoryBean : Closing JPA EntityManagerFactory for persistence unit 'default'
2026-05-10T11:45:03.338+07:00  INFO 99967 --- [pos-system] [       Thread-5] com.zaxxer.hikari.HikariDataSource       : HikariPool-1 - Shutdown initiated...
2026-05-10T11:45:03.366+07:00  INFO 99967 --- [pos-system] [       Thread-5] com.zaxxer.hikari.HikariDataSource       : HikariPool-1 - Shutdown completed.

  .   ____          _            __ _ _
 /\\ / ___'_ __ _ _(_)_ __  __ _ \ \ \ \
( ( )\___ | '_ | '_| | '_ \/ _` | \ \ \ \
 \\/  ___)| |_)| | | | | || (_| |  ) ) ) )
  '  |____| .__|_| |_|_| |_\__, | / / / /
 =========|_|==============|___/=/_/_/_/

 :: Spring Boot ::                (v3.5.3)

2026-05-10T11:45:03.538+07:00  INFO 99967 --- [pos-system] [  restartedMain] com.zosh.PosSystemApplication            : Starting PosSystemApplication using Java 21.0.2 with PID 99967 (/Users/Study/DOAN/z pos-source-code_1/pos-backend/target/classes started by mac in /Users/Study/DOAN/z pos-source-code_1/pos-backend)
2026-05-10T11:45:03.538+07:00  INFO 99967 --- [pos-system] [  restartedMain] com.zosh.PosSystemApplication            : The following 1 profile is active: "dev"
2026-05-10T11:45:03.713+07:00  INFO 99967 --- [pos-system] [  restartedMain] .s.d.r.c.RepositoryConfigurationDelegate : Bootstrapping Spring Data JPA repositories in DEFAULT mode.
2026-05-10T11:45:03.715+07:00  INFO 99967 --- [pos-system] [  restartedMain] .s.d.r.c.RepositoryConfigurationDelegate : Finished Spring Data repository scanning in 1 ms. Found 0 JPA repository interfaces.
2026-05-10T11:45:03.843+07:00  INFO 99967 --- [pos-system] [  restartedMain] o.s.b.w.embedded.tomcat.TomcatWebServer  : Tomcat initialized with port 8080 (http)
2026-05-10T11:45:03.844+07:00  INFO 99967 --- [pos-system] [  restartedMain] o.apache.catalina.core.StandardService   : Starting service [Tomcat]
2026-05-10T11:45:03.845+07:00  INFO 99967 --- [pos-system] [  restartedMain] o.apache.catalina.core.StandardEngine    : Starting Servlet engine: [Apache Tomcat/10.1.42]
2026-05-10T11:45:03.864+07:00  INFO 99967 --- [pos-system] [  restartedMain] o.a.c.c.C.[Tomcat].[localhost].[/]       : Initializing Spring embedded WebApplicationContext
2026-05-10T11:45:03.865+07:00  INFO 99967 --- [pos-system] [  restartedMain] w.s.c.ServletWebServerApplicationContext : Root WebApplicationContext: initialization completed in 326 ms
2026-05-10T11:45:03.900+07:00  WARN 99967 --- [pos-system] [  restartedMain] ConfigServletWebServerApplicationContext : Exception encountered during context initialization - cancelling refresh attempt: org.springframework.beans.factory.BeanCreationException: Error creating bean with name 'entityManagerFactory' defined in class path resource [org/springframework/boot/autoconfigure/orm/jpa/HibernateJpaConfiguration.class]: Failed to initialize dependency 'dataSourceScriptDatabaseInitializer' of LoadTimeWeaverAware bean 'entityManagerFactory': Error creating bean with name 'dataSourceScriptDatabaseInitializer' defined in class path resource [org/springframework/boot/autoconfigure/sql/init/DataSourceInitializationConfiguration.class]: Unsatisfied dependency expressed through method 'dataSourceScriptDatabaseInitializer' parameter 0: Error creating bean with name 'dataSource' defined in class path resource [org/springframework/boot/autoconfigure/jdbc/DataSourceConfiguration$Hikari.class]: Failed to instantiate [com.zaxxer.hikari.HikariDataSource]: Factory method 'dataSource' threw exception with message: Failed to determine a suitable driver class
2026-05-10T11:45:03.901+07:00  INFO 99967 --- [pos-system] [  restartedMain] o.apache.catalina.core.StandardService   : Stopping service [Tomcat]
2026-05-10T11:45:03.909+07:00  INFO 99967 --- [pos-system] [  restartedMain] .s.b.a.l.ConditionEvaluationReportLogger : 

Error starting ApplicationContext. To display the condition evaluation report re-run your application with 'debug' enabled.
2026-05-10T11:45:03.931+07:00 ERROR 99967 --- [pos-system] [  restartedMain] o.s.b.d.LoggingFailureAnalysisReporter   : 

***************************
APPLICATION FAILED TO START
***************************

Description:

Failed to configure a DataSource: 'url' attribute is not specified and no embedded datasource could be configured.

Reason: Failed to determine a suitable driver class


Action:

Consider the following:
	If you want an embedded database (H2, HSQL or Derby), please put it on the classpath.
	If you have database settings to be loaded from a particular profile you may need to activate it (the profiles dev are currently active).


  .   ____          _            __ _ _
 /\\ / ___'_ __ _ _(_)_ __  __ _ \ \ \ \
( ( )\___ | '_ | '_| | '_ \/ _` | \ \ \ \
 \\/  ___)| |_)| | | | | || (_| |  ) ) ) )
  '  |____| .__|_| |_|_| |_\__, | / / / /
 =========|_|==============|___/=/_/_/_/

 :: Spring Boot ::                (v3.5.3)

2026-05-10T11:45:05.433+07:00  INFO 99967 --- [pos-system] [  restartedMain] com.zosh.PosSystemApplication            : Starting PosSystemApplication using Java 21.0.2 with PID 99967 (/Users/Study/DOAN/z pos-source-code_1/pos-backend/target/classes started by mac in /Users/Study/DOAN/z pos-source-code_1/pos-backend)
2026-05-10T11:45:05.433+07:00  INFO 99967 --- [pos-system] [  restartedMain] com.zosh.PosSystemApplication            : The following 1 profile is active: "dev"
2026-05-10T11:45:05.665+07:00  INFO 99967 --- [pos-system] [  restartedMain] .s.d.r.c.RepositoryConfigurationDelegate : Bootstrapping Spring Data JPA repositories in DEFAULT mode.
2026-05-10T11:45:05.716+07:00  INFO 99967 --- [pos-system] [  restartedMain] .s.d.r.c.RepositoryConfigurationDelegate : Finished Spring Data repository scanning in 50 ms. Found 16 JPA repository interfaces.
2026-05-10T11:45:05.853+07:00  INFO 99967 --- [pos-system] [  restartedMain] o.s.b.w.embedded.tomcat.TomcatWebServer  : Tomcat initialized with port 8080 (http)
2026-05-10T11:45:05.854+07:00  INFO 99967 --- [pos-system] [  restartedMain] o.apache.catalina.core.StandardService   : Starting service [Tomcat]
2026-05-10T11:45:05.855+07:00  INFO 99967 --- [pos-system] [  restartedMain] o.apache.catalina.core.StandardEngine    : Starting Servlet engine: [Apache Tomcat/10.1.42]
2026-05-10T11:45:05.860+07:00  INFO 99967 --- [pos-system] [  restartedMain] o.a.c.c.C.[Tomcat-1].[localhost].[/]     : Initializing Spring embedded WebApplicationContext
2026-05-10T11:45:05.860+07:00  INFO 99967 --- [pos-system] [  restartedMain] w.s.c.ServletWebServerApplicationContext : Root WebApplicationContext: initialization completed in 423 ms
2026-05-10T11:45:05.885+07:00  INFO 99967 --- [pos-system] [  restartedMain] o.hibernate.jpa.internal.util.LogHelper  : HHH000204: Processing PersistenceUnitInfo [name: default]
2026-05-10T11:45:05.887+07:00  INFO 99967 --- [pos-system] [  restartedMain] o.h.c.internal.RegionFactoryInitiator    : HHH000026: Second-level cache disabled
2026-05-10T11:45:05.893+07:00  INFO 99967 --- [pos-system] [  restartedMain] o.s.o.j.p.SpringPersistenceUnitInfo      : No LoadTimeWeaver setup: ignoring JPA class transformer
2026-05-10T11:45:05.894+07:00  INFO 99967 --- [pos-system] [  restartedMain] com.zaxxer.hikari.HikariDataSource       : HikariPool-2 - Starting...
2026-05-10T11:45:05.936+07:00  INFO 99967 --- [pos-system] [  restartedMain] com.zaxxer.hikari.pool.HikariPool        : HikariPool-2 - Added connection com.mysql.cj.jdbc.ConnectionImpl@5a1d813a
2026-05-10T11:45:05.936+07:00  INFO 99967 --- [pos-system] [  restartedMain] com.zaxxer.hikari.HikariDataSource       : HikariPool-2 - Start completed.
2026-05-10T11:45:05.937+07:00  WARN 99967 --- [pos-system] [  restartedMain] org.hibernate.dialect.Dialect            : HHH000511: The 5.5.5 version for [org.hibernate.dialect.MySQLDialect] is no longer supported, hence certain features may not work properly. The minimum supported version is 8.0.0. Check the community dialects project for available legacy versions.
2026-05-10T11:45:05.937+07:00  INFO 99967 --- [pos-system] [  restartedMain] org.hibernate.orm.connections.pooling    : HHH10001005: Database info:
	Database JDBC URL [Connecting through datasource 'HikariDataSource (HikariPool-2)']
	Database driver: undefined/unknown
	Database version: 5.5.5
	Autocommit mode: undefined/unknown
	Isolation level: undefined/unknown
	Minimum pool size: undefined/unknown
	Maximum pool size: undefined/unknown
2026-05-10T11:45:05.938+07:00 DEBUG 99967 --- [pos-system] [  restartedMain] o.h.t.d.sql.spi.DdlTypeRegistry          : addDescriptor(12, org.hibernate.type.descriptor.sql.internal.CapacityDependentDdlType@5be4630b) replaced previous registration(org.hibernate.type.descriptor.sql.internal.CapacityDependentDdlType@4f3d15c9)
2026-05-10T11:45:05.938+07:00 DEBUG 99967 --- [pos-system] [  restartedMain] o.h.t.d.sql.spi.DdlTypeRegistry          : addDescriptor(-9, org.hibernate.type.descriptor.sql.internal.CapacityDependentDdlType@7618dd6c) replaced previous registration(org.hibernate.type.descriptor.sql.internal.CapacityDependentDdlType@18f6ebd1)
2026-05-10T11:45:05.938+07:00 DEBUG 99967 --- [pos-system] [  restartedMain] o.h.t.d.sql.spi.DdlTypeRegistry          : addDescriptor(-3, org.hibernate.type.descriptor.sql.internal.CapacityDependentDdlType@60f23fff) replaced previous registration(org.hibernate.type.descriptor.sql.internal.CapacityDependentDdlType@4746fd75)
2026-05-10T11:45:05.938+07:00 DEBUG 99967 --- [pos-system] [  restartedMain] o.h.t.d.sql.spi.DdlTypeRegistry          : addDescriptor(4003, org.hibernate.type.descriptor.sql.internal.DdlTypeImpl@7785bb4c) replaced previous registration(org.hibernate.type.descriptor.sql.internal.DdlTypeImpl@58027e0e)
2026-05-10T11:45:05.938+07:00 DEBUG 99967 --- [pos-system] [  restartedMain] o.h.t.d.sql.spi.DdlTypeRegistry          : addDescriptor(4001, org.hibernate.type.descriptor.sql.internal.DdlTypeImpl@29febf36) replaced previous registration(org.hibernate.type.descriptor.sql.internal.DdlTypeImpl@59235229)
2026-05-10T11:45:05.938+07:00 DEBUG 99967 --- [pos-system] [  restartedMain] o.h.t.d.sql.spi.DdlTypeRegistry          : addDescriptor(4002, org.hibernate.type.descriptor.sql.internal.DdlTypeImpl@326cd9a) replaced previous registration(org.hibernate.type.descriptor.sql.internal.DdlTypeImpl@489f21fe)
2026-05-10T11:45:05.938+07:00 DEBUG 99967 --- [pos-system] [  restartedMain] o.h.t.d.sql.spi.DdlTypeRegistry          : addDescriptor(2004, org.hibernate.type.descriptor.sql.internal.CapacityDependentDdlType@14c430d4) replaced previous registration(org.hibernate.type.descriptor.sql.internal.DdlTypeImpl@57b58a7f)
2026-05-10T11:45:05.938+07:00 DEBUG 99967 --- [pos-system] [  restartedMain] o.h.t.d.sql.spi.DdlTypeRegistry          : addDescriptor(2005, org.hibernate.type.descriptor.sql.internal.CapacityDependentDdlType@624ad70e) replaced previous registration(org.hibernate.type.descriptor.sql.internal.DdlTypeImpl@53eb8a68)
2026-05-10T11:45:05.938+07:00 DEBUG 99967 --- [pos-system] [  restartedMain] o.h.t.d.sql.spi.DdlTypeRegistry          : addDescriptor(2011, org.hibernate.type.descriptor.sql.internal.CapacityDependentDdlType@661c4251) replaced previous registration(org.hibernate.type.descriptor.sql.internal.DdlTypeImpl@1d01da9f)
2026-05-10T11:45:06.148+07:00  INFO 99967 --- [pos-system] [  restartedMain] o.h.e.t.j.p.i.JtaPlatformInitiator       : HHH000489: No JTA platform available (set 'hibernate.transaction.jta.platform' to enable JTA platform integration)
2026-05-10T11:45:06.243+07:00  INFO 99967 --- [pos-system] [  restartedMain] j.LocalContainerEntityManagerFactoryBean : Initialized JPA EntityManagerFactory for persistence unit 'default'
2026-05-10T11:45:06.455+07:00  WARN 99967 --- [pos-system] [  restartedMain] JpaBaseConfiguration$JpaWebConfiguration : spring.jpa.open-in-view is enabled by default. Therefore, database queries may be performed during view rendering. Explicitly configure spring.jpa.open-in-view to disable this warning
2026-05-10T11:45:06.461+07:00  INFO 99967 --- [pos-system] [  restartedMain] r$InitializeUserDetailsManagerConfigurer : Global AuthenticationManager configured with UserDetailsService bean with name customUserImplementation
2026-05-10T11:45:06.558+07:00  INFO 99967 --- [pos-system] [  restartedMain] o.s.b.d.a.OptionalLiveReloadServer       : LiveReload server is running on port 35729
2026-05-10T11:45:06.566+07:00  INFO 99967 --- [pos-system] [  restartedMain] o.s.b.w.embedded.tomcat.TomcatWebServer  : Tomcat started on port 8080 (http) with context path '/'
2026-05-10T11:45:06.569+07:00  INFO 99967 --- [pos-system] [  restartedMain] com.zosh.PosSystemApplication            : Started PosSystemApplication in 1.186 seconds (process running for 1069.891)
2026-05-10T11:45:06.591+07:00 DEBUG 99967 --- [pos-system] [  restartedMain] org.hibernate.SQL                        : select u1_0.id,u1_0.branch_id,u1_0.created_at,u1_0.email,u1_0.full_name,u1_0.last_login,u1_0.password,u1_0.phone,u1_0.role,u1_0.store_id,u1_0.updated_at,u1_0.verified from users u1_0 where u1_0.email=?
Hibernate: select u1_0.id,u1_0.branch_id,u1_0.created_at,u1_0.email,u1_0.full_name,u1_0.last_login,u1_0.password,u1_0.phone,u1_0.role,u1_0.store_id,u1_0.updated_at,u1_0.verified from users u1_0 where u1_0.email=?
2026-05-10T11:45:06.601+07:00  INFO 99967 --- [pos-system] [  restartedMain] .ConditionEvaluationDeltaLoggingListener : Condition evaluation unchanged
2026-05-10T11:45:07.990+07:00  INFO 99967 --- [pos-system] [   File Watcher] rtingClassPathChangeChangedEventListener : Restarting due to 2 class path changes (2 additions, 0 deletions, 0 modifications)
2026-05-10T11:45:07.991+07:00  INFO 99967 --- [pos-system] [       Thread-7] o.s.b.w.e.tomcat.GracefulShutdown        : Commencing graceful shutdown. Waiting for active requests to complete
2026-05-10T11:45:07.993+07:00  INFO 99967 --- [pos-system] [tomcat-shutdown] o.s.b.w.e.tomcat.GracefulShutdown        : Graceful shutdown complete
2026-05-10T11:45:07.996+07:00  INFO 99967 --- [pos-system] [       Thread-7] j.LocalContainerEntityManagerFactoryBean : Closing JPA EntityManagerFactory for persistence unit 'default'
2026-05-10T11:45:07.996+07:00  INFO 99967 --- [pos-system] [       Thread-7] com.zaxxer.hikari.HikariDataSource       : HikariPool-2 - Shutdown initiated...
2026-05-10T11:45:07.997+07:00  INFO 99967 --- [pos-system] [       Thread-7] com.zaxxer.hikari.HikariDataSource       : HikariPool-2 - Shutdown completed.

  .   ____          _            __ _ _
 /\\ / ___'_ __ _ _(_)_ __  __ _ \ \ \ \
( ( )\___ | '_ | '_| | '_ \/ _` | \ \ \ \
 \\/  ___)| |_)| | | | | || (_| |  ) ) ) )
  '  |____| .__|_| |_|_| |_\__, | / / / /
 =========|_|==============|___/=/_/_/_/

 :: Spring Boot ::                (v3.5.3)

2026-05-10T11:45:08.059+07:00  INFO 99967 --- [pos-system] [  restartedMain] com.zosh.PosSystemApplication            : Starting PosSystemApplication using Java 21.0.2 with PID 99967 (/Users/Study/DOAN/z pos-source-code_1/pos-backend/target/classes started by mac in /Users/Study/DOAN/z pos-source-code_1/pos-backend)
2026-05-10T11:45:08.059+07:00  INFO 99967 --- [pos-system] [  restartedMain] com.zosh.PosSystemApplication            : The following 1 profile is active: "dev"
2026-05-10T11:45:08.162+07:00  INFO 99967 --- [pos-system] [  restartedMain] .s.d.r.c.RepositoryConfigurationDelegate : Bootstrapping Spring Data JPA repositories in DEFAULT mode.
2026-05-10T11:45:08.182+07:00  INFO 99967 --- [pos-system] [  restartedMain] .s.d.r.c.RepositoryConfigurationDelegate : Finished Spring Data repository scanning in 19 ms. Found 16 JPA repository interfaces.
2026-05-10T11:45:08.239+07:00  INFO 99967 --- [pos-system] [  restartedMain] o.s.b.w.embedded.tomcat.TomcatWebServer  : Tomcat initialized with port 8080 (http)
2026-05-10T11:45:08.239+07:00  INFO 99967 --- [pos-system] [  restartedMain] o.apache.catalina.core.StandardService   : Starting service [Tomcat]
2026-05-10T11:45:08.239+07:00  INFO 99967 --- [pos-system] [  restartedMain] o.apache.catalina.core.StandardEngine    : Starting Servlet engine: [Apache Tomcat/10.1.42]
2026-05-10T11:45:08.245+07:00  INFO 99967 --- [pos-system] [  restartedMain] o.a.c.c.C.[Tomcat-1].[localhost].[/]     : Initializing Spring embedded WebApplicationContext
2026-05-10T11:45:08.245+07:00  INFO 99967 --- [pos-system] [  restartedMain] w.s.c.ServletWebServerApplicationContext : Root WebApplicationContext: initialization completed in 185 ms
2026-05-10T11:45:08.268+07:00  INFO 99967 --- [pos-system] [  restartedMain] o.hibernate.jpa.internal.util.LogHelper  : HHH000204: Processing PersistenceUnitInfo [name: default]
2026-05-10T11:45:08.269+07:00  INFO 99967 --- [pos-system] [  restartedMain] o.h.c.internal.RegionFactoryInitiator    : HHH000026: Second-level cache disabled
2026-05-10T11:45:08.274+07:00  INFO 99967 --- [pos-system] [  restartedMain] o.s.o.j.p.SpringPersistenceUnitInfo      : No LoadTimeWeaver setup: ignoring JPA class transformer
2026-05-10T11:45:08.274+07:00  INFO 99967 --- [pos-system] [  restartedMain] com.zaxxer.hikari.HikariDataSource       : HikariPool-3 - Starting...
2026-05-10T11:45:08.277+07:00  INFO 99967 --- [pos-system] [  restartedMain] com.zaxxer.hikari.pool.HikariPool        : HikariPool-3 - Added connection com.mysql.cj.jdbc.ConnectionImpl@6dfefc5e
2026-05-10T11:45:08.277+07:00  INFO 99967 --- [pos-system] [  restartedMain] com.zaxxer.hikari.HikariDataSource       : HikariPool-3 - Start completed.
2026-05-10T11:45:08.278+07:00  WARN 99967 --- [pos-system] [  restartedMain] org.hibernate.dialect.Dialect            : HHH000511: The 5.5.5 version for [org.hibernate.dialect.MySQLDialect] is no longer supported, hence certain features may not work properly. The minimum supported version is 8.0.0. Check the community dialects project for available legacy versions.
2026-05-10T11:45:08.278+07:00  INFO 99967 --- [pos-system] [  restartedMain] org.hibernate.orm.connections.pooling    : HHH10001005: Database info:
	Database JDBC URL [Connecting through datasource 'HikariDataSource (HikariPool-3)']
	Database driver: undefined/unknown
	Database version: 5.5.5
	Autocommit mode: undefined/unknown
	Isolation level: undefined/unknown
	Minimum pool size: undefined/unknown
	Maximum pool size: undefined/unknown
2026-05-10T11:45:08.278+07:00 DEBUG 99967 --- [pos-system] [  restartedMain] o.h.t.d.sql.spi.DdlTypeRegistry          : addDescriptor(12, org.hibernate.type.descriptor.sql.internal.CapacityDependentDdlType@1be81417) replaced previous registration(org.hibernate.type.descriptor.sql.internal.CapacityDependentDdlType@68c14791)
2026-05-10T11:45:08.278+07:00 DEBUG 99967 --- [pos-system] [  restartedMain] o.h.t.d.sql.spi.DdlTypeRegistry          : addDescriptor(-9, org.hibernate.type.descriptor.sql.internal.CapacityDependentDdlType@31594a02) replaced previous registration(org.hibernate.type.descriptor.sql.internal.CapacityDependentDdlType@6e8bdab6)
2026-05-10T11:45:08.278+07:00 DEBUG 99967 --- [pos-system] [  restartedMain] o.h.t.d.sql.spi.DdlTypeRegistry          : addDescriptor(-3, org.hibernate.type.descriptor.sql.internal.CapacityDependentDdlType@359833dc) replaced previous registration(org.hibernate.type.descriptor.sql.internal.CapacityDependentDdlType@57070731)
2026-05-10T11:45:08.278+07:00 DEBUG 99967 --- [pos-system] [  restartedMain] o.h.t.d.sql.spi.DdlTypeRegistry          : addDescriptor(4003, org.hibernate.type.descriptor.sql.internal.DdlTypeImpl@2cf55e89) replaced previous registration(org.hibernate.type.descriptor.sql.internal.DdlTypeImpl@1c9b7fcb)
2026-05-10T11:45:08.278+07:00 DEBUG 99967 --- [pos-system] [  restartedMain] o.h.t.d.sql.spi.DdlTypeRegistry          : addDescriptor(4001, org.hibernate.type.descriptor.sql.internal.DdlTypeImpl@6869b957) replaced previous registration(org.hibernate.type.descriptor.sql.internal.DdlTypeImpl@73805e4)
2026-05-10T11:45:08.278+07:00 DEBUG 99967 --- [pos-system] [  restartedMain] o.h.t.d.sql.spi.DdlTypeRegistry          : addDescriptor(4002, org.hibernate.type.descriptor.sql.internal.DdlTypeImpl@13f129c) replaced previous registration(org.hibernate.type.descriptor.sql.internal.DdlTypeImpl@461d5057)
2026-05-10T11:45:08.278+07:00 DEBUG 99967 --- [pos-system] [  restartedMain] o.h.t.d.sql.spi.DdlTypeRegistry          : addDescriptor(2004, org.hibernate.type.descriptor.sql.internal.CapacityDependentDdlType@639bfac2) replaced previous registration(org.hibernate.type.descriptor.sql.internal.DdlTypeImpl@244bc470)
2026-05-10T11:45:08.278+07:00 DEBUG 99967 --- [pos-system] [  restartedMain] o.h.t.d.sql.spi.DdlTypeRegistry          : addDescriptor(2005, org.hibernate.type.descriptor.sql.internal.CapacityDependentDdlType@5d198997) replaced previous registration(org.hibernate.type.descriptor.sql.internal.DdlTypeImpl@712af58b)
2026-05-10T11:45:08.279+07:00 DEBUG 99967 --- [pos-system] [  restartedMain] o.h.t.d.sql.spi.DdlTypeRegistry          : addDescriptor(2011, org.hibernate.type.descriptor.sql.internal.CapacityDependentDdlType@4ddb4c86) replaced previous registration(org.hibernate.type.descriptor.sql.internal.DdlTypeImpl@37496909)
2026-05-10T11:45:08.430+07:00  INFO 99967 --- [pos-system] [  restartedMain] o.h.e.t.j.p.i.JtaPlatformInitiator       : HHH000489: No JTA platform available (set 'hibernate.transaction.jta.platform' to enable JTA platform integration)
2026-05-10T11:45:08.491+07:00  INFO 99967 --- [pos-system] [  restartedMain] j.LocalContainerEntityManagerFactoryBean : Initialized JPA EntityManagerFactory for persistence unit 'default'
2026-05-10T11:45:08.673+07:00  WARN 99967 --- [pos-system] [  restartedMain] JpaBaseConfiguration$JpaWebConfiguration : spring.jpa.open-in-view is enabled by default. Therefore, database queries may be performed during view rendering. Explicitly configure spring.jpa.open-in-view to disable this warning
2026-05-10T11:45:08.679+07:00  INFO 99967 --- [pos-system] [  restartedMain] r$InitializeUserDetailsManagerConfigurer : Global AuthenticationManager configured with UserDetailsService bean with name customUserImplementation
2026-05-10T11:45:08.777+07:00  INFO 99967 --- [pos-system] [  restartedMain] o.s.b.d.a.OptionalLiveReloadServer       : LiveReload server is running on port 35729
2026-05-10T11:45:08.783+07:00  INFO 99967 --- [pos-system] [  restartedMain] o.s.b.w.embedded.tomcat.TomcatWebServer  : Tomcat started on port 8080 (http) with context path '/'
2026-05-10T11:45:08.785+07:00  INFO 99967 --- [pos-system] [  restartedMain] com.zosh.PosSystemApplication            : Started PosSystemApplication in 0.736 seconds (process running for 1072.107)
2026-05-10T11:45:08.803+07:00 DEBUG 99967 --- [pos-system] [  restartedMain] org.hibernate.SQL                        : select u1_0.id,u1_0.branch_id,u1_0.created_at,u1_0.email,u1_0.full_name,u1_0.last_login,u1_0.password,u1_0.phone,u1_0.role,u1_0.store_id,u1_0.updated_at,u1_0.verified from users u1_0 where u1_0.email=?
Hibernate: select u1_0.id,u1_0.branch_id,u1_0.created_at,u1_0.email,u1_0.full_name,u1_0.last_login,u1_0.password,u1_0.phone,u1_0.role,u1_0.store_id,u1_0.updated_at,u1_0.verified from users u1_0 where u1_0.email=?
2026-05-10T11:45:08.805+07:00  INFO 99967 --- [pos-system] [  restartedMain] .ConditionEvaluationDeltaLoggingListener : Condition evaluation unchanged
2026-05-10T11:50:01.855+07:00  INFO 99967 --- [pos-system] [   File Watcher] rtingClassPathChangeChangedEventListener : Restarting due to 3 class path changes (0 additions, 0 deletions, 3 modifications)
2026-05-10T11:50:01.877+07:00  INFO 99967 --- [pos-system] [      Thread-14] o.s.b.w.e.tomcat.GracefulShutdown        : Commencing graceful shutdown. Waiting for active requests to complete
2026-05-10T11:50:01.882+07:00  INFO 99967 --- [pos-system] [tomcat-shutdown] o.s.b.w.e.tomcat.GracefulShutdown        : Graceful shutdown complete
2026-05-10T11:50:01.887+07:00  INFO 99967 --- [pos-system] [      Thread-14] j.LocalContainerEntityManagerFactoryBean : Closing JPA EntityManagerFactory for persistence unit 'default'
2026-05-10T11:50:01.896+07:00  INFO 99967 --- [pos-system] [      Thread-14] com.zaxxer.hikari.HikariDataSource       : HikariPool-3 - Shutdown initiated...
2026-05-10T11:50:01.900+07:00  INFO 99967 --- [pos-system] [      Thread-14] com.zaxxer.hikari.HikariDataSource       : HikariPool-3 - Shutdown completed.

  .   ____          _            __ _ _
 /\\ / ___'_ __ _ _(_)_ __  __ _ \ \ \ \
( ( )\___ | '_ | '_| | '_ \/ _` | \ \ \ \
 \\/  ___)| |_)| | | | | || (_| |  ) ) ) )
  '  |____| .__|_| |_|_| |_\__, | / / / /
 =========|_|==============|___/=/_/_/_/

 :: Spring Boot ::                (v3.5.3)

2026-05-10T11:50:02.018+07:00  INFO 99967 --- [pos-system] [  restartedMain] com.zosh.PosSystemApplication            : Starting PosSystemApplication using Java 21.0.2 with PID 99967 (/Users/Study/DOAN/z pos-source-code_1/pos-backend/target/classes started by mac in /Users/Study/DOAN/z pos-source-code_1/pos-backend)
2026-05-10T11:50:02.018+07:00  INFO 99967 --- [pos-system] [  restartedMain] com.zosh.PosSystemApplication            : The following 1 profile is active: "dev"
2026-05-10T11:50:02.147+07:00  INFO 99967 --- [pos-system] [  restartedMain] .s.d.r.c.RepositoryConfigurationDelegate : Bootstrapping Spring Data JPA repositories in DEFAULT mode.
2026-05-10T11:50:02.168+07:00  INFO 99967 --- [pos-system] [  restartedMain] .s.d.r.c.RepositoryConfigurationDelegate : Finished Spring Data repository scanning in 20 ms. Found 16 JPA repository interfaces.
2026-05-10T11:50:02.347+07:00  INFO 99967 --- [pos-system] [  restartedMain] o.s.b.w.embedded.tomcat.TomcatWebServer  : Tomcat initialized with port 8080 (http)
2026-05-10T11:50:02.348+07:00  INFO 99967 --- [pos-system] [  restartedMain] o.apache.catalina.core.StandardService   : Starting service [Tomcat]
2026-05-10T11:50:02.348+07:00  INFO 99967 --- [pos-system] [  restartedMain] o.apache.catalina.core.StandardEngine    : Starting Servlet engine: [Apache Tomcat/10.1.42]
2026-05-10T11:50:02.353+07:00  INFO 99967 --- [pos-system] [  restartedMain] o.a.c.c.C.[Tomcat-1].[localhost].[/]     : Initializing Spring embedded WebApplicationContext
2026-05-10T11:50:02.353+07:00  INFO 99967 --- [pos-system] [  restartedMain] w.s.c.ServletWebServerApplicationContext : Root WebApplicationContext: initialization completed in 334 ms
2026-05-10T11:50:02.384+07:00  INFO 99967 --- [pos-system] [  restartedMain] o.hibernate.jpa.internal.util.LogHelper  : HHH000204: Processing PersistenceUnitInfo [name: default]
2026-05-10T11:50:02.386+07:00  INFO 99967 --- [pos-system] [  restartedMain] o.h.c.internal.RegionFactoryInitiator    : HHH000026: Second-level cache disabled
2026-05-10T11:50:02.391+07:00  INFO 99967 --- [pos-system] [  restartedMain] o.s.o.j.p.SpringPersistenceUnitInfo      : No LoadTimeWeaver setup: ignoring JPA class transformer
2026-05-10T11:50:02.392+07:00  INFO 99967 --- [pos-system] [  restartedMain] com.zaxxer.hikari.HikariDataSource       : HikariPool-4 - Starting...
2026-05-10T11:50:02.417+07:00  INFO 99967 --- [pos-system] [  restartedMain] com.zaxxer.hikari.pool.HikariPool        : HikariPool-4 - Added connection com.mysql.cj.jdbc.ConnectionImpl@3fb4626b
2026-05-10T11:50:02.417+07:00  INFO 99967 --- [pos-system] [  restartedMain] com.zaxxer.hikari.HikariDataSource       : HikariPool-4 - Start completed.
2026-05-10T11:50:02.417+07:00  WARN 99967 --- [pos-system] [  restartedMain] org.hibernate.dialect.Dialect            : HHH000511: The 5.5.5 version for [org.hibernate.dialect.MySQLDialect] is no longer supported, hence certain features may not work properly. The minimum supported version is 8.0.0. Check the community dialects project for available legacy versions.
2026-05-10T11:50:02.418+07:00  INFO 99967 --- [pos-system] [  restartedMain] org.hibernate.orm.connections.pooling    : HHH10001005: Database info:
	Database JDBC URL [Connecting through datasource 'HikariDataSource (HikariPool-4)']
	Database driver: undefined/unknown
	Database version: 5.5.5
	Autocommit mode: undefined/unknown
	Isolation level: undefined/unknown
	Minimum pool size: undefined/unknown
	Maximum pool size: undefined/unknown
2026-05-10T11:50:02.418+07:00 DEBUG 99967 --- [pos-system] [  restartedMain] o.h.t.d.sql.spi.DdlTypeRegistry          : addDescriptor(12, org.hibernate.type.descriptor.sql.internal.CapacityDependentDdlType@3f6fff3f) replaced previous registration(org.hibernate.type.descriptor.sql.internal.CapacityDependentDdlType@3827dbe4)
2026-05-10T11:50:02.418+07:00 DEBUG 99967 --- [pos-system] [  restartedMain] o.h.t.d.sql.spi.DdlTypeRegistry          : addDescriptor(-9, org.hibernate.type.descriptor.sql.internal.CapacityDependentDdlType@12a93bc1) replaced previous registration(org.hibernate.type.descriptor.sql.internal.CapacityDependentDdlType@eb9ca5e)
2026-05-10T11:50:02.418+07:00 DEBUG 99967 --- [pos-system] [  restartedMain] o.h.t.d.sql.spi.DdlTypeRegistry          : addDescriptor(-3, org.hibernate.type.descriptor.sql.internal.CapacityDependentDdlType@4e6f5ab1) replaced previous registration(org.hibernate.type.descriptor.sql.internal.CapacityDependentDdlType@48115063)
2026-05-10T11:50:02.418+07:00 DEBUG 99967 --- [pos-system] [  restartedMain] o.h.t.d.sql.spi.DdlTypeRegistry          : addDescriptor(4003, org.hibernate.type.descriptor.sql.internal.DdlTypeImpl@13bd0d93) replaced previous registration(org.hibernate.type.descriptor.sql.internal.DdlTypeImpl@5396de80)
2026-05-10T11:50:02.418+07:00 DEBUG 99967 --- [pos-system] [  restartedMain] o.h.t.d.sql.spi.DdlTypeRegistry          : addDescriptor(4001, org.hibernate.type.descriptor.sql.internal.DdlTypeImpl@6718ac91) replaced previous registration(org.hibernate.type.descriptor.sql.internal.DdlTypeImpl@25c86a59)
2026-05-10T11:50:02.418+07:00 DEBUG 99967 --- [pos-system] [  restartedMain] o.h.t.d.sql.spi.DdlTypeRegistry          : addDescriptor(4002, org.hibernate.type.descriptor.sql.internal.DdlTypeImpl@5ee23ae6) replaced previous registration(org.hibernate.type.descriptor.sql.internal.DdlTypeImpl@3be58d64)
2026-05-10T11:50:02.418+07:00 DEBUG 99967 --- [pos-system] [  restartedMain] o.h.t.d.sql.spi.DdlTypeRegistry          : addDescriptor(2004, org.hibernate.type.descriptor.sql.internal.CapacityDependentDdlType@19bbd2ad) replaced previous registration(org.hibernate.type.descriptor.sql.internal.DdlTypeImpl@7fc7e961)
2026-05-10T11:50:02.418+07:00 DEBUG 99967 --- [pos-system] [  restartedMain] o.h.t.d.sql.spi.DdlTypeRegistry          : addDescriptor(2005, org.hibernate.type.descriptor.sql.internal.CapacityDependentDdlType@30bdc975) replaced previous registration(org.hibernate.type.descriptor.sql.internal.DdlTypeImpl@2724fcab)
2026-05-10T11:50:02.418+07:00 DEBUG 99967 --- [pos-system] [  restartedMain] o.h.t.d.sql.spi.DdlTypeRegistry          : addDescriptor(2011, org.hibernate.type.descriptor.sql.internal.CapacityDependentDdlType@60cd7c58) replaced previous registration(org.hibernate.type.descriptor.sql.internal.DdlTypeImpl@20811dc1)
2026-05-10T11:50:02.571+07:00  INFO 99967 --- [pos-system] [  restartedMain] o.h.e.t.j.p.i.JtaPlatformInitiator       : HHH000489: No JTA platform available (set 'hibernate.transaction.jta.platform' to enable JTA platform integration)
2026-05-10T11:50:02.640+07:00  INFO 99967 --- [pos-system] [  restartedMain] j.LocalContainerEntityManagerFactoryBean : Initialized JPA EntityManagerFactory for persistence unit 'default'
2026-05-10T11:50:02.823+07:00  WARN 99967 --- [pos-system] [  restartedMain] JpaBaseConfiguration$JpaWebConfiguration : spring.jpa.open-in-view is enabled by default. Therefore, database queries may be performed during view rendering. Explicitly configure spring.jpa.open-in-view to disable this warning
2026-05-10T11:50:02.830+07:00  INFO 99967 --- [pos-system] [  restartedMain] r$InitializeUserDetailsManagerConfigurer : Global AuthenticationManager configured with UserDetailsService bean with name customUserImplementation
2026-05-10T11:50:02.931+07:00  INFO 99967 --- [pos-system] [  restartedMain] o.s.b.d.a.OptionalLiveReloadServer       : LiveReload server is running on port 35729
2026-05-10T11:50:02.938+07:00  INFO 99967 --- [pos-system] [  restartedMain] o.s.b.w.embedded.tomcat.TomcatWebServer  : Tomcat started on port 8080 (http) with context path '/'
2026-05-10T11:50:02.941+07:00  INFO 99967 --- [pos-system] [  restartedMain] com.zosh.PosSystemApplication            : Started PosSystemApplication in 0.941 seconds (process running for 1366.261)
2026-05-10T11:50:02.961+07:00 DEBUG 99967 --- [pos-system] [  restartedMain] org.hibernate.SQL                        : select u1_0.id,u1_0.branch_id,u1_0.created_at,u1_0.email,u1_0.full_name,u1_0.last_login,u1_0.password,u1_0.phone,u1_0.role,u1_0.store_id,u1_0.updated_at,u1_0.verified from users u1_0 where u1_0.email=?
Hibernate: select u1_0.id,u1_0.branch_id,u1_0.created_at,u1_0.email,u1_0.full_name,u1_0.last_login,u1_0.password,u1_0.phone,u1_0.role,u1_0.store_id,u1_0.updated_at,u1_0.verified from users u1_0 where u1_0.email=?
2026-05-10T11:50:02.970+07:00  INFO 99967 --- [pos-system] [  restartedMain] .ConditionEvaluationDeltaLoggingListener : Condition evaluation unchanged
2026-05-10T12:43:16.808+07:00  INFO 99967 --- [pos-system] [nio-8080-exec-2] o.a.c.c.C.[Tomcat-1].[localhost].[/]     : Initializing Spring DispatcherServlet 'dispatcherServlet'
2026-05-10T12:43:16.861+07:00  INFO 99967 --- [pos-system] [nio-8080-exec-2] o.s.web.servlet.DispatcherServlet        : Initializing Servlet 'dispatcherServlet'
2026-05-10T12:43:17.121+07:00  INFO 99967 --- [pos-system] [nio-8080-exec-2] o.s.web.servlet.DispatcherServlet        : Completed initialization in 259 ms
2026-05-10T12:43:19.071+07:00 DEBUG 99967 --- [pos-system] [nio-8080-exec-1] org.hibernate.SQL                        : select u1_0.id,u1_0.branch_id,u1_0.created_at,u1_0.email,u1_0.full_name,u1_0.last_login,u1_0.password,u1_0.phone,u1_0.role,u1_0.store_id,u1_0.updated_at,u1_0.verified from users u1_0 where u1_0.email=?
Hibernate: select u1_0.id,u1_0.branch_id,u1_0.created_at,u1_0.email,u1_0.full_name,u1_0.last_login,u1_0.password,u1_0.phone,u1_0.role,u1_0.store_id,u1_0.updated_at,u1_0.verified from users u1_0 where u1_0.email=?
2026-05-10T12:43:19.071+07:00 DEBUG 99967 --- [pos-system] [nio-8080-exec-5] org.hibernate.SQL                        : select u1_0.id,u1_0.branch_id,u1_0.created_at,u1_0.email,u1_0.full_name,u1_0.last_login,u1_0.password,u1_0.phone,u1_0.role,u1_0.store_id,u1_0.updated_at,u1_0.verified from users u1_0 where u1_0.email=?
Hibernate: select u1_0.id,u1_0.branch_id,u1_0.created_at,u1_0.email,u1_0.full_name,u1_0.last_login,u1_0.password,u1_0.phone,u1_0.role,u1_0.store_id,u1_0.updated_at,u1_0.verified from users u1_0 where u1_0.email=?
2026-05-10T12:43:19.071+07:00 DEBUG 99967 --- [pos-system] [nio-8080-exec-2] org.hibernate.SQL                        : select u1_0.id,u1_0.branch_id,u1_0.created_at,u1_0.email,u1_0.full_name,u1_0.last_login,u1_0.password,u1_0.phone,u1_0.role,u1_0.store_id,u1_0.updated_at,u1_0.verified from users u1_0 where u1_0.email=?
Hibernate: select u1_0.id,u1_0.branch_id,u1_0.created_at,u1_0.email,u1_0.full_name,u1_0.last_login,u1_0.password,u1_0.phone,u1_0.role,u1_0.store_id,u1_0.updated_at,u1_0.verified from users u1_0 where u1_0.email=?
2026-05-10T12:43:19.131+07:00 DEBUG 99967 --- [pos-system] [nio-8080-exec-5] org.hibernate.SQL                        : select s1_0.id,s1_0.brand,s1_0.address,s1_0.email,s1_0.phone,s1_0.created_at,s1_0.description,s1_0.status,sa1_0.id,b1_0.id,b1_0.address,b1_0.close_time,b1_0.created_at,b1_0.email,b1_0.manager_id,b1_0.name,b1_0.open_time,b1_0.phone,b1_0.store_id,b1_0.updated_at,sa1_0.created_at,sa1_0.email,sa1_0.full_name,sa1_0.last_login,sa1_0.password,sa1_0.phone,sa1_0.role,s3_0.id,s3_0.brand,s3_0.address,s3_0.email,s3_0.phone,s3_0.created_at,s3_0.description,s3_0.status,s3_0.store_admin_id,s3_0.store_type,s3_0.updated_at,sa1_0.updated_at,sa1_0.verified,s1_0.store_type,s1_0.updated_at from stores s1_0 left join users sa1_0 on sa1_0.id=s1_0.store_admin_id left join branches b1_0 on b1_0.id=sa1_0.branch_id left join stores s3_0 on s3_0.id=sa1_0.store_id where s1_0.id=?
2026-05-10T12:43:19.131+07:00 DEBUG 99967 --- [pos-system] [nio-8080-exec-2] org.hibernate.SQL                        : select s1_0.id,s1_0.brand,s1_0.address,s1_0.email,s1_0.phone,s1_0.created_at,s1_0.description,s1_0.status,sa1_0.id,b1_0.id,b1_0.address,b1_0.close_time,b1_0.created_at,b1_0.email,b1_0.manager_id,b1_0.name,b1_0.open_time,b1_0.phone,b1_0.store_id,b1_0.updated_at,sa1_0.created_at,sa1_0.email,sa1_0.full_name,sa1_0.last_login,sa1_0.password,sa1_0.phone,sa1_0.role,s3_0.id,s3_0.brand,s3_0.address,s3_0.email,s3_0.phone,s3_0.created_at,s3_0.description,s3_0.status,s3_0.store_admin_id,s3_0.store_type,s3_0.updated_at,sa1_0.updated_at,sa1_0.verified,s1_0.store_type,s1_0.updated_at from stores s1_0 left join users sa1_0 on sa1_0.id=s1_0.store_admin_id left join branches b1_0 on b1_0.id=sa1_0.branch_id left join stores s3_0 on s3_0.id=sa1_0.store_id where s1_0.id=?
Hibernate: select s1_0.id,s1_0.brand,s1_0.address,s1_0.email,s1_0.phone,s1_0.created_at,s1_0.description,s1_0.status,sa1_0.id,b1_0.id,b1_0.address,b1_0.close_time,b1_0.created_at,b1_0.email,b1_0.manager_id,b1_0.name,b1_0.open_time,b1_0.phone,b1_0.store_id,b1_0.updated_at,sa1_0.created_at,sa1_0.email,sa1_0.full_name,sa1_0.last_login,sa1_0.password,sa1_0.phone,sa1_0.role,s3_0.id,s3_0.brand,s3_0.address,s3_0.email,s3_0.phone,s3_0.created_at,s3_0.description,s3_0.status,s3_0.store_admin_id,s3_0.store_type,s3_0.updated_at,sa1_0.updated_at,sa1_0.verified,s1_0.store_type,s1_0.updated_at from stores s1_0 left join users sa1_0 on sa1_0.id=s1_0.store_admin_id left join branches b1_0 on b1_0.id=sa1_0.branch_id left join stores s3_0 on s3_0.id=sa1_0.store_id where s1_0.id=?
Hibernate: select s1_0.id,s1_0.brand,s1_0.address,s1_0.email,s1_0.phone,s1_0.created_at,s1_0.description,s1_0.status,sa1_0.id,b1_0.id,b1_0.address,b1_0.close_time,b1_0.created_at,b1_0.email,b1_0.manager_id,b1_0.name,b1_0.open_time,b1_0.phone,b1_0.store_id,b1_0.updated_at,sa1_0.created_at,sa1_0.email,sa1_0.full_name,sa1_0.last_login,sa1_0.password,sa1_0.phone,sa1_0.role,s3_0.id,s3_0.brand,s3_0.address,s3_0.email,s3_0.phone,s3_0.created_at,s3_0.description,s3_0.status,s3_0.store_admin_id,s3_0.store_type,s3_0.updated_at,sa1_0.updated_at,sa1_0.verified,s1_0.store_type,s1_0.updated_at from stores s1_0 left join users sa1_0 on sa1_0.id=s1_0.store_admin_id left join branches b1_0 on b1_0.id=sa1_0.branch_id left join stores s3_0 on s3_0.id=sa1_0.store_id where s1_0.id=?
2026-05-10T12:43:19.131+07:00 DEBUG 99967 --- [pos-system] [nio-8080-exec-1] org.hibernate.SQL                        : select b1_0.id,b1_0.address,b1_0.close_time,b1_0.created_at,b1_0.email,m1_0.id,b2_0.id,b2_0.address,b2_0.close_time,b2_0.created_at,b2_0.email,b2_0.manager_id,b2_0.name,b2_0.open_time,b2_0.phone,b2_0.store_id,b2_0.updated_at,m1_0.created_at,m1_0.email,m1_0.full_name,m1_0.last_login,m1_0.password,m1_0.phone,m1_0.role,s2_0.id,s2_0.brand,s2_0.address,s2_0.email,s2_0.phone,s2_0.created_at,s2_0.description,s2_0.status,s2_0.store_admin_id,s2_0.store_type,s2_0.updated_at,m1_0.updated_at,m1_0.verified,b1_0.name,b1_0.open_time,b1_0.phone,s3_0.id,s3_0.brand,s3_0.address,s3_0.email,s3_0.phone,s3_0.created_at,s3_0.description,s3_0.status,sa2_0.id,sa2_0.branch_id,sa2_0.created_at,sa2_0.email,sa2_0.full_name,sa2_0.last_login,sa2_0.password,sa2_0.phone,sa2_0.role,sa2_0.store_id,sa2_0.updated_at,sa2_0.verified,s3_0.store_type,s3_0.updated_at,b1_0.updated_at from branches b1_0 left join users m1_0 on m1_0.id=b1_0.manager_id left join branches b2_0 on b2_0.id=m1_0.branch_id left join stores s2_0 on s2_0.id=m1_0.store_id left join stores s3_0 on s3_0.id=b1_0.store_id left join users sa2_0 on sa2_0.id=s3_0.store_admin_id where b1_0.id=?
Hibernate: select b1_0.id,b1_0.address,b1_0.close_time,b1_0.created_at,b1_0.email,m1_0.id,b2_0.id,b2_0.address,b2_0.close_time,b2_0.created_at,b2_0.email,b2_0.manager_id,b2_0.name,b2_0.open_time,b2_0.phone,b2_0.store_id,b2_0.updated_at,m1_0.created_at,m1_0.email,m1_0.full_name,m1_0.last_login,m1_0.password,m1_0.phone,m1_0.role,s2_0.id,s2_0.brand,s2_0.address,s2_0.email,s2_0.phone,s2_0.created_at,s2_0.description,s2_0.status,s2_0.store_admin_id,s2_0.store_type,s2_0.updated_at,m1_0.updated_at,m1_0.verified,b1_0.name,b1_0.open_time,b1_0.phone,s3_0.id,s3_0.brand,s3_0.address,s3_0.email,s3_0.phone,s3_0.created_at,s3_0.description,s3_0.status,sa2_0.id,sa2_0.branch_id,sa2_0.created_at,sa2_0.email,sa2_0.full_name,sa2_0.last_login,sa2_0.password,sa2_0.phone,sa2_0.role,sa2_0.store_id,sa2_0.updated_at,sa2_0.verified,s3_0.store_type,s3_0.updated_at,b1_0.updated_at from branches b1_0 left join users m1_0 on m1_0.id=b1_0.manager_id left join branches b2_0 on b2_0.id=m1_0.branch_id left join stores s2_0 on s2_0.id=m1_0.store_id left join stores s3_0 on s3_0.id=b1_0.store_id left join users sa2_0 on sa2_0.id=s3_0.store_admin_id where b1_0.id=?
2026-05-10T12:43:19.175+07:00 DEBUG 99967 --- [pos-system] [nio-8080-exec-3] org.hibernate.SQL                        : select u1_0.id,u1_0.branch_id,u1_0.created_at,u1_0.email,u1_0.full_name,u1_0.last_login,u1_0.password,u1_0.phone,u1_0.role,u1_0.store_id,u1_0.updated_at,u1_0.verified from users u1_0 where u1_0.email=?
Hibernate: select u1_0.id,u1_0.branch_id,u1_0.created_at,u1_0.email,u1_0.full_name,u1_0.last_login,u1_0.password,u1_0.phone,u1_0.role,u1_0.store_id,u1_0.updated_at,u1_0.verified from users u1_0 where u1_0.email=?
2026-05-10T12:43:19.175+07:00 DEBUG 99967 --- [pos-system] [nio-8080-exec-1] org.hibernate.SQL                        : select wd1_0.branch_id,wd1_0.working_days from branch_working_days wd1_0 where wd1_0.branch_id=?
Hibernate: select wd1_0.branch_id,wd1_0.working_days from branch_working_days wd1_0 where wd1_0.branch_id=?
2026-05-10T12:43:19.175+07:00 DEBUG 99967 --- [pos-system] [nio-8080-exec-4] org.hibernate.SQL                        : select u1_0.id,u1_0.branch_id,u1_0.created_at,u1_0.email,u1_0.full_name,u1_0.last_login,u1_0.password,u1_0.phone,u1_0.role,u1_0.store_id,u1_0.updated_at,u1_0.verified from users u1_0 where u1_0.email=?
Hibernate: select u1_0.id,u1_0.branch_id,u1_0.created_at,u1_0.email,u1_0.full_name,u1_0.last_login,u1_0.password,u1_0.phone,u1_0.role,u1_0.store_id,u1_0.updated_at,u1_0.verified from users u1_0 where u1_0.email=?
2026-05-10T12:43:19.177+07:00 DEBUG 99967 --- [pos-system] [nio-8080-exec-3] org.hibernate.SQL                        : select s1_0.id,s1_0.brand,s1_0.address,s1_0.email,s1_0.phone,s1_0.created_at,s1_0.description,s1_0.status,sa1_0.id,b1_0.id,b1_0.address,b1_0.close_time,b1_0.created_at,b1_0.email,b1_0.manager_id,b1_0.name,b1_0.open_time,b1_0.phone,b1_0.store_id,b1_0.updated_at,sa1_0.created_at,sa1_0.email,sa1_0.full_name,sa1_0.last_login,sa1_0.password,sa1_0.phone,sa1_0.role,s3_0.id,s3_0.brand,s3_0.address,s3_0.email,s3_0.phone,s3_0.created_at,s3_0.description,s3_0.status,s3_0.store_admin_id,s3_0.store_type,s3_0.updated_at,sa1_0.updated_at,sa1_0.verified,s1_0.store_type,s1_0.updated_at from stores s1_0 left join users sa1_0 on sa1_0.id=s1_0.store_admin_id left join branches b1_0 on b1_0.id=sa1_0.branch_id left join stores s3_0 on s3_0.id=sa1_0.store_id where s1_0.id=?
Hibernate: select s1_0.id,s1_0.brand,s1_0.address,s1_0.email,s1_0.phone,s1_0.created_at,s1_0.description,s1_0.status,sa1_0.id,b1_0.id,b1_0.address,b1_0.close_time,b1_0.created_at,b1_0.email,b1_0.manager_id,b1_0.name,b1_0.open_time,b1_0.phone,b1_0.store_id,b1_0.updated_at,sa1_0.created_at,sa1_0.email,sa1_0.full_name,sa1_0.last_login,sa1_0.password,sa1_0.phone,sa1_0.role,s3_0.id,s3_0.brand,s3_0.address,s3_0.email,s3_0.phone,s3_0.created_at,s3_0.description,s3_0.status,s3_0.store_admin_id,s3_0.store_type,s3_0.updated_at,sa1_0.updated_at,sa1_0.verified,s1_0.store_type,s1_0.updated_at from stores s1_0 left join users sa1_0 on sa1_0.id=s1_0.store_admin_id left join branches b1_0 on b1_0.id=sa1_0.branch_id left join stores s3_0 on s3_0.id=sa1_0.store_id where s1_0.id=?
2026-05-10T12:43:19.178+07:00 DEBUG 99967 --- [pos-system] [nio-8080-exec-4] org.hibernate.SQL                        : select s1_0.id,s1_0.brand,s1_0.address,s1_0.email,s1_0.phone,s1_0.created_at,s1_0.description,s1_0.status,sa1_0.id,b1_0.id,b1_0.address,b1_0.close_time,b1_0.created_at,b1_0.email,b1_0.manager_id,b1_0.name,b1_0.open_time,b1_0.phone,b1_0.store_id,b1_0.updated_at,sa1_0.created_at,sa1_0.email,sa1_0.full_name,sa1_0.last_login,sa1_0.password,sa1_0.phone,sa1_0.role,s3_0.id,s3_0.brand,s3_0.address,s3_0.email,s3_0.phone,s3_0.created_at,s3_0.description,s3_0.status,s3_0.store_admin_id,s3_0.store_type,s3_0.updated_at,sa1_0.updated_at,sa1_0.verified,s1_0.store_type,s1_0.updated_at from stores s1_0 left join users sa1_0 on sa1_0.id=s1_0.store_admin_id left join branches b1_0 on b1_0.id=sa1_0.branch_id left join stores s3_0 on s3_0.id=sa1_0.store_id where s1_0.id=?
Hibernate: select s1_0.id,s1_0.brand,s1_0.address,s1_0.email,s1_0.phone,s1_0.created_at,s1_0.description,s1_0.status,sa1_0.id,b1_0.id,b1_0.address,b1_0.close_time,b1_0.created_at,b1_0.email,b1_0.manager_id,b1_0.name,b1_0.open_time,b1_0.phone,b1_0.store_id,b1_0.updated_at,sa1_0.created_at,sa1_0.email,sa1_0.full_name,sa1_0.last_login,sa1_0.password,sa1_0.phone,sa1_0.role,s3_0.id,s3_0.brand,s3_0.address,s3_0.email,s3_0.phone,s3_0.created_at,s3_0.description,s3_0.status,s3_0.store_admin_id,s3_0.store_type,s3_0.updated_at,sa1_0.updated_at,sa1_0.verified,s1_0.store_type,s1_0.updated_at from stores s1_0 left join users sa1_0 on sa1_0.id=s1_0.store_admin_id left join branches b1_0 on b1_0.id=sa1_0.branch_id left join stores s3_0 on s3_0.id=sa1_0.store_id where s1_0.id=?
2026-05-10T12:43:19.192+07:00 DEBUG 99967 --- [pos-system] [nio-8080-exec-3] org.hibernate.SQL                        : select u1_0.id,u1_0.branch_id,u1_0.created_at,u1_0.email,u1_0.full_name,u1_0.last_login,u1_0.password,u1_0.phone,u1_0.role,u1_0.store_id,u1_0.updated_at,u1_0.verified from users u1_0 where u1_0.email=?
Hibernate: select u1_0.id,u1_0.branch_id,u1_0.created_at,u1_0.email,u1_0.full_name,u1_0.last_login,u1_0.password,u1_0.phone,u1_0.role,u1_0.store_id,u1_0.updated_at,u1_0.verified from users u1_0 where u1_0.email=?
2026-05-10T12:43:19.194+07:00 DEBUG 99967 --- [pos-system] [nio-8080-exec-3] org.hibernate.SQL                        : select s1_0.id,s1_0.brand,s1_0.address,s1_0.email,s1_0.phone,s1_0.created_at,s1_0.description,s1_0.status,sa1_0.id,b1_0.id,b1_0.address,b1_0.close_time,b1_0.created_at,b1_0.email,b1_0.manager_id,b1_0.name,b1_0.open_time,b1_0.phone,b1_0.store_id,b1_0.updated_at,sa1_0.created_at,sa1_0.email,sa1_0.full_name,sa1_0.last_login,sa1_0.password,sa1_0.phone,sa1_0.role,s3_0.id,s3_0.brand,s3_0.address,s3_0.email,s3_0.phone,s3_0.created_at,s3_0.description,s3_0.status,s3_0.store_admin_id,s3_0.store_type,s3_0.updated_at,sa1_0.updated_at,sa1_0.verified,s1_0.store_type,s1_0.updated_at from stores s1_0 left join users sa1_0 on sa1_0.id=s1_0.store_admin_id left join branches b1_0 on b1_0.id=sa1_0.branch_id left join stores s3_0 on s3_0.id=sa1_0.store_id where s1_0.id=?
Hibernate: select s1_0.id,s1_0.brand,s1_0.address,s1_0.email,s1_0.phone,s1_0.created_at,s1_0.description,s1_0.status,sa1_0.id,b1_0.id,b1_0.address,b1_0.close_time,b1_0.created_at,b1_0.email,b1_0.manager_id,b1_0.name,b1_0.open_time,b1_0.phone,b1_0.store_id,b1_0.updated_at,sa1_0.created_at,sa1_0.email,sa1_0.full_name,sa1_0.last_login,sa1_0.password,sa1_0.phone,sa1_0.role,s3_0.id,s3_0.brand,s3_0.address,s3_0.email,s3_0.phone,s3_0.created_at,s3_0.description,s3_0.status,s3_0.store_admin_id,s3_0.store_type,s3_0.updated_at,sa1_0.updated_at,sa1_0.verified,s1_0.store_type,s1_0.updated_at from stores s1_0 left join users sa1_0 on sa1_0.id=s1_0.store_admin_id left join branches b1_0 on b1_0.id=sa1_0.branch_id left join stores s3_0 on s3_0.id=sa1_0.store_id where s1_0.id=?
2026-05-10T12:43:19.205+07:00 DEBUG 99967 --- [pos-system] [nio-8080-exec-7] org.hibernate.SQL                        : select u1_0.id,u1_0.branch_id,u1_0.created_at,u1_0.email,u1_0.full_name,u1_0.last_login,u1_0.password,u1_0.phone,u1_0.role,u1_0.store_id,u1_0.updated_at,u1_0.verified from users u1_0 where u1_0.email=?
Hibernate: select u1_0.id,u1_0.branch_id,u1_0.created_at,u1_0.email,u1_0.full_name,u1_0.last_login,u1_0.password,u1_0.phone,u1_0.role,u1_0.store_id,u1_0.updated_at,u1_0.verified from users u1_0 where u1_0.email=?
2026-05-10T12:43:19.208+07:00 DEBUG 99967 --- [pos-system] [nio-8080-exec-7] org.hibernate.SQL                        : select b1_0.id,b1_0.address,b1_0.close_time,b1_0.created_at,b1_0.email,m1_0.id,b2_0.id,b2_0.address,b2_0.close_time,b2_0.created_at,b2_0.email,b2_0.manager_id,b2_0.name,b2_0.open_time,b2_0.phone,b2_0.store_id,b2_0.updated_at,m1_0.created_at,m1_0.email,m1_0.full_name,m1_0.last_login,m1_0.password,m1_0.phone,m1_0.role,s2_0.id,s2_0.brand,s2_0.address,s2_0.email,s2_0.phone,s2_0.created_at,s2_0.description,s2_0.status,s2_0.store_admin_id,s2_0.store_type,s2_0.updated_at,m1_0.updated_at,m1_0.verified,b1_0.name,b1_0.open_time,b1_0.phone,s3_0.id,s3_0.brand,s3_0.address,s3_0.email,s3_0.phone,s3_0.created_at,s3_0.description,s3_0.status,sa2_0.id,sa2_0.branch_id,sa2_0.created_at,sa2_0.email,sa2_0.full_name,sa2_0.last_login,sa2_0.password,sa2_0.phone,sa2_0.role,sa2_0.store_id,sa2_0.updated_at,sa2_0.verified,s3_0.store_type,s3_0.updated_at,b1_0.updated_at from branches b1_0 left join users m1_0 on m1_0.id=b1_0.manager_id left join branches b2_0 on b2_0.id=m1_0.branch_id left join stores s2_0 on s2_0.id=m1_0.store_id left join stores s3_0 on s3_0.id=b1_0.store_id left join users sa2_0 on sa2_0.id=s3_0.store_admin_id where b1_0.id=?
Hibernate: select b1_0.id,b1_0.address,b1_0.close_time,b1_0.created_at,b1_0.email,m1_0.id,b2_0.id,b2_0.address,b2_0.close_time,b2_0.created_at,b2_0.email,b2_0.manager_id,b2_0.name,b2_0.open_time,b2_0.phone,b2_0.store_id,b2_0.updated_at,m1_0.created_at,m1_0.email,m1_0.full_name,m1_0.last_login,m1_0.password,m1_0.phone,m1_0.role,s2_0.id,s2_0.brand,s2_0.address,s2_0.email,s2_0.phone,s2_0.created_at,s2_0.description,s2_0.status,s2_0.store_admin_id,s2_0.store_type,s2_0.updated_at,m1_0.updated_at,m1_0.verified,b1_0.name,b1_0.open_time,b1_0.phone,s3_0.id,s3_0.brand,s3_0.address,s3_0.email,s3_0.phone,s3_0.created_at,s3_0.description,s3_0.status,sa2_0.id,sa2_0.branch_id,sa2_0.created_at,sa2_0.email,sa2_0.full_name,sa2_0.last_login,sa2_0.password,sa2_0.phone,sa2_0.role,sa2_0.store_id,sa2_0.updated_at,sa2_0.verified,s3_0.store_type,s3_0.updated_at,b1_0.updated_at from branches b1_0 left join users m1_0 on m1_0.id=b1_0.manager_id left join branches b2_0 on b2_0.id=m1_0.branch_id left join stores s2_0 on s2_0.id=m1_0.store_id left join stores s3_0 on s3_0.id=b1_0.store_id left join users sa2_0 on sa2_0.id=s3_0.store_admin_id where b1_0.id=?
2026-05-10T12:43:19.214+07:00 DEBUG 99967 --- [pos-system] [nio-8080-exec-7] org.hibernate.SQL                        : select wd1_0.branch_id,wd1_0.working_days from branch_working_days wd1_0 where wd1_0.branch_id=?
Hibernate: select wd1_0.branch_id,wd1_0.working_days from branch_working_days wd1_0 where wd1_0.branch_id=?
2026-05-10T12:43:19.214+07:00 DEBUG 99967 --- [pos-system] [nio-8080-exec-6] org.hibernate.SQL                        : select u1_0.id,u1_0.branch_id,u1_0.created_at,u1_0.email,u1_0.full_name,u1_0.last_login,u1_0.password,u1_0.phone,u1_0.role,u1_0.store_id,u1_0.updated_at,u1_0.verified from users u1_0 where u1_0.email=?
Hibernate: select u1_0.id,u1_0.branch_id,u1_0.created_at,u1_0.email,u1_0.full_name,u1_0.last_login,u1_0.password,u1_0.phone,u1_0.role,u1_0.store_id,u1_0.updated_at,u1_0.verified from users u1_0 where u1_0.email=?
2026-05-10T12:43:19.215+07:00 DEBUG 99967 --- [pos-system] [nio-8080-exec-6] org.hibernate.SQL                        : select s1_0.id,s1_0.brand,s1_0.address,s1_0.email,s1_0.phone,s1_0.created_at,s1_0.description,s1_0.status,sa1_0.id,b1_0.id,b1_0.address,b1_0.close_time,b1_0.created_at,b1_0.email,b1_0.manager_id,b1_0.name,b1_0.open_time,b1_0.phone,b1_0.store_id,b1_0.updated_at,sa1_0.created_at,sa1_0.email,sa1_0.full_name,sa1_0.last_login,sa1_0.password,sa1_0.phone,sa1_0.role,s3_0.id,s3_0.brand,s3_0.address,s3_0.email,s3_0.phone,s3_0.created_at,s3_0.description,s3_0.status,s3_0.store_admin_id,s3_0.store_type,s3_0.updated_at,sa1_0.updated_at,sa1_0.verified,s1_0.store_type,s1_0.updated_at from stores s1_0 left join users sa1_0 on sa1_0.id=s1_0.store_admin_id left join branches b1_0 on b1_0.id=sa1_0.branch_id left join stores s3_0 on s3_0.id=sa1_0.store_id where s1_0.id=?
Hibernate: select s1_0.id,s1_0.brand,s1_0.address,s1_0.email,s1_0.phone,s1_0.created_at,s1_0.description,s1_0.status,sa1_0.id,b1_0.id,b1_0.address,b1_0.close_time,b1_0.created_at,b1_0.email,b1_0.manager_id,b1_0.name,b1_0.open_time,b1_0.phone,b1_0.store_id,b1_0.updated_at,sa1_0.created_at,sa1_0.email,sa1_0.full_name,sa1_0.last_login,sa1_0.password,sa1_0.phone,sa1_0.role,s3_0.id,s3_0.brand,s3_0.address,s3_0.email,s3_0.phone,s3_0.created_at,s3_0.description,s3_0.status,s3_0.store_admin_id,s3_0.store_type,s3_0.updated_at,sa1_0.updated_at,sa1_0.verified,s1_0.store_type,s1_0.updated_at from stores s1_0 left join users sa1_0 on sa1_0.id=s1_0.store_admin_id left join branches b1_0 on b1_0.id=sa1_0.branch_id left join stores s3_0 on s3_0.id=sa1_0.store_id where s1_0.id=?
2026-05-10T12:43:19.218+07:00 DEBUG 99967 --- [pos-system] [nio-8080-exec-8] org.hibernate.SQL                        : select u1_0.id,u1_0.branch_id,u1_0.created_at,u1_0.email,u1_0.full_name,u1_0.last_login,u1_0.password,u1_0.phone,u1_0.role,u1_0.store_id,u1_0.updated_at,u1_0.verified from users u1_0 where u1_0.email=?
Hibernate: select u1_0.id,u1_0.branch_id,u1_0.created_at,u1_0.email,u1_0.full_name,u1_0.last_login,u1_0.password,u1_0.phone,u1_0.role,u1_0.store_id,u1_0.updated_at,u1_0.verified from users u1_0 where u1_0.email=?
2026-05-10T12:43:19.220+07:00 DEBUG 99967 --- [pos-system] [io-8080-exec-12] org.hibernate.SQL                        : select u1_0.id,u1_0.branch_id,u1_0.created_at,u1_0.email,u1_0.full_name,u1_0.last_login,u1_0.password,u1_0.phone,u1_0.role,u1_0.store_id,u1_0.updated_at,u1_0.verified from users u1_0 where u1_0.email=?
Hibernate: select u1_0.id,u1_0.branch_id,u1_0.created_at,u1_0.email,u1_0.full_name,u1_0.last_login,u1_0.password,u1_0.phone,u1_0.role,u1_0.store_id,u1_0.updated_at,u1_0.verified from users u1_0 where u1_0.email=?
2026-05-10T12:43:19.222+07:00 DEBUG 99967 --- [pos-system] [nio-8080-exec-8] org.hibernate.SQL                        : select s1_0.id,s1_0.brand,s1_0.address,s1_0.email,s1_0.phone,s1_0.created_at,s1_0.description,s1_0.status,sa1_0.id,b1_0.id,b1_0.address,b1_0.close_time,b1_0.created_at,b1_0.email,b1_0.manager_id,b1_0.name,b1_0.open_time,b1_0.phone,b1_0.store_id,b1_0.updated_at,sa1_0.created_at,sa1_0.email,sa1_0.full_name,sa1_0.last_login,sa1_0.password,sa1_0.phone,sa1_0.role,s3_0.id,s3_0.brand,s3_0.address,s3_0.email,s3_0.phone,s3_0.created_at,s3_0.description,s3_0.status,s3_0.store_admin_id,s3_0.store_type,s3_0.updated_at,sa1_0.updated_at,sa1_0.verified,s1_0.store_type,s1_0.updated_at from stores s1_0 left join users sa1_0 on sa1_0.id=s1_0.store_admin_id left join branches b1_0 on b1_0.id=sa1_0.branch_id left join stores s3_0 on s3_0.id=sa1_0.store_id where s1_0.id=?
Hibernate: select s1_0.id,s1_0.brand,s1_0.address,s1_0.email,s1_0.phone,s1_0.created_at,s1_0.description,s1_0.status,sa1_0.id,b1_0.id,b1_0.address,b1_0.close_time,b1_0.created_at,b1_0.email,b1_0.manager_id,b1_0.name,b1_0.open_time,b1_0.phone,b1_0.store_id,b1_0.updated_at,sa1_0.created_at,sa1_0.email,sa1_0.full_name,sa1_0.last_login,sa1_0.password,sa1_0.phone,sa1_0.role,s3_0.id,s3_0.brand,s3_0.address,s3_0.email,s3_0.phone,s3_0.created_at,s3_0.description,s3_0.status,s3_0.store_admin_id,s3_0.store_type,s3_0.updated_at,sa1_0.updated_at,sa1_0.verified,s1_0.store_type,s1_0.updated_at from stores s1_0 left join users sa1_0 on sa1_0.id=s1_0.store_admin_id left join branches b1_0 on b1_0.id=sa1_0.branch_id left join stores s3_0 on s3_0.id=sa1_0.store_id where s1_0.id=?
2026-05-10T12:43:19.223+07:00 DEBUG 99967 --- [pos-system] [io-8080-exec-12] org.hibernate.SQL                        : select s1_0.id,s1_0.brand,s1_0.address,s1_0.email,s1_0.phone,s1_0.created_at,s1_0.description,s1_0.status,sa1_0.id,b1_0.id,b1_0.address,b1_0.close_time,b1_0.created_at,b1_0.email,b1_0.manager_id,b1_0.name,b1_0.open_time,b1_0.phone,b1_0.store_id,b1_0.updated_at,sa1_0.created_at,sa1_0.email,sa1_0.full_name,sa1_0.last_login,sa1_0.password,sa1_0.phone,sa1_0.role,s3_0.id,s3_0.brand,s3_0.address,s3_0.email,s3_0.phone,s3_0.created_at,s3_0.description,s3_0.status,s3_0.store_admin_id,s3_0.store_type,s3_0.updated_at,sa1_0.updated_at,sa1_0.verified,s1_0.store_type,s1_0.updated_at from stores s1_0 left join users sa1_0 on sa1_0.id=s1_0.store_admin_id left join branches b1_0 on b1_0.id=sa1_0.branch_id left join stores s3_0 on s3_0.id=sa1_0.store_id where s1_0.id=?
Hibernate: select s1_0.id,s1_0.brand,s1_0.address,s1_0.email,s1_0.phone,s1_0.created_at,s1_0.description,s1_0.status,sa1_0.id,b1_0.id,b1_0.address,b1_0.close_time,b1_0.created_at,b1_0.email,b1_0.manager_id,b1_0.name,b1_0.open_time,b1_0.phone,b1_0.store_id,b1_0.updated_at,sa1_0.created_at,sa1_0.email,sa1_0.full_name,sa1_0.last_login,sa1_0.password,sa1_0.phone,sa1_0.role,s3_0.id,s3_0.brand,s3_0.address,s3_0.email,s3_0.phone,s3_0.created_at,s3_0.description,s3_0.status,s3_0.store_admin_id,s3_0.store_type,s3_0.updated_at,sa1_0.updated_at,sa1_0.verified,s1_0.store_type,s1_0.updated_at from stores s1_0 left join users sa1_0 on sa1_0.id=s1_0.store_admin_id left join branches b1_0 on b1_0.id=sa1_0.branch_id left join stores s3_0 on s3_0.id=sa1_0.store_id where s1_0.id=?
2026-05-10T12:43:19.224+07:00 DEBUG 99967 --- [pos-system] [io-8080-exec-14] org.hibernate.SQL                        : select u1_0.id,u1_0.branch_id,u1_0.created_at,u1_0.email,u1_0.full_name,u1_0.last_login,u1_0.password,u1_0.phone,u1_0.role,u1_0.store_id,u1_0.updated_at,u1_0.verified from users u1_0 where u1_0.email=?
Hibernate: select u1_0.id,u1_0.branch_id,u1_0.created_at,u1_0.email,u1_0.full_name,u1_0.last_login,u1_0.password,u1_0.phone,u1_0.role,u1_0.store_id,u1_0.updated_at,u1_0.verified from users u1_0 where u1_0.email=?
2026-05-10T12:43:19.231+07:00 DEBUG 99967 --- [pos-system] [io-8080-exec-14] org.hibernate.SQL                        : select b1_0.id,b1_0.address,b1_0.close_time,b1_0.created_at,b1_0.email,m1_0.id,b2_0.id,b2_0.address,b2_0.close_time,b2_0.created_at,b2_0.email,b2_0.manager_id,b2_0.name,b2_0.open_time,b2_0.phone,b2_0.store_id,b2_0.updated_at,m1_0.created_at,m1_0.email,m1_0.full_name,m1_0.last_login,m1_0.password,m1_0.phone,m1_0.role,s2_0.id,s2_0.brand,s2_0.address,s2_0.email,s2_0.phone,s2_0.created_at,s2_0.description,s2_0.status,s2_0.store_admin_id,s2_0.store_type,s2_0.updated_at,m1_0.updated_at,m1_0.verified,b1_0.name,b1_0.open_time,b1_0.phone,s3_0.id,s3_0.brand,s3_0.address,s3_0.email,s3_0.phone,s3_0.created_at,s3_0.description,s3_0.status,sa2_0.id,sa2_0.branch_id,sa2_0.created_at,sa2_0.email,sa2_0.full_name,sa2_0.last_login,sa2_0.password,sa2_0.phone,sa2_0.role,sa2_0.store_id,sa2_0.updated_at,sa2_0.verified,s3_0.store_type,s3_0.updated_at,b1_0.updated_at from branches b1_0 left join users m1_0 on m1_0.id=b1_0.manager_id left join branches b2_0 on b2_0.id=m1_0.branch_id left join stores s2_0 on s2_0.id=m1_0.store_id left join stores s3_0 on s3_0.id=b1_0.store_id left join users sa2_0 on sa2_0.id=s3_0.store_admin_id where b1_0.id=?
Hibernate: select b1_0.id,b1_0.address,b1_0.close_time,b1_0.created_at,b1_0.email,m1_0.id,b2_0.id,b2_0.address,b2_0.close_time,b2_0.created_at,b2_0.email,b2_0.manager_id,b2_0.name,b2_0.open_time,b2_0.phone,b2_0.store_id,b2_0.updated_at,m1_0.created_at,m1_0.email,m1_0.full_name,m1_0.last_login,m1_0.password,m1_0.phone,m1_0.role,s2_0.id,s2_0.brand,s2_0.address,s2_0.email,s2_0.phone,s2_0.created_at,s2_0.description,s2_0.status,s2_0.store_admin_id,s2_0.store_type,s2_0.updated_at,m1_0.updated_at,m1_0.verified,b1_0.name,b1_0.open_time,b1_0.phone,s3_0.id,s3_0.brand,s3_0.address,s3_0.email,s3_0.phone,s3_0.created_at,s3_0.description,s3_0.status,sa2_0.id,sa2_0.branch_id,sa2_0.created_at,sa2_0.email,sa2_0.full_name,sa2_0.last_login,sa2_0.password,sa2_0.phone,sa2_0.role,sa2_0.store_id,sa2_0.updated_at,sa2_0.verified,s3_0.store_type,s3_0.updated_at,b1_0.updated_at from branches b1_0 left join users m1_0 on m1_0.id=b1_0.manager_id left join branches b2_0 on b2_0.id=m1_0.branch_id left join stores s2_0 on s2_0.id=m1_0.store_id left join stores s3_0 on s3_0.id=b1_0.store_id left join users sa2_0 on sa2_0.id=s3_0.store_admin_id where b1_0.id=?
2026-05-10T12:43:19.237+07:00 DEBUG 99967 --- [pos-system] [io-8080-exec-10] org.hibernate.SQL                        : select u1_0.id,u1_0.branch_id,u1_0.created_at,u1_0.email,u1_0.full_name,u1_0.last_login,u1_0.password,u1_0.phone,u1_0.role,u1_0.store_id,u1_0.updated_at,u1_0.verified from users u1_0 where u1_0.email=?
Hibernate: select u1_0.id,u1_0.branch_id,u1_0.created_at,u1_0.email,u1_0.full_name,u1_0.last_login,u1_0.password,u1_0.phone,u1_0.role,u1_0.store_id,u1_0.updated_at,u1_0.verified from users u1_0 where u1_0.email=?
2026-05-10T12:43:19.241+07:00 DEBUG 99967 --- [pos-system] [io-8080-exec-10] org.hibernate.SQL                        : select s1_0.id,s1_0.brand,s1_0.address,s1_0.email,s1_0.phone,s1_0.created_at,s1_0.description,s1_0.status,sa1_0.id,b1_0.id,b1_0.address,b1_0.close_time,b1_0.created_at,b1_0.email,b1_0.manager_id,b1_0.name,b1_0.open_time,b1_0.phone,b1_0.store_id,b1_0.updated_at,sa1_0.created_at,sa1_0.email,sa1_0.full_name,sa1_0.last_login,sa1_0.password,sa1_0.phone,sa1_0.role,s3_0.id,s3_0.brand,s3_0.address,s3_0.email,s3_0.phone,s3_0.created_at,s3_0.description,s3_0.status,s3_0.store_admin_id,s3_0.store_type,s3_0.updated_at,sa1_0.updated_at,sa1_0.verified,s1_0.store_type,s1_0.updated_at from stores s1_0 left join users sa1_0 on sa1_0.id=s1_0.store_admin_id left join branches b1_0 on b1_0.id=sa1_0.branch_id left join stores s3_0 on s3_0.id=sa1_0.store_id where s1_0.id=?
Hibernate: select s1_0.id,s1_0.brand,s1_0.address,s1_0.email,s1_0.phone,s1_0.created_at,s1_0.description,s1_0.status,sa1_0.id,b1_0.id,b1_0.address,b1_0.close_time,b1_0.created_at,b1_0.email,b1_0.manager_id,b1_0.name,b1_0.open_time,b1_0.phone,b1_0.store_id,b1_0.updated_at,sa1_0.created_at,sa1_0.email,sa1_0.full_name,sa1_0.last_login,sa1_0.password,sa1_0.phone,sa1_0.role,s3_0.id,s3_0.brand,s3_0.address,s3_0.email,s3_0.phone,s3_0.created_at,s3_0.description,s3_0.status,s3_0.store_admin_id,s3_0.store_type,s3_0.updated_at,sa1_0.updated_at,sa1_0.verified,s1_0.store_type,s1_0.updated_at from stores s1_0 left join users sa1_0 on sa1_0.id=s1_0.store_admin_id left join branches b1_0 on b1_0.id=sa1_0.branch_id left join stores s3_0 on s3_0.id=sa1_0.store_id where s1_0.id=?
2026-05-10T12:43:19.241+07:00 DEBUG 99967 --- [pos-system] [io-8080-exec-14] org.hibernate.SQL                        : select wd1_0.branch_id,wd1_0.working_days from branch_working_days wd1_0 where wd1_0.branch_id=?
Hibernate: select wd1_0.branch_id,wd1_0.working_days from branch_working_days wd1_0 where wd1_0.branch_id=?
2026-05-10T12:43:19.244+07:00 DEBUG 99967 --- [pos-system] [io-8080-exec-12] org.hibernate.SQL                        : select s1_0.id,s1_0.brand,s1_0.address,s1_0.email,s1_0.phone,s1_0.created_at,s1_0.description,s1_0.status,s1_0.store_admin_id,s1_0.store_type,s1_0.updated_at from stores s1_0 left join users sa1_0 on sa1_0.id=s1_0.store_admin_id where sa1_0.id=?
Hibernate: select s1_0.id,s1_0.brand,s1_0.address,s1_0.email,s1_0.phone,s1_0.created_at,s1_0.description,s1_0.status,s1_0.store_admin_id,s1_0.store_type,s1_0.updated_at from stores s1_0 left join users sa1_0 on sa1_0.id=s1_0.store_admin_id where sa1_0.id=?
2026-05-10T12:43:19.244+07:00 DEBUG 99967 --- [pos-system] [nio-8080-exec-8] org.hibernate.SQL                        : select s1_0.id,s1_0.brand,s1_0.address,s1_0.email,s1_0.phone,s1_0.created_at,s1_0.description,s1_0.status,s1_0.store_admin_id,s1_0.store_type,s1_0.updated_at from stores s1_0 left join users sa1_0 on sa1_0.id=s1_0.store_admin_id where sa1_0.id=?
Hibernate: select s1_0.id,s1_0.brand,s1_0.address,s1_0.email,s1_0.phone,s1_0.created_at,s1_0.description,s1_0.status,s1_0.store_admin_id,s1_0.store_type,s1_0.updated_at from stores s1_0 left join users sa1_0 on sa1_0.id=s1_0.store_admin_id where sa1_0.id=?
2026-05-10T12:43:19.249+07:00 DEBUG 99967 --- [pos-system] [nio-8080-exec-2] org.hibernate.SQL                        : select u1_0.id,u1_0.branch_id,u1_0.created_at,u1_0.email,u1_0.full_name,u1_0.last_login,u1_0.password,u1_0.phone,u1_0.role,u1_0.store_id,u1_0.updated_at,u1_0.verified from users u1_0 where u1_0.email=?
Hibernate: select u1_0.id,u1_0.branch_id,u1_0.created_at,u1_0.email,u1_0.full_name,u1_0.last_login,u1_0.password,u1_0.phone,u1_0.role,u1_0.store_id,u1_0.updated_at,u1_0.verified from users u1_0 where u1_0.email=?
2026-05-10T12:43:19.249+07:00 DEBUG 99967 --- [pos-system] [nio-8080-exec-5] org.hibernate.SQL                        : select u1_0.id,u1_0.branch_id,u1_0.created_at,u1_0.email,u1_0.full_name,u1_0.last_login,u1_0.password,u1_0.phone,u1_0.role,u1_0.store_id,u1_0.updated_at,u1_0.verified from users u1_0 where u1_0.email=?
Hibernate: select u1_0.id,u1_0.branch_id,u1_0.created_at,u1_0.email,u1_0.full_name,u1_0.last_login,u1_0.password,u1_0.phone,u1_0.role,u1_0.store_id,u1_0.updated_at,u1_0.verified from users u1_0 where u1_0.email=?
2026-05-10T12:43:19.250+07:00 DEBUG 99967 --- [pos-system] [nio-8080-exec-2] org.hibernate.SQL                        : select s1_0.id,s1_0.brand,s1_0.address,s1_0.email,s1_0.phone,s1_0.created_at,s1_0.description,s1_0.status,sa1_0.id,b1_0.id,b1_0.address,b1_0.close_time,b1_0.created_at,b1_0.email,b1_0.manager_id,b1_0.name,b1_0.open_time,b1_0.phone,b1_0.store_id,b1_0.updated_at,sa1_0.created_at,sa1_0.email,sa1_0.full_name,sa1_0.last_login,sa1_0.password,sa1_0.phone,sa1_0.role,s3_0.id,s3_0.brand,s3_0.address,s3_0.email,s3_0.phone,s3_0.created_at,s3_0.description,s3_0.status,s3_0.store_admin_id,s3_0.store_type,s3_0.updated_at,sa1_0.updated_at,sa1_0.verified,s1_0.store_type,s1_0.updated_at from stores s1_0 left join users sa1_0 on sa1_0.id=s1_0.store_admin_id left join branches b1_0 on b1_0.id=sa1_0.branch_id left join stores s3_0 on s3_0.id=sa1_0.store_id where s1_0.id=?
Hibernate: select s1_0.id,s1_0.brand,s1_0.address,s1_0.email,s1_0.phone,s1_0.created_at,s1_0.description,s1_0.status,sa1_0.id,b1_0.id,b1_0.address,b1_0.close_time,b1_0.created_at,b1_0.email,b1_0.manager_id,b1_0.name,b1_0.open_time,b1_0.phone,b1_0.store_id,b1_0.updated_at,sa1_0.created_at,sa1_0.email,sa1_0.full_name,sa1_0.last_login,sa1_0.password,sa1_0.phone,sa1_0.role,s3_0.id,s3_0.brand,s3_0.address,s3_0.email,s3_0.phone,s3_0.created_at,s3_0.description,s3_0.status,s3_0.store_admin_id,s3_0.store_type,s3_0.updated_at,sa1_0.updated_at,sa1_0.verified,s1_0.store_type,s1_0.updated_at from stores s1_0 left join users sa1_0 on sa1_0.id=s1_0.store_admin_id left join branches b1_0 on b1_0.id=sa1_0.branch_id left join stores s3_0 on s3_0.id=sa1_0.store_id where s1_0.id=?
2026-05-10T12:43:19.250+07:00 DEBUG 99967 --- [pos-system] [nio-8080-exec-5] org.hibernate.SQL                        : select b1_0.id,b1_0.address,b1_0.close_time,b1_0.created_at,b1_0.email,m1_0.id,b2_0.id,b2_0.address,b2_0.close_time,b2_0.created_at,b2_0.email,b2_0.manager_id,b2_0.name,b2_0.open_time,b2_0.phone,b2_0.store_id,b2_0.updated_at,m1_0.created_at,m1_0.email,m1_0.full_name,m1_0.last_login,m1_0.password,m1_0.phone,m1_0.role,s2_0.id,s2_0.brand,s2_0.address,s2_0.email,s2_0.phone,s2_0.created_at,s2_0.description,s2_0.status,s2_0.store_admin_id,s2_0.store_type,s2_0.updated_at,m1_0.updated_at,m1_0.verified,b1_0.name,b1_0.open_time,b1_0.phone,s3_0.id,s3_0.brand,s3_0.address,s3_0.email,s3_0.phone,s3_0.created_at,s3_0.description,s3_0.status,sa2_0.id,sa2_0.branch_id,sa2_0.created_at,sa2_0.email,sa2_0.full_name,sa2_0.last_login,sa2_0.password,sa2_0.phone,sa2_0.role,sa2_0.store_id,sa2_0.updated_at,sa2_0.verified,s3_0.store_type,s3_0.updated_at,b1_0.updated_at from branches b1_0 left join users m1_0 on m1_0.id=b1_0.manager_id left join branches b2_0 on b2_0.id=m1_0.branch_id left join stores s2_0 on s2_0.id=m1_0.store_id left join stores s3_0 on s3_0.id=b1_0.store_id left join users sa2_0 on sa2_0.id=s3_0.store_admin_id where b1_0.id=?
Hibernate: select b1_0.id,b1_0.address,b1_0.close_time,b1_0.created_at,b1_0.email,m1_0.id,b2_0.id,b2_0.address,b2_0.close_time,b2_0.created_at,b2_0.email,b2_0.manager_id,b2_0.name,b2_0.open_time,b2_0.phone,b2_0.store_id,b2_0.updated_at,m1_0.created_at,m1_0.email,m1_0.full_name,m1_0.last_login,m1_0.password,m1_0.phone,m1_0.role,s2_0.id,s2_0.brand,s2_0.address,s2_0.email,s2_0.phone,s2_0.created_at,s2_0.description,s2_0.status,s2_0.store_admin_id,s2_0.store_type,s2_0.updated_at,m1_0.updated_at,m1_0.verified,b1_0.name,b1_0.open_time,b1_0.phone,s3_0.id,s3_0.brand,s3_0.address,s3_0.email,s3_0.phone,s3_0.created_at,s3_0.description,s3_0.status,sa2_0.id,sa2_0.branch_id,sa2_0.created_at,sa2_0.email,sa2_0.full_name,sa2_0.last_login,sa2_0.password,sa2_0.phone,sa2_0.role,sa2_0.store_id,sa2_0.updated_at,sa2_0.verified,s3_0.store_type,s3_0.updated_at,b1_0.updated_at from branches b1_0 left join users m1_0 on m1_0.id=b1_0.manager_id left join branches b2_0 on b2_0.id=m1_0.branch_id left join stores s2_0 on s2_0.id=m1_0.store_id left join stores s3_0 on s3_0.id=b1_0.store_id left join users sa2_0 on sa2_0.id=s3_0.store_admin_id where b1_0.id=?
2026-05-10T12:43:19.254+07:00 DEBUG 99967 --- [pos-system] [nio-8080-exec-5] org.hibernate.SQL                        : select wd1_0.branch_id,wd1_0.working_days from branch_working_days wd1_0 where wd1_0.branch_id=?
Hibernate: select wd1_0.branch_id,wd1_0.working_days from branch_working_days wd1_0 where wd1_0.branch_id=?
2026-05-10T12:43:19.257+07:00 DEBUG 99967 --- [pos-system] [nio-8080-exec-9] org.hibernate.SQL                        : select u1_0.id,u1_0.branch_id,u1_0.created_at,u1_0.email,u1_0.full_name,u1_0.last_login,u1_0.password,u1_0.phone,u1_0.role,u1_0.store_id,u1_0.updated_at,u1_0.verified from users u1_0 where u1_0.email=?
Hibernate: select u1_0.id,u1_0.branch_id,u1_0.created_at,u1_0.email,u1_0.full_name,u1_0.last_login,u1_0.password,u1_0.phone,u1_0.role,u1_0.store_id,u1_0.updated_at,u1_0.verified from users u1_0 where u1_0.email=?
2026-05-10T12:43:19.259+07:00 DEBUG 99967 --- [pos-system] [nio-8080-exec-9] org.hibernate.SQL                        : select s1_0.id,s1_0.brand,s1_0.address,s1_0.email,s1_0.phone,s1_0.created_at,s1_0.description,s1_0.status,sa1_0.id,b1_0.id,b1_0.address,b1_0.close_time,b1_0.created_at,b1_0.email,b1_0.manager_id,b1_0.name,b1_0.open_time,b1_0.phone,b1_0.store_id,b1_0.updated_at,sa1_0.created_at,sa1_0.email,sa1_0.full_name,sa1_0.last_login,sa1_0.password,sa1_0.phone,sa1_0.role,s3_0.id,s3_0.brand,s3_0.address,s3_0.email,s3_0.phone,s3_0.created_at,s3_0.description,s3_0.status,s3_0.store_admin_id,s3_0.store_type,s3_0.updated_at,sa1_0.updated_at,sa1_0.verified,s1_0.store_type,s1_0.updated_at from stores s1_0 left join users sa1_0 on sa1_0.id=s1_0.store_admin_id left join branches b1_0 on b1_0.id=sa1_0.branch_id left join stores s3_0 on s3_0.id=sa1_0.store_id where s1_0.id=?
Hibernate: select s1_0.id,s1_0.brand,s1_0.address,s1_0.email,s1_0.phone,s1_0.created_at,s1_0.description,s1_0.status,sa1_0.id,b1_0.id,b1_0.address,b1_0.close_time,b1_0.created_at,b1_0.email,b1_0.manager_id,b1_0.name,b1_0.open_time,b1_0.phone,b1_0.store_id,b1_0.updated_at,sa1_0.created_at,sa1_0.email,sa1_0.full_name,sa1_0.last_login,sa1_0.password,sa1_0.phone,sa1_0.role,s3_0.id,s3_0.brand,s3_0.address,s3_0.email,s3_0.phone,s3_0.created_at,s3_0.description,s3_0.status,s3_0.store_admin_id,s3_0.store_type,s3_0.updated_at,sa1_0.updated_at,sa1_0.verified,s1_0.store_type,s1_0.updated_at from stores s1_0 left join users sa1_0 on sa1_0.id=s1_0.store_admin_id left join branches b1_0 on b1_0.id=sa1_0.branch_id left join stores s3_0 on s3_0.id=sa1_0.store_id where s1_0.id=?
2026-05-10T12:43:19.261+07:00 DEBUG 99967 --- [pos-system] [nio-8080-exec-1] org.hibernate.SQL                        : select u1_0.id,u1_0.branch_id,u1_0.created_at,u1_0.email,u1_0.full_name,u1_0.last_login,u1_0.password,u1_0.phone,u1_0.role,u1_0.store_id,u1_0.updated_at,u1_0.verified from users u1_0 where u1_0.email=?
Hibernate: select u1_0.id,u1_0.branch_id,u1_0.created_at,u1_0.email,u1_0.full_name,u1_0.last_login,u1_0.password,u1_0.phone,u1_0.role,u1_0.store_id,u1_0.updated_at,u1_0.verified from users u1_0 where u1_0.email=?
2026-05-10T12:43:19.261+07:00 DEBUG 99967 --- [pos-system] [nio-8080-exec-4] org.hibernate.SQL                        : select u1_0.id,u1_0.branch_id,u1_0.created_at,u1_0.email,u1_0.full_name,u1_0.last_login,u1_0.password,u1_0.phone,u1_0.role,u1_0.store_id,u1_0.updated_at,u1_0.verified from users u1_0 where u1_0.email=?
Hibernate: select u1_0.id,u1_0.branch_id,u1_0.created_at,u1_0.email,u1_0.full_name,u1_0.last_login,u1_0.password,u1_0.phone,u1_0.role,u1_0.store_id,u1_0.updated_at,u1_0.verified from users u1_0 where u1_0.email=?
2026-05-10T12:43:19.262+07:00 DEBUG 99967 --- [pos-system] [nio-8080-exec-4] org.hibernate.SQL                        : select s1_0.id,s1_0.brand,s1_0.address,s1_0.email,s1_0.phone,s1_0.created_at,s1_0.description,s1_0.status,sa1_0.id,b1_0.id,b1_0.address,b1_0.close_time,b1_0.created_at,b1_0.email,b1_0.manager_id,b1_0.name,b1_0.open_time,b1_0.phone,b1_0.store_id,b1_0.updated_at,sa1_0.created_at,sa1_0.email,sa1_0.full_name,sa1_0.last_login,sa1_0.password,sa1_0.phone,sa1_0.role,s3_0.id,s3_0.brand,s3_0.address,s3_0.email,s3_0.phone,s3_0.created_at,s3_0.description,s3_0.status,s3_0.store_admin_id,s3_0.store_type,s3_0.updated_at,sa1_0.updated_at,sa1_0.verified,s1_0.store_type,s1_0.updated_at from stores s1_0 left join users sa1_0 on sa1_0.id=s1_0.store_admin_id left join branches b1_0 on b1_0.id=sa1_0.branch_id left join stores s3_0 on s3_0.id=sa1_0.store_id where s1_0.id=?
Hibernate: select s1_0.id,s1_0.brand,s1_0.address,s1_0.email,s1_0.phone,s1_0.created_at,s1_0.description,s1_0.status,sa1_0.id,b1_0.id,b1_0.address,b1_0.close_time,b1_0.created_at,b1_0.email,b1_0.manager_id,b1_0.name,b1_0.open_time,b1_0.phone,b1_0.store_id,b1_0.updated_at,sa1_0.created_at,sa1_0.email,sa1_0.full_name,sa1_0.last_login,sa1_0.password,sa1_0.phone,sa1_0.role,s3_0.id,s3_0.brand,s3_0.address,s3_0.email,s3_0.phone,s3_0.created_at,s3_0.description,s3_0.status,s3_0.store_admin_id,s3_0.store_type,s3_0.updated_at,sa1_0.updated_at,sa1_0.verified,s1_0.store_type,s1_0.updated_at from stores s1_0 left join users sa1_0 on sa1_0.id=s1_0.store_admin_id left join branches b1_0 on b1_0.id=sa1_0.branch_id left join stores s3_0 on s3_0.id=sa1_0.store_id where s1_0.id=?
2026-05-10T12:43:19.262+07:00 DEBUG 99967 --- [pos-system] [nio-8080-exec-1] org.hibernate.SQL                        : select s1_0.id,s1_0.brand,s1_0.address,s1_0.email,s1_0.phone,s1_0.created_at,s1_0.description,s1_0.status,sa1_0.id,b1_0.id,b1_0.address,b1_0.close_time,b1_0.created_at,b1_0.email,b1_0.manager_id,b1_0.name,b1_0.open_time,b1_0.phone,b1_0.store_id,b1_0.updated_at,sa1_0.created_at,sa1_0.email,sa1_0.full_name,sa1_0.last_login,sa1_0.password,sa1_0.phone,sa1_0.role,s3_0.id,s3_0.brand,s3_0.address,s3_0.email,s3_0.phone,s3_0.created_at,s3_0.description,s3_0.status,s3_0.store_admin_id,s3_0.store_type,s3_0.updated_at,sa1_0.updated_at,sa1_0.verified,s1_0.store_type,s1_0.updated_at from stores s1_0 left join users sa1_0 on sa1_0.id=s1_0.store_admin_id left join branches b1_0 on b1_0.id=sa1_0.branch_id left join stores s3_0 on s3_0.id=sa1_0.store_id where s1_0.id=?
Hibernate: select s1_0.id,s1_0.brand,s1_0.address,s1_0.email,s1_0.phone,s1_0.created_at,s1_0.description,s1_0.status,sa1_0.id,b1_0.id,b1_0.address,b1_0.close_time,b1_0.created_at,b1_0.email,b1_0.manager_id,b1_0.name,b1_0.open_time,b1_0.phone,b1_0.store_id,b1_0.updated_at,sa1_0.created_at,sa1_0.email,sa1_0.full_name,sa1_0.last_login,sa1_0.password,sa1_0.phone,sa1_0.role,s3_0.id,s3_0.brand,s3_0.address,s3_0.email,s3_0.phone,s3_0.created_at,s3_0.description,s3_0.status,s3_0.store_admin_id,s3_0.store_type,s3_0.updated_at,sa1_0.updated_at,sa1_0.verified,s1_0.store_type,s1_0.updated_at from stores s1_0 left join users sa1_0 on sa1_0.id=s1_0.store_admin_id left join branches b1_0 on b1_0.id=sa1_0.branch_id left join stores s3_0 on s3_0.id=sa1_0.store_id where s1_0.id=?
2026-05-10T12:43:19.264+07:00 DEBUG 99967 --- [pos-system] [nio-8080-exec-5] org.hibernate.SQL                        : select u1_0.id,u1_0.branch_id,u1_0.created_at,u1_0.email,u1_0.full_name,u1_0.last_login,u1_0.password,u1_0.phone,u1_0.role,u1_0.store_id,u1_0.updated_at,u1_0.verified from users u1_0 where u1_0.email=?
Hibernate: select u1_0.id,u1_0.branch_id,u1_0.created_at,u1_0.email,u1_0.full_name,u1_0.last_login,u1_0.password,u1_0.phone,u1_0.role,u1_0.store_id,u1_0.updated_at,u1_0.verified from users u1_0 where u1_0.email=?
2026-05-10T12:43:19.264+07:00 DEBUG 99967 --- [pos-system] [nio-8080-exec-5] org.hibernate.SQL                        : select b1_0.id,b1_0.address,b1_0.close_time,b1_0.created_at,b1_0.email,m1_0.id,b2_0.id,b2_0.address,b2_0.close_time,b2_0.created_at,b2_0.email,b2_0.manager_id,b2_0.name,b2_0.open_time,b2_0.phone,b2_0.store_id,b2_0.updated_at,m1_0.created_at,m1_0.email,m1_0.full_name,m1_0.last_login,m1_0.password,m1_0.phone,m1_0.role,s2_0.id,s2_0.brand,s2_0.address,s2_0.email,s2_0.phone,s2_0.created_at,s2_0.description,s2_0.status,s2_0.store_admin_id,s2_0.store_type,s2_0.updated_at,m1_0.updated_at,m1_0.verified,b1_0.name,b1_0.open_time,b1_0.phone,s3_0.id,s3_0.brand,s3_0.address,s3_0.email,s3_0.phone,s3_0.created_at,s3_0.description,s3_0.status,sa2_0.id,sa2_0.branch_id,sa2_0.created_at,sa2_0.email,sa2_0.full_name,sa2_0.last_login,sa2_0.password,sa2_0.phone,sa2_0.role,sa2_0.store_id,sa2_0.updated_at,sa2_0.verified,s3_0.store_type,s3_0.updated_at,b1_0.updated_at from branches b1_0 left join users m1_0 on m1_0.id=b1_0.manager_id left join branches b2_0 on b2_0.id=m1_0.branch_id left join stores s2_0 on s2_0.id=m1_0.store_id left join stores s3_0 on s3_0.id=b1_0.store_id left join users sa2_0 on sa2_0.id=s3_0.store_admin_id where b1_0.id=?
Hibernate: select b1_0.id,b1_0.address,b1_0.close_time,b1_0.created_at,b1_0.email,m1_0.id,b2_0.id,b2_0.address,b2_0.close_time,b2_0.created_at,b2_0.email,b2_0.manager_id,b2_0.name,b2_0.open_time,b2_0.phone,b2_0.store_id,b2_0.updated_at,m1_0.created_at,m1_0.email,m1_0.full_name,m1_0.last_login,m1_0.password,m1_0.phone,m1_0.role,s2_0.id,s2_0.brand,s2_0.address,s2_0.email,s2_0.phone,s2_0.created_at,s2_0.description,s2_0.status,s2_0.store_admin_id,s2_0.store_type,s2_0.updated_at,m1_0.updated_at,m1_0.verified,b1_0.name,b1_0.open_time,b1_0.phone,s3_0.id,s3_0.brand,s3_0.address,s3_0.email,s3_0.phone,s3_0.created_at,s3_0.description,s3_0.status,sa2_0.id,sa2_0.branch_id,sa2_0.created_at,sa2_0.email,sa2_0.full_name,sa2_0.last_login,sa2_0.password,sa2_0.phone,sa2_0.role,sa2_0.store_id,sa2_0.updated_at,sa2_0.verified,s3_0.store_type,s3_0.updated_at,b1_0.updated_at from branches b1_0 left join users m1_0 on m1_0.id=b1_0.manager_id left join branches b2_0 on b2_0.id=m1_0.branch_id left join stores s2_0 on s2_0.id=m1_0.store_id left join stores s3_0 on s3_0.id=b1_0.store_id left join users sa2_0 on sa2_0.id=s3_0.store_admin_id where b1_0.id=?
2026-05-10T12:43:19.265+07:00 DEBUG 99967 --- [pos-system] [nio-8080-exec-4] org.hibernate.SQL                        : select s1_0.id,s1_0.brand,s1_0.address,s1_0.email,s1_0.phone,s1_0.created_at,s1_0.description,s1_0.status,s1_0.store_admin_id,s1_0.store_type,s1_0.updated_at from stores s1_0 left join users sa1_0 on sa1_0.id=s1_0.store_admin_id where sa1_0.id=?
Hibernate: select s1_0.id,s1_0.brand,s1_0.address,s1_0.email,s1_0.phone,s1_0.created_at,s1_0.description,s1_0.status,s1_0.store_admin_id,s1_0.store_type,s1_0.updated_at from stores s1_0 left join users sa1_0 on sa1_0.id=s1_0.store_admin_id where sa1_0.id=?
2026-05-10T12:43:19.265+07:00 DEBUG 99967 --- [pos-system] [nio-8080-exec-1] org.hibernate.SQL                        : select s1_0.id,s1_0.brand,s1_0.address,s1_0.email,s1_0.phone,s1_0.created_at,s1_0.description,s1_0.status,s1_0.store_admin_id,s1_0.store_type,s1_0.updated_at from stores s1_0 left join users sa1_0 on sa1_0.id=s1_0.store_admin_id where sa1_0.id=?
Hibernate: select s1_0.id,s1_0.brand,s1_0.address,s1_0.email,s1_0.phone,s1_0.created_at,s1_0.description,s1_0.status,s1_0.store_admin_id,s1_0.store_type,s1_0.updated_at from stores s1_0 left join users sa1_0 on sa1_0.id=s1_0.store_admin_id where sa1_0.id=?
2026-05-10T12:43:19.265+07:00 DEBUG 99967 --- [pos-system] [io-8080-exec-13] org.hibernate.SQL                        : select u1_0.id,u1_0.branch_id,u1_0.created_at,u1_0.email,u1_0.full_name,u1_0.last_login,u1_0.password,u1_0.phone,u1_0.role,u1_0.store_id,u1_0.updated_at,u1_0.verified from users u1_0 where u1_0.email=?
Hibernate: select u1_0.id,u1_0.branch_id,u1_0.created_at,u1_0.email,u1_0.full_name,u1_0.last_login,u1_0.password,u1_0.phone,u1_0.role,u1_0.store_id,u1_0.updated_at,u1_0.verified from users u1_0 where u1_0.email=?
2026-05-10T12:43:19.266+07:00 DEBUG 99967 --- [pos-system] [io-8080-exec-13] org.hibernate.SQL                        : select s1_0.id,s1_0.brand,s1_0.address,s1_0.email,s1_0.phone,s1_0.created_at,s1_0.description,s1_0.status,sa1_0.id,b1_0.id,b1_0.address,b1_0.close_time,b1_0.created_at,b1_0.email,b1_0.manager_id,b1_0.name,b1_0.open_time,b1_0.phone,b1_0.store_id,b1_0.updated_at,sa1_0.created_at,sa1_0.email,sa1_0.full_name,sa1_0.last_login,sa1_0.password,sa1_0.phone,sa1_0.role,s3_0.id,s3_0.brand,s3_0.address,s3_0.email,s3_0.phone,s3_0.created_at,s3_0.description,s3_0.status,s3_0.store_admin_id,s3_0.store_type,s3_0.updated_at,sa1_0.updated_at,sa1_0.verified,s1_0.store_type,s1_0.updated_at from stores s1_0 left join users sa1_0 on sa1_0.id=s1_0.store_admin_id left join branches b1_0 on b1_0.id=sa1_0.branch_id left join stores s3_0 on s3_0.id=sa1_0.store_id where s1_0.id=?
Hibernate: select s1_0.id,s1_0.brand,s1_0.address,s1_0.email,s1_0.phone,s1_0.created_at,s1_0.description,s1_0.status,sa1_0.id,b1_0.id,b1_0.address,b1_0.close_time,b1_0.created_at,b1_0.email,b1_0.manager_id,b1_0.name,b1_0.open_time,b1_0.phone,b1_0.store_id,b1_0.updated_at,sa1_0.created_at,sa1_0.email,sa1_0.full_name,sa1_0.last_login,sa1_0.password,sa1_0.phone,sa1_0.role,s3_0.id,s3_0.brand,s3_0.address,s3_0.email,s3_0.phone,s3_0.created_at,s3_0.description,s3_0.status,s3_0.store_admin_id,s3_0.store_type,s3_0.updated_at,sa1_0.updated_at,sa1_0.verified,s1_0.store_type,s1_0.updated_at from stores s1_0 left join users sa1_0 on sa1_0.id=s1_0.store_admin_id left join branches b1_0 on b1_0.id=sa1_0.branch_id left join stores s3_0 on s3_0.id=sa1_0.store_id where s1_0.id=?
2026-05-10T12:43:19.268+07:00 DEBUG 99967 --- [pos-system] [nio-8080-exec-5] org.hibernate.SQL                        : select wd1_0.branch_id,wd1_0.working_days from branch_working_days wd1_0 where wd1_0.branch_id=?
Hibernate: select wd1_0.branch_id,wd1_0.working_days from branch_working_days wd1_0 where wd1_0.branch_id=?
2026-05-10T12:43:19.272+07:00 DEBUG 99967 --- [pos-system] [io-8080-exec-11] org.hibernate.SQL                        : select u1_0.id,u1_0.branch_id,u1_0.created_at,u1_0.email,u1_0.full_name,u1_0.last_login,u1_0.password,u1_0.phone,u1_0.role,u1_0.store_id,u1_0.updated_at,u1_0.verified from users u1_0 where u1_0.email=?
Hibernate: select u1_0.id,u1_0.branch_id,u1_0.created_at,u1_0.email,u1_0.full_name,u1_0.last_login,u1_0.password,u1_0.phone,u1_0.role,u1_0.store_id,u1_0.updated_at,u1_0.verified from users u1_0 where u1_0.email=?
2026-05-10T12:43:19.273+07:00 DEBUG 99967 --- [pos-system] [nio-8080-exec-7] org.hibernate.SQL                        : select u1_0.id,u1_0.branch_id,u1_0.created_at,u1_0.email,u1_0.full_name,u1_0.last_login,u1_0.password,u1_0.phone,u1_0.role,u1_0.store_id,u1_0.updated_at,u1_0.verified from users u1_0 where u1_0.email=?
Hibernate: select u1_0.id,u1_0.branch_id,u1_0.created_at,u1_0.email,u1_0.full_name,u1_0.last_login,u1_0.password,u1_0.phone,u1_0.role,u1_0.store_id,u1_0.updated_at,u1_0.verified from users u1_0 where u1_0.email=?
2026-05-10T12:43:19.274+07:00 DEBUG 99967 --- [pos-system] [io-8080-exec-11] org.hibernate.SQL                        : select s1_0.id,s1_0.brand,s1_0.address,s1_0.email,s1_0.phone,s1_0.created_at,s1_0.description,s1_0.status,sa1_0.id,b1_0.id,b1_0.address,b1_0.close_time,b1_0.created_at,b1_0.email,b1_0.manager_id,b1_0.name,b1_0.open_time,b1_0.phone,b1_0.store_id,b1_0.updated_at,sa1_0.created_at,sa1_0.email,sa1_0.full_name,sa1_0.last_login,sa1_0.password,sa1_0.phone,sa1_0.role,s3_0.id,s3_0.brand,s3_0.address,s3_0.email,s3_0.phone,s3_0.created_at,s3_0.description,s3_0.status,s3_0.store_admin_id,s3_0.store_type,s3_0.updated_at,sa1_0.updated_at,sa1_0.verified,s1_0.store_type,s1_0.updated_at from stores s1_0 left join users sa1_0 on sa1_0.id=s1_0.store_admin_id left join branches b1_0 on b1_0.id=sa1_0.branch_id left join stores s3_0 on s3_0.id=sa1_0.store_id where s1_0.id=?
Hibernate: select s1_0.id,s1_0.brand,s1_0.address,s1_0.email,s1_0.phone,s1_0.created_at,s1_0.description,s1_0.status,sa1_0.id,b1_0.id,b1_0.address,b1_0.close_time,b1_0.created_at,b1_0.email,b1_0.manager_id,b1_0.name,b1_0.open_time,b1_0.phone,b1_0.store_id,b1_0.updated_at,sa1_0.created_at,sa1_0.email,sa1_0.full_name,sa1_0.last_login,sa1_0.password,sa1_0.phone,sa1_0.role,s3_0.id,s3_0.brand,s3_0.address,s3_0.email,s3_0.phone,s3_0.created_at,s3_0.description,s3_0.status,s3_0.store_admin_id,s3_0.store_type,s3_0.updated_at,sa1_0.updated_at,sa1_0.verified,s1_0.store_type,s1_0.updated_at from stores s1_0 left join users sa1_0 on sa1_0.id=s1_0.store_admin_id left join branches b1_0 on b1_0.id=sa1_0.branch_id left join stores s3_0 on s3_0.id=sa1_0.store_id where s1_0.id=?
2026-05-10T12:43:19.274+07:00 DEBUG 99967 --- [pos-system] [nio-8080-exec-7] org.hibernate.SQL                        : select s1_0.id,s1_0.brand,s1_0.address,s1_0.email,s1_0.phone,s1_0.created_at,s1_0.description,s1_0.status,sa1_0.id,b1_0.id,b1_0.address,b1_0.close_time,b1_0.created_at,b1_0.email,b1_0.manager_id,b1_0.name,b1_0.open_time,b1_0.phone,b1_0.store_id,b1_0.updated_at,sa1_0.created_at,sa1_0.email,sa1_0.full_name,sa1_0.last_login,sa1_0.password,sa1_0.phone,sa1_0.role,s3_0.id,s3_0.brand,s3_0.address,s3_0.email,s3_0.phone,s3_0.created_at,s3_0.description,s3_0.status,s3_0.store_admin_id,s3_0.store_type,s3_0.updated_at,sa1_0.updated_at,sa1_0.verified,s1_0.store_type,s1_0.updated_at from stores s1_0 left join users sa1_0 on sa1_0.id=s1_0.store_admin_id left join branches b1_0 on b1_0.id=sa1_0.branch_id left join stores s3_0 on s3_0.id=sa1_0.store_id where s1_0.id=?
Hibernate: select s1_0.id,s1_0.brand,s1_0.address,s1_0.email,s1_0.phone,s1_0.created_at,s1_0.description,s1_0.status,sa1_0.id,b1_0.id,b1_0.address,b1_0.close_time,b1_0.created_at,b1_0.email,b1_0.manager_id,b1_0.name,b1_0.open_time,b1_0.phone,b1_0.store_id,b1_0.updated_at,sa1_0.created_at,sa1_0.email,sa1_0.full_name,sa1_0.last_login,sa1_0.password,sa1_0.phone,sa1_0.role,s3_0.id,s3_0.brand,s3_0.address,s3_0.email,s3_0.phone,s3_0.created_at,s3_0.description,s3_0.status,s3_0.store_admin_id,s3_0.store_type,s3_0.updated_at,sa1_0.updated_at,sa1_0.verified,s1_0.store_type,s1_0.updated_at from stores s1_0 left join users sa1_0 on sa1_0.id=s1_0.store_admin_id left join branches b1_0 on b1_0.id=sa1_0.branch_id left join stores s3_0 on s3_0.id=sa1_0.store_id where s1_0.id=?
2026-05-10T12:43:19.274+07:00 DEBUG 99967 --- [pos-system] [nio-8080-exec-6] org.hibernate.SQL                        : select u1_0.id,u1_0.branch_id,u1_0.created_at,u1_0.email,u1_0.full_name,u1_0.last_login,u1_0.password,u1_0.phone,u1_0.role,u1_0.store_id,u1_0.updated_at,u1_0.verified from users u1_0 where u1_0.email=?
Hibernate: select u1_0.id,u1_0.branch_id,u1_0.created_at,u1_0.email,u1_0.full_name,u1_0.last_login,u1_0.password,u1_0.phone,u1_0.role,u1_0.store_id,u1_0.updated_at,u1_0.verified from users u1_0 where u1_0.email=?
2026-05-10T12:43:19.276+07:00 DEBUG 99967 --- [pos-system] [nio-8080-exec-6] org.hibernate.SQL                        : select b1_0.id,b1_0.address,b1_0.close_time,b1_0.created_at,b1_0.email,m1_0.id,b2_0.id,b2_0.address,b2_0.close_time,b2_0.created_at,b2_0.email,b2_0.manager_id,b2_0.name,b2_0.open_time,b2_0.phone,b2_0.store_id,b2_0.updated_at,m1_0.created_at,m1_0.email,m1_0.full_name,m1_0.last_login,m1_0.password,m1_0.phone,m1_0.role,s2_0.id,s2_0.brand,s2_0.address,s2_0.email,s2_0.phone,s2_0.created_at,s2_0.description,s2_0.status,s2_0.store_admin_id,s2_0.store_type,s2_0.updated_at,m1_0.updated_at,m1_0.verified,b1_0.name,b1_0.open_time,b1_0.phone,s3_0.id,s3_0.brand,s3_0.address,s3_0.email,s3_0.phone,s3_0.created_at,s3_0.description,s3_0.status,sa2_0.id,sa2_0.branch_id,sa2_0.created_at,sa2_0.email,sa2_0.full_name,sa2_0.last_login,sa2_0.password,sa2_0.phone,sa2_0.role,sa2_0.store_id,sa2_0.updated_at,sa2_0.verified,s3_0.store_type,s3_0.updated_at,b1_0.updated_at from branches b1_0 left join users m1_0 on m1_0.id=b1_0.manager_id left join branches b2_0 on b2_0.id=m1_0.branch_id left join stores s2_0 on s2_0.id=m1_0.store_id left join stores s3_0 on s3_0.id=b1_0.store_id left join users sa2_0 on sa2_0.id=s3_0.store_admin_id where b1_0.id=?
Hibernate: select b1_0.id,b1_0.address,b1_0.close_time,b1_0.created_at,b1_0.email,m1_0.id,b2_0.id,b2_0.address,b2_0.close_time,b2_0.created_at,b2_0.email,b2_0.manager_id,b2_0.name,b2_0.open_time,b2_0.phone,b2_0.store_id,b2_0.updated_at,m1_0.created_at,m1_0.email,m1_0.full_name,m1_0.last_login,m1_0.password,m1_0.phone,m1_0.role,s2_0.id,s2_0.brand,s2_0.address,s2_0.email,s2_0.phone,s2_0.created_at,s2_0.description,s2_0.status,s2_0.store_admin_id,s2_0.store_type,s2_0.updated_at,m1_0.updated_at,m1_0.verified,b1_0.name,b1_0.open_time,b1_0.phone,s3_0.id,s3_0.brand,s3_0.address,s3_0.email,s3_0.phone,s3_0.created_at,s3_0.description,s3_0.status,sa2_0.id,sa2_0.branch_id,sa2_0.created_at,sa2_0.email,sa2_0.full_name,sa2_0.last_login,sa2_0.password,sa2_0.phone,sa2_0.role,sa2_0.store_id,sa2_0.updated_at,sa2_0.verified,s3_0.store_type,s3_0.updated_at,b1_0.updated_at from branches b1_0 left join users m1_0 on m1_0.id=b1_0.manager_id left join branches b2_0 on b2_0.id=m1_0.branch_id left join stores s2_0 on s2_0.id=m1_0.store_id left join stores s3_0 on s3_0.id=b1_0.store_id left join users sa2_0 on sa2_0.id=s3_0.store_admin_id where b1_0.id=?
2026-05-10T12:43:19.278+07:00 DEBUG 99967 --- [pos-system] [io-8080-exec-11] org.hibernate.SQL                        : select s1_0.id,s1_0.brand,s1_0.address,s1_0.email,s1_0.phone,s1_0.created_at,s1_0.description,s1_0.status,s1_0.store_admin_id,s1_0.store_type,s1_0.updated_at from stores s1_0 left join users sa1_0 on sa1_0.id=s1_0.store_admin_id where sa1_0.id=?
Hibernate: select s1_0.id,s1_0.brand,s1_0.address,s1_0.email,s1_0.phone,s1_0.created_at,s1_0.description,s1_0.status,s1_0.store_admin_id,s1_0.store_type,s1_0.updated_at from stores s1_0 left join users sa1_0 on sa1_0.id=s1_0.store_admin_id where sa1_0.id=?
2026-05-10T12:43:19.280+07:00 DEBUG 99967 --- [pos-system] [nio-8080-exec-6] org.hibernate.SQL                        : select wd1_0.branch_id,wd1_0.working_days from branch_working_days wd1_0 where wd1_0.branch_id=?
Hibernate: select wd1_0.branch_id,wd1_0.working_days from branch_working_days wd1_0 where wd1_0.branch_id=?
2026-05-10T12:43:19.284+07:00 DEBUG 99967 --- [pos-system] [io-8080-exec-14] org.hibernate.SQL                        : select u1_0.id,u1_0.branch_id,u1_0.created_at,u1_0.email,u1_0.full_name,u1_0.last_login,u1_0.password,u1_0.phone,u1_0.role,u1_0.store_id,u1_0.updated_at,u1_0.verified from users u1_0 where u1_0.email=?
Hibernate: select u1_0.id,u1_0.branch_id,u1_0.created_at,u1_0.email,u1_0.full_name,u1_0.last_login,u1_0.password,u1_0.phone,u1_0.role,u1_0.store_id,u1_0.updated_at,u1_0.verified from users u1_0 where u1_0.email=?
2026-05-10T12:43:19.286+07:00 DEBUG 99967 --- [pos-system] [io-8080-exec-14] org.hibernate.SQL                        : select s1_0.id,s1_0.brand,s1_0.address,s1_0.email,s1_0.phone,s1_0.created_at,s1_0.description,s1_0.status,sa1_0.id,b1_0.id,b1_0.address,b1_0.close_time,b1_0.created_at,b1_0.email,b1_0.manager_id,b1_0.name,b1_0.open_time,b1_0.phone,b1_0.store_id,b1_0.updated_at,sa1_0.created_at,sa1_0.email,sa1_0.full_name,sa1_0.last_login,sa1_0.password,sa1_0.phone,sa1_0.role,s3_0.id,s3_0.brand,s3_0.address,s3_0.email,s3_0.phone,s3_0.created_at,s3_0.description,s3_0.status,s3_0.store_admin_id,s3_0.store_type,s3_0.updated_at,sa1_0.updated_at,sa1_0.verified,s1_0.store_type,s1_0.updated_at from stores s1_0 left join users sa1_0 on sa1_0.id=s1_0.store_admin_id left join branches b1_0 on b1_0.id=sa1_0.branch_id left join stores s3_0 on s3_0.id=sa1_0.store_id where s1_0.id=?
Hibernate: select s1_0.id,s1_0.brand,s1_0.address,s1_0.email,s1_0.phone,s1_0.created_at,s1_0.description,s1_0.status,sa1_0.id,b1_0.id,b1_0.address,b1_0.close_time,b1_0.created_at,b1_0.email,b1_0.manager_id,b1_0.name,b1_0.open_time,b1_0.phone,b1_0.store_id,b1_0.updated_at,sa1_0.created_at,sa1_0.email,sa1_0.full_name,sa1_0.last_login,sa1_0.password,sa1_0.phone,sa1_0.role,s3_0.id,s3_0.brand,s3_0.address,s3_0.email,s3_0.phone,s3_0.created_at,s3_0.description,s3_0.status,s3_0.store_admin_id,s3_0.store_type,s3_0.updated_at,sa1_0.updated_at,sa1_0.verified,s1_0.store_type,s1_0.updated_at from stores s1_0 left join users sa1_0 on sa1_0.id=s1_0.store_admin_id left join branches b1_0 on b1_0.id=sa1_0.branch_id left join stores s3_0 on s3_0.id=sa1_0.store_id where s1_0.id=?
2026-05-10T12:43:19.290+07:00 DEBUG 99967 --- [pos-system] [io-8080-exec-10] org.hibernate.SQL                        : select u1_0.id,u1_0.branch_id,u1_0.created_at,u1_0.email,u1_0.full_name,u1_0.last_login,u1_0.password,u1_0.phone,u1_0.role,u1_0.store_id,u1_0.updated_at,u1_0.verified from users u1_0 where u1_0.email=?
Hibernate: select u1_0.id,u1_0.branch_id,u1_0.created_at,u1_0.email,u1_0.full_name,u1_0.last_login,u1_0.password,u1_0.phone,u1_0.role,u1_0.store_id,u1_0.updated_at,u1_0.verified from users u1_0 where u1_0.email=?
2026-05-10T12:43:19.293+07:00 DEBUG 99967 --- [pos-system] [io-8080-exec-10] org.hibernate.SQL                        : select s1_0.id,s1_0.brand,s1_0.address,s1_0.email,s1_0.phone,s1_0.created_at,s1_0.description,s1_0.status,sa1_0.id,b1_0.id,b1_0.address,b1_0.close_time,b1_0.created_at,b1_0.email,b1_0.manager_id,b1_0.name,b1_0.open_time,b1_0.phone,b1_0.store_id,b1_0.updated_at,sa1_0.created_at,sa1_0.email,sa1_0.full_name,sa1_0.last_login,sa1_0.password,sa1_0.phone,sa1_0.role,s3_0.id,s3_0.brand,s3_0.address,s3_0.email,s3_0.phone,s3_0.created_at,s3_0.description,s3_0.status,s3_0.store_admin_id,s3_0.store_type,s3_0.updated_at,sa1_0.updated_at,sa1_0.verified,s1_0.store_type,s1_0.updated_at from stores s1_0 left join users sa1_0 on sa1_0.id=s1_0.store_admin_id left join branches b1_0 on b1_0.id=sa1_0.branch_id left join stores s3_0 on s3_0.id=sa1_0.store_id where s1_0.id=?
Hibernate: select s1_0.id,s1_0.brand,s1_0.address,s1_0.email,s1_0.phone,s1_0.created_at,s1_0.description,s1_0.status,sa1_0.id,b1_0.id,b1_0.address,b1_0.close_time,b1_0.created_at,b1_0.email,b1_0.manager_id,b1_0.name,b1_0.open_time,b1_0.phone,b1_0.store_id,b1_0.updated_at,sa1_0.created_at,sa1_0.email,sa1_0.full_name,sa1_0.last_login,sa1_0.password,sa1_0.phone,sa1_0.role,s3_0.id,s3_0.brand,s3_0.address,s3_0.email,s3_0.phone,s3_0.created_at,s3_0.description,s3_0.status,s3_0.store_admin_id,s3_0.store_type,s3_0.updated_at,sa1_0.updated_at,sa1_0.verified,s1_0.store_type,s1_0.updated_at from stores s1_0 left join users sa1_0 on sa1_0.id=s1_0.store_admin_id left join branches b1_0 on b1_0.id=sa1_0.branch_id left join stores s3_0 on s3_0.id=sa1_0.store_id where s1_0.id=?
2026-05-10T12:43:19.299+07:00 DEBUG 99967 --- [pos-system] [nio-8080-exec-8] org.hibernate.SQL                        : select u1_0.id,u1_0.branch_id,u1_0.created_at,u1_0.email,u1_0.full_name,u1_0.last_login,u1_0.password,u1_0.phone,u1_0.role,u1_0.store_id,u1_0.updated_at,u1_0.verified from users u1_0 where u1_0.email=?
Hibernate: select u1_0.id,u1_0.branch_id,u1_0.created_at,u1_0.email,u1_0.full_name,u1_0.last_login,u1_0.password,u1_0.phone,u1_0.role,u1_0.store_id,u1_0.updated_at,u1_0.verified from users u1_0 where u1_0.email=?
2026-05-10T12:43:19.299+07:00 DEBUG 99967 --- [pos-system] [io-8080-exec-10] org.hibernate.SQL                        : select s1_0.id,s1_0.brand,s1_0.address,s1_0.email,s1_0.phone,s1_0.created_at,s1_0.description,s1_0.status,s1_0.store_admin_id,s1_0.store_type,s1_0.updated_at from stores s1_0 left join users sa1_0 on sa1_0.id=s1_0.store_admin_id where sa1_0.id=?
Hibernate: select s1_0.id,s1_0.brand,s1_0.address,s1_0.email,s1_0.phone,s1_0.created_at,s1_0.description,s1_0.status,s1_0.store_admin_id,s1_0.store_type,s1_0.updated_at from stores s1_0 left join users sa1_0 on sa1_0.id=s1_0.store_admin_id where sa1_0.id=?
2026-05-10T12:43:19.300+07:00 DEBUG 99967 --- [pos-system] [nio-8080-exec-8] org.hibernate.SQL                        : select s1_0.id,s1_0.brand,s1_0.address,s1_0.email,s1_0.phone,s1_0.created_at,s1_0.description,s1_0.status,sa1_0.id,b1_0.id,b1_0.address,b1_0.close_time,b1_0.created_at,b1_0.email,b1_0.manager_id,b1_0.name,b1_0.open_time,b1_0.phone,b1_0.store_id,b1_0.updated_at,sa1_0.created_at,sa1_0.email,sa1_0.full_name,sa1_0.last_login,sa1_0.password,sa1_0.phone,sa1_0.role,s3_0.id,s3_0.brand,s3_0.address,s3_0.email,s3_0.phone,s3_0.created_at,s3_0.description,s3_0.status,s3_0.store_admin_id,s3_0.store_type,s3_0.updated_at,sa1_0.updated_at,sa1_0.verified,s1_0.store_type,s1_0.updated_at from stores s1_0 left join users sa1_0 on sa1_0.id=s1_0.store_admin_id left join branches b1_0 on b1_0.id=sa1_0.branch_id left join stores s3_0 on s3_0.id=sa1_0.store_id where s1_0.id=?
Hibernate: select s1_0.id,s1_0.brand,s1_0.address,s1_0.email,s1_0.phone,s1_0.created_at,s1_0.description,s1_0.status,sa1_0.id,b1_0.id,b1_0.address,b1_0.close_time,b1_0.created_at,b1_0.email,b1_0.manager_id,b1_0.name,b1_0.open_time,b1_0.phone,b1_0.store_id,b1_0.updated_at,sa1_0.created_at,sa1_0.email,sa1_0.full_name,sa1_0.last_login,sa1_0.password,sa1_0.phone,sa1_0.role,s3_0.id,s3_0.brand,s3_0.address,s3_0.email,s3_0.phone,s3_0.created_at,s3_0.description,s3_0.status,s3_0.store_admin_id,s3_0.store_type,s3_0.updated_at,sa1_0.updated_at,sa1_0.verified,s1_0.store_type,s1_0.updated_at from stores s1_0 left join users sa1_0 on sa1_0.id=s1_0.store_admin_id left join branches b1_0 on b1_0.id=sa1_0.branch_id left join stores s3_0 on s3_0.id=sa1_0.store_id where s1_0.id=?
2026-05-10T12:43:19.318+07:00 DEBUG 99967 --- [pos-system] [nio-8080-exec-8] org.hibernate.SQL                        : select u1_0.id,u1_0.branch_id,u1_0.created_at,u1_0.email,u1_0.full_name,u1_0.last_login,u1_0.password,u1_0.phone,u1_0.role,u1_0.store_id,u1_0.updated_at,u1_0.verified from users u1_0 where u1_0.email=?
Hibernate: select u1_0.id,u1_0.branch_id,u1_0.created_at,u1_0.email,u1_0.full_name,u1_0.last_login,u1_0.password,u1_0.phone,u1_0.role,u1_0.store_id,u1_0.updated_at,u1_0.verified from users u1_0 where u1_0.email=?
2026-05-10T12:43:19.319+07:00 DEBUG 99967 --- [pos-system] [io-8080-exec-10] org.hibernate.SQL                        : select u1_0.id,u1_0.branch_id,u1_0.created_at,u1_0.email,u1_0.full_name,u1_0.last_login,u1_0.password,u1_0.phone,u1_0.role,u1_0.store_id,u1_0.updated_at,u1_0.verified from users u1_0 where u1_0.email=?
Hibernate: select u1_0.id,u1_0.branch_id,u1_0.created_at,u1_0.email,u1_0.full_name,u1_0.last_login,u1_0.password,u1_0.phone,u1_0.role,u1_0.store_id,u1_0.updated_at,u1_0.verified from users u1_0 where u1_0.email=?
2026-05-10T12:43:19.320+07:00 DEBUG 99967 --- [pos-system] [nio-8080-exec-4] org.hibernate.SQL                        : select u1_0.id,u1_0.branch_id,u1_0.created_at,u1_0.email,u1_0.full_name,u1_0.last_login,u1_0.password,u1_0.phone,u1_0.role,u1_0.store_id,u1_0.updated_at,u1_0.verified from users u1_0 where u1_0.email=?
Hibernate: select u1_0.id,u1_0.branch_id,u1_0.created_at,u1_0.email,u1_0.full_name,u1_0.last_login,u1_0.password,u1_0.phone,u1_0.role,u1_0.store_id,u1_0.updated_at,u1_0.verified from users u1_0 where u1_0.email=?
2026-05-10T12:43:19.321+07:00 DEBUG 99967 --- [pos-system] [nio-8080-exec-8] org.hibernate.SQL                        : select s1_0.id,s1_0.brand,s1_0.address,s1_0.email,s1_0.phone,s1_0.created_at,s1_0.description,s1_0.status,sa1_0.id,b1_0.id,b1_0.address,b1_0.close_time,b1_0.created_at,b1_0.email,b1_0.manager_id,b1_0.name,b1_0.open_time,b1_0.phone,b1_0.store_id,b1_0.updated_at,sa1_0.created_at,sa1_0.email,sa1_0.full_name,sa1_0.last_login,sa1_0.password,sa1_0.phone,sa1_0.role,s3_0.id,s3_0.brand,s3_0.address,s3_0.email,s3_0.phone,s3_0.created_at,s3_0.description,s3_0.status,s3_0.store_admin_id,s3_0.store_type,s3_0.updated_at,sa1_0.updated_at,sa1_0.verified,s1_0.store_type,s1_0.updated_at from stores s1_0 left join users sa1_0 on sa1_0.id=s1_0.store_admin_id left join branches b1_0 on b1_0.id=sa1_0.branch_id left join stores s3_0 on s3_0.id=sa1_0.store_id where s1_0.id=?
Hibernate: select s1_0.id,s1_0.brand,s1_0.address,s1_0.email,s1_0.phone,s1_0.created_at,s1_0.description,s1_0.status,sa1_0.id,b1_0.id,b1_0.address,b1_0.close_time,b1_0.created_at,b1_0.email,b1_0.manager_id,b1_0.name,b1_0.open_time,b1_0.phone,b1_0.store_id,b1_0.updated_at,sa1_0.created_at,sa1_0.email,sa1_0.full_name,sa1_0.last_login,sa1_0.password,sa1_0.phone,sa1_0.role,s3_0.id,s3_0.brand,s3_0.address,s3_0.email,s3_0.phone,s3_0.created_at,s3_0.description,s3_0.status,s3_0.store_admin_id,s3_0.store_type,s3_0.updated_at,sa1_0.updated_at,sa1_0.verified,s1_0.store_type,s1_0.updated_at from stores s1_0 left join users sa1_0 on sa1_0.id=s1_0.store_admin_id left join branches b1_0 on b1_0.id=sa1_0.branch_id left join stores s3_0 on s3_0.id=sa1_0.store_id where s1_0.id=?
2026-05-10T12:43:19.321+07:00 DEBUG 99967 --- [pos-system] [io-8080-exec-10] org.hibernate.SQL                        : select s1_0.id,s1_0.brand,s1_0.address,s1_0.email,s1_0.phone,s1_0.created_at,s1_0.description,s1_0.status,sa1_0.id,b1_0.id,b1_0.address,b1_0.close_time,b1_0.created_at,b1_0.email,b1_0.manager_id,b1_0.name,b1_0.open_time,b1_0.phone,b1_0.store_id,b1_0.updated_at,sa1_0.created_at,sa1_0.email,sa1_0.full_name,sa1_0.last_login,sa1_0.password,sa1_0.phone,sa1_0.role,s3_0.id,s3_0.brand,s3_0.address,s3_0.email,s3_0.phone,s3_0.created_at,s3_0.description,s3_0.status,s3_0.store_admin_id,s3_0.store_type,s3_0.updated_at,sa1_0.updated_at,sa1_0.verified,s1_0.store_type,s1_0.updated_at from stores s1_0 left join users sa1_0 on sa1_0.id=s1_0.store_admin_id left join branches b1_0 on b1_0.id=sa1_0.branch_id left join stores s3_0 on s3_0.id=sa1_0.store_id where s1_0.id=?
Hibernate: select s1_0.id,s1_0.brand,s1_0.address,s1_0.email,s1_0.phone,s1_0.created_at,s1_0.description,s1_0.status,sa1_0.id,b1_0.id,b1_0.address,b1_0.close_time,b1_0.created_at,b1_0.email,b1_0.manager_id,b1_0.name,b1_0.open_time,b1_0.phone,b1_0.store_id,b1_0.updated_at,sa1_0.created_at,sa1_0.email,sa1_0.full_name,sa1_0.last_login,sa1_0.password,sa1_0.phone,sa1_0.role,s3_0.id,s3_0.brand,s3_0.address,s3_0.email,s3_0.phone,s3_0.created_at,s3_0.description,s3_0.status,s3_0.store_admin_id,s3_0.store_type,s3_0.updated_at,sa1_0.updated_at,sa1_0.verified,s1_0.store_type,s1_0.updated_at from stores s1_0 left join users sa1_0 on sa1_0.id=s1_0.store_admin_id left join branches b1_0 on b1_0.id=sa1_0.branch_id left join stores s3_0 on s3_0.id=sa1_0.store_id where s1_0.id=?
2026-05-10T12:43:19.322+07:00 DEBUG 99967 --- [pos-system] [nio-8080-exec-4] org.hibernate.SQL                        : select s1_0.id,s1_0.brand,s1_0.address,s1_0.email,s1_0.phone,s1_0.created_at,s1_0.description,s1_0.status,sa1_0.id,b1_0.id,b1_0.address,b1_0.close_time,b1_0.created_at,b1_0.email,b1_0.manager_id,b1_0.name,b1_0.open_time,b1_0.phone,b1_0.store_id,b1_0.updated_at,sa1_0.created_at,sa1_0.email,sa1_0.full_name,sa1_0.last_login,sa1_0.password,sa1_0.phone,sa1_0.role,s3_0.id,s3_0.brand,s3_0.address,s3_0.email,s3_0.phone,s3_0.created_at,s3_0.description,s3_0.status,s3_0.store_admin_id,s3_0.store_type,s3_0.updated_at,sa1_0.updated_at,sa1_0.verified,s1_0.store_type,s1_0.updated_at from stores s1_0 left join users sa1_0 on sa1_0.id=s1_0.store_admin_id left join branches b1_0 on b1_0.id=sa1_0.branch_id left join stores s3_0 on s3_0.id=sa1_0.store_id where s1_0.id=?
Hibernate: select s1_0.id,s1_0.brand,s1_0.address,s1_0.email,s1_0.phone,s1_0.created_at,s1_0.description,s1_0.status,sa1_0.id,b1_0.id,b1_0.address,b1_0.close_time,b1_0.created_at,b1_0.email,b1_0.manager_id,b1_0.name,b1_0.open_time,b1_0.phone,b1_0.store_id,b1_0.updated_at,sa1_0.created_at,sa1_0.email,sa1_0.full_name,sa1_0.last_login,sa1_0.password,sa1_0.phone,sa1_0.role,s3_0.id,s3_0.brand,s3_0.address,s3_0.email,s3_0.phone,s3_0.created_at,s3_0.description,s3_0.status,s3_0.store_admin_id,s3_0.store_type,s3_0.updated_at,sa1_0.updated_at,sa1_0.verified,s1_0.store_type,s1_0.updated_at from stores s1_0 left join users sa1_0 on sa1_0.id=s1_0.store_admin_id left join branches b1_0 on b1_0.id=sa1_0.branch_id left join stores s3_0 on s3_0.id=sa1_0.store_id where s1_0.id=?
2026-05-10T12:43:19.326+07:00 DEBUG 99967 --- [pos-system] [nio-8080-exec-8] org.hibernate.SQL                        : select s1_0.id,s1_0.brand,s1_0.address,s1_0.email,s1_0.phone,s1_0.created_at,s1_0.description,s1_0.status,s1_0.store_admin_id,s1_0.store_type,s1_0.updated_at from stores s1_0 left join users sa1_0 on sa1_0.id=s1_0.store_admin_id where sa1_0.id=?
Hibernate: select s1_0.id,s1_0.brand,s1_0.address,s1_0.email,s1_0.phone,s1_0.created_at,s1_0.description,s1_0.status,s1_0.store_admin_id,s1_0.store_type,s1_0.updated_at from stores s1_0 left join users sa1_0 on sa1_0.id=s1_0.store_admin_id where sa1_0.id=?
2026-05-10T12:43:19.326+07:00 DEBUG 99967 --- [pos-system] [io-8080-exec-10] org.hibernate.SQL                        : select s1_0.id,s1_0.brand,s1_0.address,s1_0.email,s1_0.phone,s1_0.created_at,s1_0.description,s1_0.status,s1_0.store_admin_id,s1_0.store_type,s1_0.updated_at from stores s1_0 left join users sa1_0 on sa1_0.id=s1_0.store_admin_id where sa1_0.id=?
Hibernate: select s1_0.id,s1_0.brand,s1_0.address,s1_0.email,s1_0.phone,s1_0.created_at,s1_0.description,s1_0.status,s1_0.store_admin_id,s1_0.store_type,s1_0.updated_at from stores s1_0 left join users sa1_0 on sa1_0.id=s1_0.store_admin_id where sa1_0.id=?
2026-05-10T12:43:19.333+07:00 DEBUG 99967 --- [pos-system] [io-8080-exec-12] org.hibernate.SQL                        : select s1_0.id,s1_0.brand,s1_0.address,s1_0.email,s1_0.phone,s1_0.created_at,s1_0.description,s1_0.status,sa1_0.id,b1_0.id,b1_0.address,b1_0.close_time,b1_0.created_at,b1_0.email,b1_0.manager_id,b1_0.name,b1_0.open_time,b1_0.phone,b1_0.store_id,b1_0.updated_at,sa1_0.created_at,sa1_0.email,sa1_0.full_name,sa1_0.last_login,sa1_0.password,sa1_0.phone,sa1_0.role,s3_0.id,s3_0.brand,s3_0.address,s3_0.email,s3_0.phone,s3_0.created_at,s3_0.description,s3_0.status,s3_0.store_admin_id,s3_0.store_type,s3_0.updated_at,sa1_0.updated_at,sa1_0.verified,s1_0.store_type,s1_0.updated_at from stores s1_0 left join users sa1_0 on sa1_0.id=s1_0.store_admin_id left join branches b1_0 on b1_0.id=sa1_0.branch_id left join stores s3_0 on s3_0.id=sa1_0.store_id where s1_0.id=?
Hibernate: select s1_0.id,s1_0.brand,s1_0.address,s1_0.email,s1_0.phone,s1_0.created_at,s1_0.description,s1_0.status,sa1_0.id,b1_0.id,b1_0.address,b1_0.close_time,b1_0.created_at,b1_0.email,b1_0.manager_id,b1_0.name,b1_0.open_time,b1_0.phone,b1_0.store_id,b1_0.updated_at,sa1_0.created_at,sa1_0.email,sa1_0.full_name,sa1_0.last_login,sa1_0.password,sa1_0.phone,sa1_0.role,s3_0.id,s3_0.brand,s3_0.address,s3_0.email,s3_0.phone,s3_0.created_at,s3_0.description,s3_0.status,s3_0.store_admin_id,s3_0.store_type,s3_0.updated_at,sa1_0.updated_at,sa1_0.verified,s1_0.store_type,s1_0.updated_at from stores s1_0 left join users sa1_0 on sa1_0.id=s1_0.store_admin_id left join branches b1_0 on b1_0.id=sa1_0.branch_id left join stores s3_0 on s3_0.id=sa1_0.store_id where s1_0.id=?
2026-05-10T12:43:19.336+07:00 DEBUG 99967 --- [pos-system] [io-8080-exec-13] org.hibernate.SQL                        : select u1_0.id,u1_0.branch_id,u1_0.created_at,u1_0.email,u1_0.full_name,u1_0.last_login,u1_0.password,u1_0.phone,u1_0.role,u1_0.store_id,u1_0.updated_at,u1_0.verified from users u1_0 where u1_0.email=?
Hibernate: select u1_0.id,u1_0.branch_id,u1_0.created_at,u1_0.email,u1_0.full_name,u1_0.last_login,u1_0.password,u1_0.phone,u1_0.role,u1_0.store_id,u1_0.updated_at,u1_0.verified from users u1_0 where u1_0.email=?
2026-05-10T12:43:19.336+07:00 DEBUG 99967 --- [pos-system] [nio-8080-exec-7] org.hibernate.SQL                        : select b1_0.id,b1_0.address,b1_0.close_time,b1_0.created_at,b1_0.email,m1_0.id,b2_0.id,b2_0.address,b2_0.close_time,b2_0.created_at,b2_0.email,b2_0.manager_id,b2_0.name,b2_0.open_time,b2_0.phone,b2_0.store_id,b2_0.updated_at,m1_0.created_at,m1_0.email,m1_0.full_name,m1_0.last_login,m1_0.password,m1_0.phone,m1_0.role,s2_0.id,s2_0.brand,s2_0.address,s2_0.email,s2_0.phone,s2_0.created_at,s2_0.description,s2_0.status,s2_0.store_admin_id,s2_0.store_type,s2_0.updated_at,m1_0.updated_at,m1_0.verified,b1_0.name,b1_0.open_time,b1_0.phone,s3_0.id,s3_0.brand,s3_0.address,s3_0.email,s3_0.phone,s3_0.created_at,s3_0.description,s3_0.status,sa2_0.id,sa2_0.branch_id,sa2_0.created_at,sa2_0.email,sa2_0.full_name,sa2_0.last_login,sa2_0.password,sa2_0.phone,sa2_0.role,sa2_0.store_id,sa2_0.updated_at,sa2_0.verified,s3_0.store_type,s3_0.updated_at,b1_0.updated_at from branches b1_0 left join users m1_0 on m1_0.id=b1_0.manager_id left join branches b2_0 on b2_0.id=m1_0.branch_id left join stores s2_0 on s2_0.id=m1_0.store_id left join stores s3_0 on s3_0.id=b1_0.store_id left join users sa2_0 on sa2_0.id=s3_0.store_admin_id where b1_0.id=?
Hibernate: select b1_0.id,b1_0.address,b1_0.close_time,b1_0.created_at,b1_0.email,m1_0.id,b2_0.id,b2_0.address,b2_0.close_time,b2_0.created_at,b2_0.email,b2_0.manager_id,b2_0.name,b2_0.open_time,b2_0.phone,b2_0.store_id,b2_0.updated_at,m1_0.created_at,m1_0.email,m1_0.full_name,m1_0.last_login,m1_0.password,m1_0.phone,m1_0.role,s2_0.id,s2_0.brand,s2_0.address,s2_0.email,s2_0.phone,s2_0.created_at,s2_0.description,s2_0.status,s2_0.store_admin_id,s2_0.store_type,s2_0.updated_at,m1_0.updated_at,m1_0.verified,b1_0.name,b1_0.open_time,b1_0.phone,s3_0.id,s3_0.brand,s3_0.address,s3_0.email,s3_0.phone,s3_0.created_at,s3_0.description,s3_0.status,sa2_0.id,sa2_0.branch_id,sa2_0.created_at,sa2_0.email,sa2_0.full_name,sa2_0.last_login,sa2_0.password,sa2_0.phone,sa2_0.role,sa2_0.store_id,sa2_0.updated_at,sa2_0.verified,s3_0.store_type,s3_0.updated_at,b1_0.updated_at from branches b1_0 left join users m1_0 on m1_0.id=b1_0.manager_id left join branches b2_0 on b2_0.id=m1_0.branch_id left join stores s2_0 on s2_0.id=m1_0.store_id left join stores s3_0 on s3_0.id=b1_0.store_id left join users sa2_0 on sa2_0.id=s3_0.store_admin_id where b1_0.id=?
2026-05-10T12:43:19.336+07:00 DEBUG 99967 --- [pos-system] [io-8080-exec-11] org.hibernate.SQL                        : select u1_0.id,u1_0.branch_id,u1_0.created_at,u1_0.email,u1_0.full_name,u1_0.last_login,u1_0.password,u1_0.phone,u1_0.role,u1_0.store_id,u1_0.updated_at,u1_0.verified from users u1_0 where u1_0.email=?
Hibernate: select u1_0.id,u1_0.branch_id,u1_0.created_at,u1_0.email,u1_0.full_name,u1_0.last_login,u1_0.password,u1_0.phone,u1_0.role,u1_0.store_id,u1_0.updated_at,u1_0.verified from users u1_0 where u1_0.email=?
2026-05-10T12:43:19.337+07:00 DEBUG 99967 --- [pos-system] [nio-8080-exec-5] org.hibernate.SQL                        : select count(b1_0.id) from branches b1_0 join stores s1_0 on s1_0.id=b1_0.store_id where s1_0.store_admin_id=?
Hibernate: select count(b1_0.id) from branches b1_0 join stores s1_0 on s1_0.id=b1_0.store_id where s1_0.store_admin_id=?
2026-05-10T12:43:19.337+07:00 DEBUG 99967 --- [pos-system] [nio-8080-exec-6] org.hibernate.SQL                        : select u1_0.id,u1_0.branch_id,u1_0.created_at,u1_0.email,u1_0.full_name,u1_0.last_login,u1_0.password,u1_0.phone,u1_0.role,u1_0.store_id,u1_0.updated_at,u1_0.verified from users u1_0 where u1_0.email=?
Hibernate: select u1_0.id,u1_0.branch_id,u1_0.created_at,u1_0.email,u1_0.full_name,u1_0.last_login,u1_0.password,u1_0.phone,u1_0.role,u1_0.store_id,u1_0.updated_at,u1_0.verified from users u1_0 where u1_0.email=?
2026-05-10T12:43:19.338+07:00 DEBUG 99967 --- [pos-system] [io-8080-exec-13] org.hibernate.SQL                        : select s1_0.id,s1_0.brand,s1_0.address,s1_0.email,s1_0.phone,s1_0.created_at,s1_0.description,s1_0.status,sa1_0.id,b1_0.id,b1_0.address,b1_0.close_time,b1_0.created_at,b1_0.email,b1_0.manager_id,b1_0.name,b1_0.open_time,b1_0.phone,b1_0.store_id,b1_0.updated_at,sa1_0.created_at,sa1_0.email,sa1_0.full_name,sa1_0.last_login,sa1_0.password,sa1_0.phone,sa1_0.role,s3_0.id,s3_0.brand,s3_0.address,s3_0.email,s3_0.phone,s3_0.created_at,s3_0.description,s3_0.status,s3_0.store_admin_id,s3_0.store_type,s3_0.updated_at,sa1_0.updated_at,sa1_0.verified,s1_0.store_type,s1_0.updated_at from stores s1_0 left join users sa1_0 on sa1_0.id=s1_0.store_admin_id left join branches b1_0 on b1_0.id=sa1_0.branch_id left join stores s3_0 on s3_0.id=sa1_0.store_id where s1_0.id=?
Hibernate: select s1_0.id,s1_0.brand,s1_0.address,s1_0.email,s1_0.phone,s1_0.created_at,s1_0.description,s1_0.status,sa1_0.id,b1_0.id,b1_0.address,b1_0.close_time,b1_0.created_at,b1_0.email,b1_0.manager_id,b1_0.name,b1_0.open_time,b1_0.phone,b1_0.store_id,b1_0.updated_at,sa1_0.created_at,sa1_0.email,sa1_0.full_name,sa1_0.last_login,sa1_0.password,sa1_0.phone,sa1_0.role,s3_0.id,s3_0.brand,s3_0.address,s3_0.email,s3_0.phone,s3_0.created_at,s3_0.description,s3_0.status,s3_0.store_admin_id,s3_0.store_type,s3_0.updated_at,sa1_0.updated_at,sa1_0.verified,s1_0.store_type,s1_0.updated_at from stores s1_0 left join users sa1_0 on sa1_0.id=s1_0.store_admin_id left join branches b1_0 on b1_0.id=sa1_0.branch_id left join stores s3_0 on s3_0.id=sa1_0.store_id where s1_0.id=?
2026-05-10T12:43:19.338+07:00 DEBUG 99967 --- [pos-system] [io-8080-exec-11] org.hibernate.SQL                        : select s1_0.id,s1_0.brand,s1_0.address,s1_0.email,s1_0.phone,s1_0.created_at,s1_0.description,s1_0.status,sa1_0.id,b1_0.id,b1_0.address,b1_0.close_time,b1_0.created_at,b1_0.email,b1_0.manager_id,b1_0.name,b1_0.open_time,b1_0.phone,b1_0.store_id,b1_0.updated_at,sa1_0.created_at,sa1_0.email,sa1_0.full_name,sa1_0.last_login,sa1_0.password,sa1_0.phone,sa1_0.role,s3_0.id,s3_0.brand,s3_0.address,s3_0.email,s3_0.phone,s3_0.created_at,s3_0.description,s3_0.status,s3_0.store_admin_id,s3_0.store_type,s3_0.updated_at,sa1_0.updated_at,sa1_0.verified,s1_0.store_type,s1_0.updated_at from stores s1_0 left join users sa1_0 on sa1_0.id=s1_0.store_admin_id left join branches b1_0 on b1_0.id=sa1_0.branch_id left join stores s3_0 on s3_0.id=sa1_0.store_id where s1_0.id=?
Hibernate: select s1_0.id,s1_0.brand,s1_0.address,s1_0.email,s1_0.phone,s1_0.created_at,s1_0.description,s1_0.status,sa1_0.id,b1_0.id,b1_0.address,b1_0.close_time,b1_0.created_at,b1_0.email,b1_0.manager_id,b1_0.name,b1_0.open_time,b1_0.phone,b1_0.store_id,b1_0.updated_at,sa1_0.created_at,sa1_0.email,sa1_0.full_name,sa1_0.last_login,sa1_0.password,sa1_0.phone,sa1_0.role,s3_0.id,s3_0.brand,s3_0.address,s3_0.email,s3_0.phone,s3_0.created_at,s3_0.description,s3_0.status,s3_0.store_admin_id,s3_0.store_type,s3_0.updated_at,sa1_0.updated_at,sa1_0.verified,s1_0.store_type,s1_0.updated_at from stores s1_0 left join users sa1_0 on sa1_0.id=s1_0.store_admin_id left join branches b1_0 on b1_0.id=sa1_0.branch_id left join stores s3_0 on s3_0.id=sa1_0.store_id where s1_0.id=?
2026-05-10T12:43:19.340+07:00 DEBUG 99967 --- [pos-system] [nio-8080-exec-6] org.hibernate.SQL                        : select s1_0.id,s1_0.brand,s1_0.address,s1_0.email,s1_0.phone,s1_0.created_at,s1_0.description,s1_0.status,sa1_0.id,b1_0.id,b1_0.address,b1_0.close_time,b1_0.created_at,b1_0.email,b1_0.manager_id,b1_0.name,b1_0.open_time,b1_0.phone,b1_0.store_id,b1_0.updated_at,sa1_0.created_at,sa1_0.email,sa1_0.full_name,sa1_0.last_login,sa1_0.password,sa1_0.phone,sa1_0.role,s3_0.id,s3_0.brand,s3_0.address,s3_0.email,s3_0.phone,s3_0.created_at,s3_0.description,s3_0.status,s3_0.store_admin_id,s3_0.store_type,s3_0.updated_at,sa1_0.updated_at,sa1_0.verified,s1_0.store_type,s1_0.updated_at from stores s1_0 left join users sa1_0 on sa1_0.id=s1_0.store_admin_id left join branches b1_0 on b1_0.id=sa1_0.branch_id left join stores s3_0 on s3_0.id=sa1_0.store_id where s1_0.id=?
Hibernate: select s1_0.id,s1_0.brand,s1_0.address,s1_0.email,s1_0.phone,s1_0.created_at,s1_0.description,s1_0.status,sa1_0.id,b1_0.id,b1_0.address,b1_0.close_time,b1_0.created_at,b1_0.email,b1_0.manager_id,b1_0.name,b1_0.open_time,b1_0.phone,b1_0.store_id,b1_0.updated_at,sa1_0.created_at,sa1_0.email,sa1_0.full_name,sa1_0.last_login,sa1_0.password,sa1_0.phone,sa1_0.role,s3_0.id,s3_0.brand,s3_0.address,s3_0.email,s3_0.phone,s3_0.created_at,s3_0.description,s3_0.status,s3_0.store_admin_id,s3_0.store_type,s3_0.updated_at,sa1_0.updated_at,sa1_0.verified,s1_0.store_type,s1_0.updated_at from stores s1_0 left join users sa1_0 on sa1_0.id=s1_0.store_admin_id left join branches b1_0 on b1_0.id=sa1_0.branch_id left join stores s3_0 on s3_0.id=sa1_0.store_id where s1_0.id=?
2026-05-10T12:43:19.343+07:00 DEBUG 99967 --- [pos-system] [nio-8080-exec-6] org.hibernate.SQL                        : select s1_0.id,s1_0.brand,s1_0.address,s1_0.email,s1_0.phone,s1_0.created_at,s1_0.description,s1_0.status,s1_0.store_admin_id,s1_0.store_type,s1_0.updated_at from stores s1_0 left join users sa1_0 on sa1_0.id=s1_0.store_admin_id where sa1_0.id=?
Hibernate: select s1_0.id,s1_0.brand,s1_0.address,s1_0.email,s1_0.phone,s1_0.created_at,s1_0.description,s1_0.status,s1_0.store_admin_id,s1_0.store_type,s1_0.updated_at from stores s1_0 left join users sa1_0 on sa1_0.id=s1_0.store_admin_id where sa1_0.id=?
2026-05-10T12:43:19.343+07:00 DEBUG 99967 --- [pos-system] [io-8080-exec-11] org.hibernate.SQL                        : select s1_0.id,s1_0.brand,s1_0.address,s1_0.email,s1_0.phone,s1_0.created_at,s1_0.description,s1_0.status,s1_0.store_admin_id,s1_0.store_type,s1_0.updated_at from stores s1_0 left join users sa1_0 on sa1_0.id=s1_0.store_admin_id where sa1_0.id=?
Hibernate: select s1_0.id,s1_0.brand,s1_0.address,s1_0.email,s1_0.phone,s1_0.created_at,s1_0.description,s1_0.status,s1_0.store_admin_id,s1_0.store_type,s1_0.updated_at from stores s1_0 left join users sa1_0 on sa1_0.id=s1_0.store_admin_id where sa1_0.id=?
2026-05-10T12:43:19.346+07:00 DEBUG 99967 --- [pos-system] [nio-8080-exec-7] org.hibernate.SQL                        : select wd1_0.branch_id,wd1_0.working_days from branch_working_days wd1_0 where wd1_0.branch_id=?
Hibernate: select wd1_0.branch_id,wd1_0.working_days from branch_working_days wd1_0 where wd1_0.branch_id=?
2026-05-10T12:43:19.345+07:00 DEBUG 99967 --- [pos-system] [io-8080-exec-14] org.hibernate.SQL                        : select u1_0.id,u1_0.branch_id,u1_0.created_at,u1_0.email,u1_0.full_name,u1_0.last_login,u1_0.password,u1_0.phone,u1_0.role,u1_0.store_id,u1_0.updated_at,u1_0.verified from users u1_0 where u1_0.email=?
Hibernate: select u1_0.id,u1_0.branch_id,u1_0.created_at,u1_0.email,u1_0.full_name,u1_0.last_login,u1_0.password,u1_0.phone,u1_0.role,u1_0.store_id,u1_0.updated_at,u1_0.verified from users u1_0 where u1_0.email=?
2026-05-10T12:43:19.346+07:00 DEBUG 99967 --- [pos-system] [nio-8080-exec-5] org.hibernate.SQL                        : select sum(o1_0.total_amount) from orders o1_0 join branches b1_0 on b1_0.id=o1_0.branch_id join stores s1_0 on s1_0.id=b1_0.store_id where s1_0.store_admin_id=?
Hibernate: select sum(o1_0.total_amount) from orders o1_0 join branches b1_0 on b1_0.id=o1_0.branch_id join stores s1_0 on s1_0.id=b1_0.store_id where s1_0.store_admin_id=?
2026-05-10T12:43:19.348+07:00 DEBUG 99967 --- [pos-system] [io-8080-exec-14] org.hibernate.SQL                        : select s1_0.id,s1_0.brand,s1_0.address,s1_0.email,s1_0.phone,s1_0.created_at,s1_0.description,s1_0.status,sa1_0.id,b1_0.id,b1_0.address,b1_0.close_time,b1_0.created_at,b1_0.email,b1_0.manager_id,b1_0.name,b1_0.open_time,b1_0.phone,b1_0.store_id,b1_0.updated_at,sa1_0.created_at,sa1_0.email,sa1_0.full_name,sa1_0.last_login,sa1_0.password,sa1_0.phone,sa1_0.role,s3_0.id,s3_0.brand,s3_0.address,s3_0.email,s3_0.phone,s3_0.created_at,s3_0.description,s3_0.status,s3_0.store_admin_id,s3_0.store_type,s3_0.updated_at,sa1_0.updated_at,sa1_0.verified,s1_0.store_type,s1_0.updated_at from stores s1_0 left join users sa1_0 on sa1_0.id=s1_0.store_admin_id left join branches b1_0 on b1_0.id=sa1_0.branch_id left join stores s3_0 on s3_0.id=sa1_0.store_id where s1_0.id=?
Hibernate: select s1_0.id,s1_0.brand,s1_0.address,s1_0.email,s1_0.phone,s1_0.created_at,s1_0.description,s1_0.status,sa1_0.id,b1_0.id,b1_0.address,b1_0.close_time,b1_0.created_at,b1_0.email,b1_0.manager_id,b1_0.name,b1_0.open_time,b1_0.phone,b1_0.store_id,b1_0.updated_at,sa1_0.created_at,sa1_0.email,sa1_0.full_name,sa1_0.last_login,sa1_0.password,sa1_0.phone,sa1_0.role,s3_0.id,s3_0.brand,s3_0.address,s3_0.email,s3_0.phone,s3_0.created_at,s3_0.description,s3_0.status,s3_0.store_admin_id,s3_0.store_type,s3_0.updated_at,sa1_0.updated_at,sa1_0.verified,s1_0.store_type,s1_0.updated_at from stores s1_0 left join users sa1_0 on sa1_0.id=s1_0.store_admin_id left join branches b1_0 on b1_0.id=sa1_0.branch_id left join stores s3_0 on s3_0.id=sa1_0.store_id where s1_0.id=?
2026-05-10T12:43:19.350+07:00 DEBUG 99967 --- [pos-system] [nio-8080-exec-9] org.hibernate.SQL                        : select u1_0.id,u1_0.branch_id,u1_0.created_at,u1_0.email,u1_0.full_name,u1_0.last_login,u1_0.password,u1_0.phone,u1_0.role,u1_0.store_id,u1_0.updated_at,u1_0.verified from users u1_0 where u1_0.email=?
Hibernate: select u1_0.id,u1_0.branch_id,u1_0.created_at,u1_0.email,u1_0.full_name,u1_0.last_login,u1_0.password,u1_0.phone,u1_0.role,u1_0.store_id,u1_0.updated_at,u1_0.verified from users u1_0 where u1_0.email=?
2026-05-10T12:43:19.352+07:00 DEBUG 99967 --- [pos-system] [nio-8080-exec-9] org.hibernate.SQL                        : select s1_0.id,s1_0.brand,s1_0.address,s1_0.email,s1_0.phone,s1_0.created_at,s1_0.description,s1_0.status,sa1_0.id,b1_0.id,b1_0.address,b1_0.close_time,b1_0.created_at,b1_0.email,b1_0.manager_id,b1_0.name,b1_0.open_time,b1_0.phone,b1_0.store_id,b1_0.updated_at,sa1_0.created_at,sa1_0.email,sa1_0.full_name,sa1_0.last_login,sa1_0.password,sa1_0.phone,sa1_0.role,s3_0.id,s3_0.brand,s3_0.address,s3_0.email,s3_0.phone,s3_0.created_at,s3_0.description,s3_0.status,s3_0.store_admin_id,s3_0.store_type,s3_0.updated_at,sa1_0.updated_at,sa1_0.verified,s1_0.store_type,s1_0.updated_at from stores s1_0 left join users sa1_0 on sa1_0.id=s1_0.store_admin_id left join branches b1_0 on b1_0.id=sa1_0.branch_id left join stores s3_0 on s3_0.id=sa1_0.store_id where s1_0.id=?
Hibernate: select s1_0.id,s1_0.brand,s1_0.address,s1_0.email,s1_0.phone,s1_0.created_at,s1_0.description,s1_0.status,sa1_0.id,b1_0.id,b1_0.address,b1_0.close_time,b1_0.created_at,b1_0.email,b1_0.manager_id,b1_0.name,b1_0.open_time,b1_0.phone,b1_0.store_id,b1_0.updated_at,sa1_0.created_at,sa1_0.email,sa1_0.full_name,sa1_0.last_login,sa1_0.password,sa1_0.phone,sa1_0.role,s3_0.id,s3_0.brand,s3_0.address,s3_0.email,s3_0.phone,s3_0.created_at,s3_0.description,s3_0.status,s3_0.store_admin_id,s3_0.store_type,s3_0.updated_at,sa1_0.updated_at,sa1_0.verified,s1_0.store_type,s1_0.updated_at from stores s1_0 left join users sa1_0 on sa1_0.id=s1_0.store_admin_id left join branches b1_0 on b1_0.id=sa1_0.branch_id left join stores s3_0 on s3_0.id=sa1_0.store_id where s1_0.id=?
2026-05-10T12:43:19.353+07:00 DEBUG 99967 --- [pos-system] [nio-8080-exec-5] org.hibernate.SQL                        : select count(o1_0.id) from orders o1_0 join branches b1_0 on b1_0.id=o1_0.branch_id join stores s1_0 on s1_0.id=b1_0.store_id where s1_0.store_admin_id=?
Hibernate: select count(o1_0.id) from orders o1_0 join branches b1_0 on b1_0.id=o1_0.branch_id join stores s1_0 on s1_0.id=b1_0.store_id where s1_0.store_admin_id=?
2026-05-10T12:43:19.355+07:00 DEBUG 99967 --- [pos-system] [nio-8080-exec-2] org.hibernate.SQL                        : select b1_0.id,b1_0.address,b1_0.close_time,b1_0.created_at,b1_0.email,m1_0.id,b2_0.id,b2_0.address,b2_0.close_time,b2_0.created_at,b2_0.email,b2_0.manager_id,b2_0.name,b2_0.open_time,b2_0.phone,b2_0.store_id,b2_0.updated_at,m1_0.created_at,m1_0.email,m1_0.full_name,m1_0.last_login,m1_0.password,m1_0.phone,m1_0.role,s2_0.id,s2_0.brand,s2_0.address,s2_0.email,s2_0.phone,s2_0.created_at,s2_0.description,s2_0.status,s2_0.store_admin_id,s2_0.store_type,s2_0.updated_at,m1_0.updated_at,m1_0.verified,b1_0.name,b1_0.open_time,b1_0.phone,s3_0.id,s3_0.brand,s3_0.address,s3_0.email,s3_0.phone,s3_0.created_at,s3_0.description,s3_0.status,sa2_0.id,sa2_0.branch_id,sa2_0.created_at,sa2_0.email,sa2_0.full_name,sa2_0.last_login,sa2_0.password,sa2_0.phone,sa2_0.role,sa2_0.store_id,sa2_0.updated_at,sa2_0.verified,s3_0.store_type,s3_0.updated_at,b1_0.updated_at from branches b1_0 left join users m1_0 on m1_0.id=b1_0.manager_id left join branches b2_0 on b2_0.id=m1_0.branch_id left join stores s2_0 on s2_0.id=m1_0.store_id left join stores s3_0 on s3_0.id=b1_0.store_id left join users sa2_0 on sa2_0.id=s3_0.store_admin_id where b1_0.id=?
Hibernate: select b1_0.id,b1_0.address,b1_0.close_time,b1_0.created_at,b1_0.email,m1_0.id,b2_0.id,b2_0.address,b2_0.close_time,b2_0.created_at,b2_0.email,b2_0.manager_id,b2_0.name,b2_0.open_time,b2_0.phone,b2_0.store_id,b2_0.updated_at,m1_0.created_at,m1_0.email,m1_0.full_name,m1_0.last_login,m1_0.password,m1_0.phone,m1_0.role,s2_0.id,s2_0.brand,s2_0.address,s2_0.email,s2_0.phone,s2_0.created_at,s2_0.description,s2_0.status,s2_0.store_admin_id,s2_0.store_type,s2_0.updated_at,m1_0.updated_at,m1_0.verified,b1_0.name,b1_0.open_time,b1_0.phone,s3_0.id,s3_0.brand,s3_0.address,s3_0.email,s3_0.phone,s3_0.created_at,s3_0.description,s3_0.status,sa2_0.id,sa2_0.branch_id,sa2_0.created_at,sa2_0.email,sa2_0.full_name,sa2_0.last_login,sa2_0.password,sa2_0.phone,sa2_0.role,sa2_0.store_id,sa2_0.updated_at,sa2_0.verified,s3_0.store_type,s3_0.updated_at,b1_0.updated_at from branches b1_0 left join users m1_0 on m1_0.id=b1_0.manager_id left join branches b2_0 on b2_0.id=m1_0.branch_id left join stores s2_0 on s2_0.id=m1_0.store_id left join stores s3_0 on s3_0.id=b1_0.store_id left join users sa2_0 on sa2_0.id=s3_0.store_admin_id where b1_0.id=?
2026-05-10T12:43:19.356+07:00 DEBUG 99967 --- [pos-system] [nio-8080-exec-1] org.hibernate.SQL                        : select u1_0.id,u1_0.branch_id,u1_0.created_at,u1_0.email,u1_0.full_name,u1_0.last_login,u1_0.password,u1_0.phone,u1_0.role,u1_0.store_id,u1_0.updated_at,u1_0.verified from users u1_0 where u1_0.email=?
Hibernate: select u1_0.id,u1_0.branch_id,u1_0.created_at,u1_0.email,u1_0.full_name,u1_0.last_login,u1_0.password,u1_0.phone,u1_0.role,u1_0.store_id,u1_0.updated_at,u1_0.verified from users u1_0 where u1_0.email=?
2026-05-10T12:43:19.356+07:00 DEBUG 99967 --- [pos-system] [nio-8080-exec-9] org.hibernate.SQL                        : select s1_0.id,s1_0.brand,s1_0.address,s1_0.email,s1_0.phone,s1_0.created_at,s1_0.description,s1_0.status,s1_0.store_admin_id,s1_0.store_type,s1_0.updated_at from stores s1_0 left join users sa1_0 on sa1_0.id=s1_0.store_admin_id where sa1_0.id=?
Hibernate: select s1_0.id,s1_0.brand,s1_0.address,s1_0.email,s1_0.phone,s1_0.created_at,s1_0.description,s1_0.status,s1_0.store_admin_id,s1_0.store_type,s1_0.updated_at from stores s1_0 left join users sa1_0 on sa1_0.id=s1_0.store_admin_id where sa1_0.id=?
2026-05-10T12:43:19.359+07:00 DEBUG 99967 --- [pos-system] [nio-8080-exec-1] org.hibernate.SQL                        : select s1_0.id,s1_0.brand,s1_0.address,s1_0.email,s1_0.phone,s1_0.created_at,s1_0.description,s1_0.status,sa1_0.id,b1_0.id,b1_0.address,b1_0.close_time,b1_0.created_at,b1_0.email,b1_0.manager_id,b1_0.name,b1_0.open_time,b1_0.phone,b1_0.store_id,b1_0.updated_at,sa1_0.created_at,sa1_0.email,sa1_0.full_name,sa1_0.last_login,sa1_0.password,sa1_0.phone,sa1_0.role,s3_0.id,s3_0.brand,s3_0.address,s3_0.email,s3_0.phone,s3_0.created_at,s3_0.description,s3_0.status,s3_0.store_admin_id,s3_0.store_type,s3_0.updated_at,sa1_0.updated_at,sa1_0.verified,s1_0.store_type,s1_0.updated_at from stores s1_0 left join users sa1_0 on sa1_0.id=s1_0.store_admin_id left join branches b1_0 on b1_0.id=sa1_0.branch_id left join stores s3_0 on s3_0.id=sa1_0.store_id where s1_0.id=?
Hibernate: select s1_0.id,s1_0.brand,s1_0.address,s1_0.email,s1_0.phone,s1_0.created_at,s1_0.description,s1_0.status,sa1_0.id,b1_0.id,b1_0.address,b1_0.close_time,b1_0.created_at,b1_0.email,b1_0.manager_id,b1_0.name,b1_0.open_time,b1_0.phone,b1_0.store_id,b1_0.updated_at,sa1_0.created_at,sa1_0.email,sa1_0.full_name,sa1_0.last_login,sa1_0.password,sa1_0.phone,sa1_0.role,s3_0.id,s3_0.brand,s3_0.address,s3_0.email,s3_0.phone,s3_0.created_at,s3_0.description,s3_0.status,s3_0.store_admin_id,s3_0.store_type,s3_0.updated_at,sa1_0.updated_at,sa1_0.verified,s1_0.store_type,s1_0.updated_at from stores s1_0 left join users sa1_0 on sa1_0.id=s1_0.store_admin_id left join branches b1_0 on b1_0.id=sa1_0.branch_id left join stores s3_0 on s3_0.id=sa1_0.store_id where s1_0.id=?
2026-05-10T12:43:19.360+07:00 DEBUG 99967 --- [pos-system] [nio-8080-exec-2] org.hibernate.SQL                        : select wd1_0.branch_id,wd1_0.working_days from branch_working_days wd1_0 where wd1_0.branch_id=?
Hibernate: select wd1_0.branch_id,wd1_0.working_days from branch_working_days wd1_0 where wd1_0.branch_id=?
2026-05-10T12:43:19.369+07:00 DEBUG 99967 --- [pos-system] [nio-8080-exec-3] org.hibernate.SQL                        : select o1_0.created_at,sum(o1_0.total_amount) from orders o1_0 join branches b1_0 on b1_0.id=o1_0.branch_id join stores s1_0 on s1_0.id=b1_0.store_id where s1_0.store_admin_id=? and o1_0.created_at between ? and ? group by o1_0.created_at order by o1_0.created_at
Hibernate: select o1_0.created_at,sum(o1_0.total_amount) from orders o1_0 join branches b1_0 on b1_0.id=o1_0.branch_id join stores s1_0 on s1_0.id=b1_0.store_id where s1_0.store_admin_id=? and o1_0.created_at between ? and ? group by o1_0.created_at order by o1_0.created_at
2026-05-10T12:43:19.372+07:00 DEBUG 99967 --- [pos-system] [io-8080-exec-12] org.hibernate.SQL                        : select u1_0.id,u1_0.branch_id,u1_0.created_at,u1_0.email,u1_0.full_name,u1_0.last_login,u1_0.password,u1_0.phone,u1_0.role,u1_0.store_id,u1_0.updated_at,u1_0.verified from users u1_0 where u1_0.store_id=? and u1_0.role in (?,?,?)
Hibernate: select u1_0.id,u1_0.branch_id,u1_0.created_at,u1_0.email,u1_0.full_name,u1_0.last_login,u1_0.password,u1_0.phone,u1_0.role,u1_0.store_id,u1_0.updated_at,u1_0.verified from users u1_0 where u1_0.store_id=? and u1_0.role in (?,?,?)
2026-05-10T12:43:19.373+07:00 DEBUG 99967 --- [pos-system] [nio-8080-exec-5] org.hibernate.SQL                        : select count(u1_0.id) from users u1_0 where u1_0.id in (select s1_0.store_admin_id from stores s1_0 where s1_0.store_admin_id=?) and u1_0.role in (?,?,?,?)
Hibernate: select count(u1_0.id) from users u1_0 where u1_0.id in (select s1_0.store_admin_id from stores s1_0 where s1_0.store_admin_id=?) and u1_0.role in (?,?,?,?)
2026-05-10T12:43:19.374+07:00 DEBUG 99967 --- [pos-system] [nio-8080-exec-9] org.hibernate.SQL                        : select b1_0.id,b1_0.address,b1_0.close_time,b1_0.created_at,b1_0.email,m1_0.id,b2_0.id,b2_0.address,b2_0.close_time,b2_0.created_at,b2_0.email,b2_0.manager_id,b2_0.name,b2_0.open_time,b2_0.phone,b2_0.store_id,b2_0.updated_at,m1_0.created_at,m1_0.email,m1_0.full_name,m1_0.last_login,m1_0.password,m1_0.phone,m1_0.role,s2_0.id,s2_0.brand,s2_0.address,s2_0.email,s2_0.phone,s2_0.created_at,s2_0.description,s2_0.status,s2_0.store_admin_id,s2_0.store_type,s2_0.updated_at,m1_0.updated_at,m1_0.verified,b1_0.name,b1_0.open_time,b1_0.phone,s3_0.id,s3_0.brand,s3_0.address,s3_0.email,s3_0.phone,s3_0.created_at,s3_0.description,s3_0.status,sa2_0.id,sa2_0.branch_id,sa2_0.created_at,sa2_0.email,sa2_0.full_name,sa2_0.last_login,sa2_0.password,sa2_0.phone,sa2_0.role,sa2_0.store_id,sa2_0.updated_at,sa2_0.verified,s3_0.store_type,s3_0.updated_at,b1_0.updated_at from branches b1_0 left join users m1_0 on m1_0.id=b1_0.manager_id left join branches b2_0 on b2_0.id=m1_0.branch_id left join stores s2_0 on s2_0.id=m1_0.store_id left join stores s3_0 on s3_0.id=b1_0.store_id left join users sa2_0 on sa2_0.id=s3_0.store_admin_id where b1_0.id=?
Hibernate: select b1_0.id,b1_0.address,b1_0.close_time,b1_0.created_at,b1_0.email,m1_0.id,b2_0.id,b2_0.address,b2_0.close_time,b2_0.created_at,b2_0.email,b2_0.manager_id,b2_0.name,b2_0.open_time,b2_0.phone,b2_0.store_id,b2_0.updated_at,m1_0.created_at,m1_0.email,m1_0.full_name,m1_0.last_login,m1_0.password,m1_0.phone,m1_0.role,s2_0.id,s2_0.brand,s2_0.address,s2_0.email,s2_0.phone,s2_0.created_at,s2_0.description,s2_0.status,s2_0.store_admin_id,s2_0.store_type,s2_0.updated_at,m1_0.updated_at,m1_0.verified,b1_0.name,b1_0.open_time,b1_0.phone,s3_0.id,s3_0.brand,s3_0.address,s3_0.email,s3_0.phone,s3_0.created_at,s3_0.description,s3_0.status,sa2_0.id,sa2_0.branch_id,sa2_0.created_at,sa2_0.email,sa2_0.full_name,sa2_0.last_login,sa2_0.password,sa2_0.phone,sa2_0.role,sa2_0.store_id,sa2_0.updated_at,sa2_0.verified,s3_0.store_type,s3_0.updated_at,b1_0.updated_at from branches b1_0 left join users m1_0 on m1_0.id=b1_0.manager_id left join branches b2_0 on b2_0.id=m1_0.branch_id left join stores s2_0 on s2_0.id=m1_0.store_id left join stores s3_0 on s3_0.id=b1_0.store_id left join users sa2_0 on sa2_0.id=s3_0.store_admin_id where b1_0.id=?
2026-05-10T12:43:19.374+07:00 DEBUG 99967 --- [pos-system] [nio-8080-exec-8] org.hibernate.SQL                        : select u1_0.id,u1_0.branch_id,u1_0.created_at,u1_0.email,u1_0.full_name,u1_0.last_login,u1_0.password,u1_0.phone,u1_0.role,u1_0.store_id,u1_0.updated_at,u1_0.verified from users u1_0 where u1_0.email=?
Hibernate: select u1_0.id,u1_0.branch_id,u1_0.created_at,u1_0.email,u1_0.full_name,u1_0.last_login,u1_0.password,u1_0.phone,u1_0.role,u1_0.store_id,u1_0.updated_at,u1_0.verified from users u1_0 where u1_0.email=?
2026-05-10T12:43:19.376+07:00 DEBUG 99967 --- [pos-system] [io-8080-exec-12] org.hibernate.SQL                        : select b1_0.id,b1_0.address,b1_0.close_time,b1_0.created_at,b1_0.email,m1_0.id,b2_0.id,b2_0.address,b2_0.close_time,b2_0.created_at,b2_0.email,b2_0.manager_id,b2_0.name,b2_0.open_time,b2_0.phone,b2_0.store_id,b2_0.updated_at,m1_0.created_at,m1_0.email,m1_0.full_name,m1_0.last_login,m1_0.password,m1_0.phone,m1_0.role,s2_0.id,s2_0.brand,s2_0.address,s2_0.email,s2_0.phone,s2_0.created_at,s2_0.description,s2_0.status,s2_0.store_admin_id,s2_0.store_type,s2_0.updated_at,m1_0.updated_at,m1_0.verified,b1_0.name,b1_0.open_time,b1_0.phone,s3_0.id,s3_0.brand,s3_0.address,s3_0.email,s3_0.phone,s3_0.created_at,s3_0.description,s3_0.status,sa2_0.id,sa2_0.branch_id,sa2_0.created_at,sa2_0.email,sa2_0.full_name,sa2_0.last_login,sa2_0.password,sa2_0.phone,sa2_0.role,sa2_0.store_id,sa2_0.updated_at,sa2_0.verified,s3_0.store_type,s3_0.updated_at,b1_0.updated_at from branches b1_0 left join users m1_0 on m1_0.id=b1_0.manager_id left join branches b2_0 on b2_0.id=m1_0.branch_id left join stores s2_0 on s2_0.id=m1_0.store_id left join stores s3_0 on s3_0.id=b1_0.store_id left join users sa2_0 on sa2_0.id=s3_0.store_admin_id where b1_0.id=?
Hibernate: select b1_0.id,b1_0.address,b1_0.close_time,b1_0.created_at,b1_0.email,m1_0.id,b2_0.id,b2_0.address,b2_0.close_time,b2_0.created_at,b2_0.email,b2_0.manager_id,b2_0.name,b2_0.open_time,b2_0.phone,b2_0.store_id,b2_0.updated_at,m1_0.created_at,m1_0.email,m1_0.full_name,m1_0.last_login,m1_0.password,m1_0.phone,m1_0.role,s2_0.id,s2_0.brand,s2_0.address,s2_0.email,s2_0.phone,s2_0.created_at,s2_0.description,s2_0.status,s2_0.store_admin_id,s2_0.store_type,s2_0.updated_at,m1_0.updated_at,m1_0.verified,b1_0.name,b1_0.open_time,b1_0.phone,s3_0.id,s3_0.brand,s3_0.address,s3_0.email,s3_0.phone,s3_0.created_at,s3_0.description,s3_0.status,sa2_0.id,sa2_0.branch_id,sa2_0.created_at,sa2_0.email,sa2_0.full_name,sa2_0.last_login,sa2_0.password,sa2_0.phone,sa2_0.role,sa2_0.store_id,sa2_0.updated_at,sa2_0.verified,s3_0.store_type,s3_0.updated_at,b1_0.updated_at from branches b1_0 left join users m1_0 on m1_0.id=b1_0.manager_id left join branches b2_0 on b2_0.id=m1_0.branch_id left join stores s2_0 on s2_0.id=m1_0.store_id left join stores s3_0 on s3_0.id=b1_0.store_id left join users sa2_0 on sa2_0.id=s3_0.store_admin_id where b1_0.id=?
2026-05-10T12:43:19.376+07:00 DEBUG 99967 --- [pos-system] [nio-8080-exec-4] org.hibernate.SQL                        : select u1_0.id,u1_0.branch_id,u1_0.created_at,u1_0.email,u1_0.full_name,u1_0.last_login,u1_0.password,u1_0.phone,u1_0.role,u1_0.store_id,u1_0.updated_at,u1_0.verified from users u1_0 where u1_0.email=?
Hibernate: select u1_0.id,u1_0.branch_id,u1_0.created_at,u1_0.email,u1_0.full_name,u1_0.last_login,u1_0.password,u1_0.phone,u1_0.role,u1_0.store_id,u1_0.updated_at,u1_0.verified from users u1_0 where u1_0.email=?
2026-05-10T12:43:19.378+07:00 DEBUG 99967 --- [pos-system] [nio-8080-exec-8] org.hibernate.SQL                        : select s1_0.id,s1_0.brand,s1_0.address,s1_0.email,s1_0.phone,s1_0.created_at,s1_0.description,s1_0.status,sa1_0.id,b1_0.id,b1_0.address,b1_0.close_time,b1_0.created_at,b1_0.email,b1_0.manager_id,b1_0.name,b1_0.open_time,b1_0.phone,b1_0.store_id,b1_0.updated_at,sa1_0.created_at,sa1_0.email,sa1_0.full_name,sa1_0.last_login,sa1_0.password,sa1_0.phone,sa1_0.role,s3_0.id,s3_0.brand,s3_0.address,s3_0.email,s3_0.phone,s3_0.created_at,s3_0.description,s3_0.status,s3_0.store_admin_id,s3_0.store_type,s3_0.updated_at,sa1_0.updated_at,sa1_0.verified,s1_0.store_type,s1_0.updated_at from stores s1_0 left join users sa1_0 on sa1_0.id=s1_0.store_admin_id left join branches b1_0 on b1_0.id=sa1_0.branch_id left join stores s3_0 on s3_0.id=sa1_0.store_id where s1_0.id=?
Hibernate: select s1_0.id,s1_0.brand,s1_0.address,s1_0.email,s1_0.phone,s1_0.created_at,s1_0.description,s1_0.status,sa1_0.id,b1_0.id,b1_0.address,b1_0.close_time,b1_0.created_at,b1_0.email,b1_0.manager_id,b1_0.name,b1_0.open_time,b1_0.phone,b1_0.store_id,b1_0.updated_at,sa1_0.created_at,sa1_0.email,sa1_0.full_name,sa1_0.last_login,sa1_0.password,sa1_0.phone,sa1_0.role,s3_0.id,s3_0.brand,s3_0.address,s3_0.email,s3_0.phone,s3_0.created_at,s3_0.description,s3_0.status,s3_0.store_admin_id,s3_0.store_type,s3_0.updated_at,sa1_0.updated_at,sa1_0.verified,s1_0.store_type,s1_0.updated_at from stores s1_0 left join users sa1_0 on sa1_0.id=s1_0.store_admin_id left join branches b1_0 on b1_0.id=sa1_0.branch_id left join stores s3_0 on s3_0.id=sa1_0.store_id where s1_0.id=?
2026-05-10T12:43:19.378+07:00 DEBUG 99967 --- [pos-system] [nio-8080-exec-9] org.hibernate.SQL                        : select wd1_0.branch_id,wd1_0.working_days from branch_working_days wd1_0 where wd1_0.branch_id=?
Hibernate: select wd1_0.branch_id,wd1_0.working_days from branch_working_days wd1_0 where wd1_0.branch_id=?
2026-05-10T12:43:19.379+07:00 DEBUG 99967 --- [pos-system] [nio-8080-exec-4] org.hibernate.SQL                        : select s1_0.id,s1_0.brand,s1_0.address,s1_0.email,s1_0.phone,s1_0.created_at,s1_0.description,s1_0.status,sa1_0.id,b1_0.id,b1_0.address,b1_0.close_time,b1_0.created_at,b1_0.email,b1_0.manager_id,b1_0.name,b1_0.open_time,b1_0.phone,b1_0.store_id,b1_0.updated_at,sa1_0.created_at,sa1_0.email,sa1_0.full_name,sa1_0.last_login,sa1_0.password,sa1_0.phone,sa1_0.role,s3_0.id,s3_0.brand,s3_0.address,s3_0.email,s3_0.phone,s3_0.created_at,s3_0.description,s3_0.status,s3_0.store_admin_id,s3_0.store_type,s3_0.updated_at,sa1_0.updated_at,sa1_0.verified,s1_0.store_type,s1_0.updated_at from stores s1_0 left join users sa1_0 on sa1_0.id=s1_0.store_admin_id left join branches b1_0 on b1_0.id=sa1_0.branch_id left join stores s3_0 on s3_0.id=sa1_0.store_id where s1_0.id=?
Hibernate: select s1_0.id,s1_0.brand,s1_0.address,s1_0.email,s1_0.phone,s1_0.created_at,s1_0.description,s1_0.status,sa1_0.id,b1_0.id,b1_0.address,b1_0.close_time,b1_0.created_at,b1_0.email,b1_0.manager_id,b1_0.name,b1_0.open_time,b1_0.phone,b1_0.store_id,b1_0.updated_at,sa1_0.created_at,sa1_0.email,sa1_0.full_name,sa1_0.last_login,sa1_0.password,sa1_0.phone,sa1_0.role,s3_0.id,s3_0.brand,s3_0.address,s3_0.email,s3_0.phone,s3_0.created_at,s3_0.description,s3_0.status,s3_0.store_admin_id,s3_0.store_type,s3_0.updated_at,sa1_0.updated_at,sa1_0.verified,s1_0.store_type,s1_0.updated_at from stores s1_0 left join users sa1_0 on sa1_0.id=s1_0.store_admin_id left join branches b1_0 on b1_0.id=sa1_0.branch_id left join stores s3_0 on s3_0.id=sa1_0.store_id where s1_0.id=?
2026-05-10T12:43:19.381+07:00 DEBUG 99967 --- [pos-system] [nio-8080-exec-8] org.hibernate.SQL                        : select s1_0.id,s1_0.brand,s1_0.address,s1_0.email,s1_0.phone,s1_0.created_at,s1_0.description,s1_0.status,s1_0.store_admin_id,s1_0.store_type,s1_0.updated_at from stores s1_0 left join users sa1_0 on sa1_0.id=s1_0.store_admin_id where sa1_0.id=?
Hibernate: select s1_0.id,s1_0.brand,s1_0.address,s1_0.email,s1_0.phone,s1_0.created_at,s1_0.description,s1_0.status,s1_0.store_admin_id,s1_0.store_type,s1_0.updated_at from stores s1_0 left join users sa1_0 on sa1_0.id=s1_0.store_admin_id where sa1_0.id=?
2026-05-10T12:43:19.383+07:00 DEBUG 99967 --- [pos-system] [nio-8080-exec-5] org.hibernate.SQL                        : select count(distinct o1_0.customer_id) from orders o1_0 join branches b1_0 on b1_0.id=o1_0.branch_id join stores s1_0 on s1_0.id=b1_0.store_id where s1_0.store_admin_id=?
Hibernate: select count(distinct o1_0.customer_id) from orders o1_0 join branches b1_0 on b1_0.id=o1_0.branch_id join stores s1_0 on s1_0.id=b1_0.store_id where s1_0.store_admin_id=?
2026-05-10T12:43:19.388+07:00 DEBUG 99967 --- [pos-system] [io-8080-exec-11] org.hibernate.SQL                        : select o1_0.id,o1_0.branch_id,o1_0.cashier_id,o1_0.created_at,o1_0.customer_id,o1_0.payment_type,o1_0.status,o1_0.total_amount from orders o1_0 left join branches b1_0 on b1_0.id=o1_0.branch_id where b1_0.id=?
Hibernate: select o1_0.id,o1_0.branch_id,o1_0.cashier_id,o1_0.created_at,o1_0.customer_id,o1_0.payment_type,o1_0.status,o1_0.total_amount from orders o1_0 left join branches b1_0 on b1_0.id=o1_0.branch_id where b1_0.id=?
2026-05-10T12:43:19.389+07:00 DEBUG 99967 --- [pos-system] [nio-8080-exec-6] org.hibernate.SQL                        : select u1_0.id,u1_0.branch_id,u1_0.created_at,u1_0.email,u1_0.full_name,u1_0.last_login,u1_0.password,u1_0.phone,u1_0.role,u1_0.store_id,u1_0.updated_at,u1_0.verified from users u1_0 where u1_0.email=?
Hibernate: select u1_0.id,u1_0.branch_id,u1_0.created_at,u1_0.email,u1_0.full_name,u1_0.last_login,u1_0.password,u1_0.phone,u1_0.role,u1_0.store_id,u1_0.updated_at,u1_0.verified from users u1_0 where u1_0.email=?
2026-05-10T12:43:19.390+07:00 DEBUG 99967 --- [pos-system] [io-8080-exec-11] org.hibernate.SQL                        : select b1_0.id,b1_0.address,b1_0.close_time,b1_0.created_at,b1_0.email,m1_0.id,b2_0.id,b2_0.address,b2_0.close_time,b2_0.created_at,b2_0.email,b2_0.manager_id,b2_0.name,b2_0.open_time,b2_0.phone,b2_0.store_id,b2_0.updated_at,m1_0.created_at,m1_0.email,m1_0.full_name,m1_0.last_login,m1_0.password,m1_0.phone,m1_0.role,s2_0.id,s2_0.brand,s2_0.address,s2_0.email,s2_0.phone,s2_0.created_at,s2_0.description,s2_0.status,s2_0.store_admin_id,s2_0.store_type,s2_0.updated_at,m1_0.updated_at,m1_0.verified,b1_0.name,b1_0.open_time,b1_0.phone,s3_0.id,s3_0.brand,s3_0.address,s3_0.email,s3_0.phone,s3_0.created_at,s3_0.description,s3_0.status,sa2_0.id,sa2_0.branch_id,sa2_0.created_at,sa2_0.email,sa2_0.full_name,sa2_0.last_login,sa2_0.password,sa2_0.phone,sa2_0.role,sa2_0.store_id,sa2_0.updated_at,sa2_0.verified,s3_0.store_type,s3_0.updated_at,b1_0.updated_at from branches b1_0 left join users m1_0 on m1_0.id=b1_0.manager_id left join branches b2_0 on b2_0.id=m1_0.branch_id left join stores s2_0 on s2_0.id=m1_0.store_id left join stores s3_0 on s3_0.id=b1_0.store_id left join users sa2_0 on sa2_0.id=s3_0.store_admin_id where b1_0.id=?
Hibernate: select b1_0.id,b1_0.address,b1_0.close_time,b1_0.created_at,b1_0.email,m1_0.id,b2_0.id,b2_0.address,b2_0.close_time,b2_0.created_at,b2_0.email,b2_0.manager_id,b2_0.name,b2_0.open_time,b2_0.phone,b2_0.store_id,b2_0.updated_at,m1_0.created_at,m1_0.email,m1_0.full_name,m1_0.last_login,m1_0.password,m1_0.phone,m1_0.role,s2_0.id,s2_0.brand,s2_0.address,s2_0.email,s2_0.phone,s2_0.created_at,s2_0.description,s2_0.status,s2_0.store_admin_id,s2_0.store_type,s2_0.updated_at,m1_0.updated_at,m1_0.verified,b1_0.name,b1_0.open_time,b1_0.phone,s3_0.id,s3_0.brand,s3_0.address,s3_0.email,s3_0.phone,s3_0.created_at,s3_0.description,s3_0.status,sa2_0.id,sa2_0.branch_id,sa2_0.created_at,sa2_0.email,sa2_0.full_name,sa2_0.last_login,sa2_0.password,sa2_0.phone,sa2_0.role,sa2_0.store_id,sa2_0.updated_at,sa2_0.verified,s3_0.store_type,s3_0.updated_at,b1_0.updated_at from branches b1_0 left join users m1_0 on m1_0.id=b1_0.manager_id left join branches b2_0 on b2_0.id=m1_0.branch_id left join stores s2_0 on s2_0.id=m1_0.store_id left join stores s3_0 on s3_0.id=b1_0.store_id left join users sa2_0 on sa2_0.id=s3_0.store_admin_id where b1_0.id=?
2026-05-10T12:43:19.391+07:00 DEBUG 99967 --- [pos-system] [nio-8080-exec-6] org.hibernate.SQL                        : select s1_0.id,s1_0.brand,s1_0.address,s1_0.email,s1_0.phone,s1_0.created_at,s1_0.description,s1_0.status,sa1_0.id,b1_0.id,b1_0.address,b1_0.close_time,b1_0.created_at,b1_0.email,b1_0.manager_id,b1_0.name,b1_0.open_time,b1_0.phone,b1_0.store_id,b1_0.updated_at,sa1_0.created_at,sa1_0.email,sa1_0.full_name,sa1_0.last_login,sa1_0.password,sa1_0.phone,sa1_0.role,s3_0.id,s3_0.brand,s3_0.address,s3_0.email,s3_0.phone,s3_0.created_at,s3_0.description,s3_0.status,s3_0.store_admin_id,s3_0.store_type,s3_0.updated_at,sa1_0.updated_at,sa1_0.verified,s1_0.store_type,s1_0.updated_at from stores s1_0 left join users sa1_0 on sa1_0.id=s1_0.store_admin_id left join branches b1_0 on b1_0.id=sa1_0.branch_id left join stores s3_0 on s3_0.id=sa1_0.store_id where s1_0.id=?
Hibernate: select s1_0.id,s1_0.brand,s1_0.address,s1_0.email,s1_0.phone,s1_0.created_at,s1_0.description,s1_0.status,sa1_0.id,b1_0.id,b1_0.address,b1_0.close_time,b1_0.created_at,b1_0.email,b1_0.manager_id,b1_0.name,b1_0.open_time,b1_0.phone,b1_0.store_id,b1_0.updated_at,sa1_0.created_at,sa1_0.email,sa1_0.full_name,sa1_0.last_login,sa1_0.password,sa1_0.phone,sa1_0.role,s3_0.id,s3_0.brand,s3_0.address,s3_0.email,s3_0.phone,s3_0.created_at,s3_0.description,s3_0.status,s3_0.store_admin_id,s3_0.store_type,s3_0.updated_at,sa1_0.updated_at,sa1_0.verified,s1_0.store_type,s1_0.updated_at from stores s1_0 left join users sa1_0 on sa1_0.id=s1_0.store_admin_id left join branches b1_0 on b1_0.id=sa1_0.branch_id left join stores s3_0 on s3_0.id=sa1_0.store_id where s1_0.id=?
2026-05-10T12:43:19.391+07:00 DEBUG 99967 --- [pos-system] [nio-8080-exec-5] org.hibernate.SQL                        : select count(r1_0.id) from refund r1_0 join orders o1_0 on o1_0.id=r1_0.order_id join branches b1_0 on b1_0.id=o1_0.branch_id join stores s1_0 on s1_0.id=b1_0.store_id where s1_0.store_admin_id=?
Hibernate: select count(r1_0.id) from refund r1_0 join orders o1_0 on o1_0.id=r1_0.order_id join branches b1_0 on b1_0.id=o1_0.branch_id join stores s1_0 on s1_0.id=b1_0.store_id where s1_0.store_admin_id=?
2026-05-10T12:43:19.391+07:00 DEBUG 99967 --- [pos-system] [io-8080-exec-12] org.hibernate.SQL                        : select wd1_0.branch_id,wd1_0.working_days from branch_working_days wd1_0 where wd1_0.branch_id=?
Hibernate: select wd1_0.branch_id,wd1_0.working_days from branch_working_days wd1_0 where wd1_0.branch_id=?
2026-05-10T12:43:19.393+07:00 DEBUG 99967 --- [pos-system] [io-8080-exec-11] org.hibernate.SQL                        : select u1_0.id,b1_0.id,b1_0.address,b1_0.close_time,b1_0.created_at,b1_0.email,m1_0.id,m1_0.branch_id,m1_0.created_at,m1_0.email,m1_0.full_name,m1_0.last_login,m1_0.password,m1_0.phone,m1_0.role,m1_0.store_id,m1_0.updated_at,m1_0.verified,b1_0.name,b1_0.open_time,b1_0.phone,s2_0.id,s2_0.brand,s2_0.address,s2_0.email,s2_0.phone,s2_0.created_at,s2_0.description,s2_0.status,s2_0.store_admin_id,s2_0.store_type,s2_0.updated_at,b1_0.updated_at,u1_0.created_at,u1_0.email,u1_0.full_name,u1_0.last_login,u1_0.password,u1_0.phone,u1_0.role,s3_0.id,s3_0.brand,s3_0.address,s3_0.email,s3_0.phone,s3_0.created_at,s3_0.description,s3_0.status,sa2_0.id,sa2_0.branch_id,sa2_0.created_at,sa2_0.email,sa2_0.full_name,sa2_0.last_login,sa2_0.password,sa2_0.phone,sa2_0.role,sa2_0.store_id,sa2_0.updated_at,sa2_0.verified,s3_0.store_type,s3_0.updated_at,u1_0.updated_at,u1_0.verified from users u1_0 left join branches b1_0 on b1_0.id=u1_0.branch_id left join users m1_0 on m1_0.id=b1_0.manager_id left join stores s2_0 on s2_0.id=b1_0.store_id left join stores s3_0 on s3_0.id=u1_0.store_id left join users sa2_0 on sa2_0.id=s3_0.store_admin_id where u1_0.id=?
Hibernate: select u1_0.id,b1_0.id,b1_0.address,b1_0.close_time,b1_0.created_at,b1_0.email,m1_0.id,m1_0.branch_id,m1_0.created_at,m1_0.email,m1_0.full_name,m1_0.last_login,m1_0.password,m1_0.phone,m1_0.role,m1_0.store_id,m1_0.updated_at,m1_0.verified,b1_0.name,b1_0.open_time,b1_0.phone,s2_0.id,s2_0.brand,s2_0.address,s2_0.email,s2_0.phone,s2_0.created_at,s2_0.description,s2_0.status,s2_0.store_admin_id,s2_0.store_type,s2_0.updated_at,b1_0.updated_at,u1_0.created_at,u1_0.email,u1_0.full_name,u1_0.last_login,u1_0.password,u1_0.phone,u1_0.role,s3_0.id,s3_0.brand,s3_0.address,s3_0.email,s3_0.phone,s3_0.created_at,s3_0.description,s3_0.status,sa2_0.id,sa2_0.branch_id,sa2_0.created_at,sa2_0.email,sa2_0.full_name,sa2_0.last_login,sa2_0.password,sa2_0.phone,sa2_0.role,sa2_0.store_id,sa2_0.updated_at,sa2_0.verified,s3_0.store_type,s3_0.updated_at,u1_0.updated_at,u1_0.verified from users u1_0 left join branches b1_0 on b1_0.id=u1_0.branch_id left join users m1_0 on m1_0.id=b1_0.manager_id left join stores s2_0 on s2_0.id=b1_0.store_id left join stores s3_0 on s3_0.id=u1_0.store_id left join users sa2_0 on sa2_0.id=s3_0.store_admin_id where u1_0.id=?
2026-05-10T12:43:19.397+07:00 DEBUG 99967 --- [pos-system] [nio-8080-exec-6] org.hibernate.SQL                        : select s1_0.id,s1_0.brand,s1_0.address,s1_0.email,s1_0.phone,s1_0.created_at,s1_0.description,s1_0.status,s1_0.store_admin_id,s1_0.store_type,s1_0.updated_at from stores s1_0 left join users sa1_0 on sa1_0.id=s1_0.store_admin_id where sa1_0.id=?
Hibernate: select s1_0.id,s1_0.brand,s1_0.address,s1_0.email,s1_0.phone,s1_0.created_at,s1_0.description,s1_0.status,s1_0.store_admin_id,s1_0.store_type,s1_0.updated_at from stores s1_0 left join users sa1_0 on sa1_0.id=s1_0.store_admin_id where sa1_0.id=?
2026-05-10T12:43:19.398+07:00 DEBUG 99967 --- [pos-system] [io-8080-exec-12] org.hibernate.SQL                        : select s1_0.id,s1_0.brand,s1_0.address,s1_0.email,s1_0.phone,s1_0.created_at,s1_0.description,s1_0.status,sa1_0.id,b1_0.id,b1_0.address,b1_0.close_time,b1_0.created_at,b1_0.email,b1_0.manager_id,b1_0.name,b1_0.open_time,b1_0.phone,b1_0.store_id,b1_0.updated_at,sa1_0.created_at,sa1_0.email,sa1_0.full_name,sa1_0.last_login,sa1_0.password,sa1_0.phone,sa1_0.role,s3_0.id,s3_0.brand,s3_0.address,s3_0.email,s3_0.phone,s3_0.created_at,s3_0.description,s3_0.status,s3_0.store_admin_id,s3_0.store_type,s3_0.updated_at,sa1_0.updated_at,sa1_0.verified,s1_0.store_type,s1_0.updated_at from stores s1_0 left join users sa1_0 on sa1_0.id=s1_0.store_admin_id left join branches b1_0 on b1_0.id=sa1_0.branch_id left join stores s3_0 on s3_0.id=sa1_0.store_id where s1_0.id=?
Hibernate: select s1_0.id,s1_0.brand,s1_0.address,s1_0.email,s1_0.phone,s1_0.created_at,s1_0.description,s1_0.status,sa1_0.id,b1_0.id,b1_0.address,b1_0.close_time,b1_0.created_at,b1_0.email,b1_0.manager_id,b1_0.name,b1_0.open_time,b1_0.phone,b1_0.store_id,b1_0.updated_at,sa1_0.created_at,sa1_0.email,sa1_0.full_name,sa1_0.last_login,sa1_0.password,sa1_0.phone,sa1_0.role,s3_0.id,s3_0.brand,s3_0.address,s3_0.email,s3_0.phone,s3_0.created_at,s3_0.description,s3_0.status,s3_0.store_admin_id,s3_0.store_type,s3_0.updated_at,sa1_0.updated_at,sa1_0.verified,s1_0.store_type,s1_0.updated_at from stores s1_0 left join users sa1_0 on sa1_0.id=s1_0.store_admin_id left join branches b1_0 on b1_0.id=sa1_0.branch_id left join stores s3_0 on s3_0.id=sa1_0.store_id where s1_0.id=?
2026-05-10T12:43:19.398+07:00 DEBUG 99967 --- [pos-system] [nio-8080-exec-7] org.hibernate.SQL                        : select o1_0.created_at,sum(o1_0.total_amount) from orders o1_0 join branches b1_0 on b1_0.id=o1_0.branch_id join stores s1_0 on s1_0.id=b1_0.store_id where s1_0.store_admin_id=? and o1_0.created_at between ? and ? group by o1_0.created_at order by o1_0.created_at
Hibernate: select o1_0.created_at,sum(o1_0.total_amount) from orders o1_0 join branches b1_0 on b1_0.id=o1_0.branch_id join stores s1_0 on s1_0.id=b1_0.store_id where s1_0.store_admin_id=? and o1_0.created_at between ? and ? group by o1_0.created_at order by o1_0.created_at
2026-05-10T12:43:19.399+07:00 DEBUG 99967 --- [pos-system] [io-8080-exec-11] org.hibernate.SQL                        : select c1_0.id,c1_0.created_at,c1_0.email,c1_0.full_name,c1_0.phone,c1_0.updated_at from customer c1_0 where c1_0.id=?
Hibernate: select c1_0.id,c1_0.created_at,c1_0.email,c1_0.full_name,c1_0.phone,c1_0.updated_at from customer c1_0 where c1_0.id=?
2026-05-10T12:43:19.399+07:00 DEBUG 99967 --- [pos-system] [nio-8080-exec-5] org.hibernate.SQL                        : select count(p1_0.id) from products p1_0 join stores s1_0 on s1_0.id=p1_0.store_id where s1_0.store_admin_id=?
Hibernate: select count(p1_0.id) from products p1_0 join stores s1_0 on s1_0.id=p1_0.store_id where s1_0.store_admin_id=?
2026-05-10T12:43:19.415+07:00 DEBUG 99967 --- [pos-system] [nio-8080-exec-2] org.hibernate.SQL                        : select u1_0.id,u1_0.branch_id,u1_0.created_at,u1_0.email,u1_0.full_name,u1_0.last_login,u1_0.password,u1_0.phone,u1_0.role,u1_0.store_id,u1_0.updated_at,u1_0.verified from users u1_0 where u1_0.email=?
Hibernate: select u1_0.id,u1_0.branch_id,u1_0.created_at,u1_0.email,u1_0.full_name,u1_0.last_login,u1_0.password,u1_0.phone,u1_0.role,u1_0.store_id,u1_0.updated_at,u1_0.verified from users u1_0 where u1_0.email=?
2026-05-10T12:43:19.419+07:00 DEBUG 99967 --- [pos-system] [nio-8080-exec-2] org.hibernate.SQL                        : select s1_0.id,s1_0.brand,s1_0.address,s1_0.email,s1_0.phone,s1_0.created_at,s1_0.description,s1_0.status,sa1_0.id,b1_0.id,b1_0.address,b1_0.close_time,b1_0.created_at,b1_0.email,b1_0.manager_id,b1_0.name,b1_0.open_time,b1_0.phone,b1_0.store_id,b1_0.updated_at,sa1_0.created_at,sa1_0.email,sa1_0.full_name,sa1_0.last_login,sa1_0.password,sa1_0.phone,sa1_0.role,s3_0.id,s3_0.brand,s3_0.address,s3_0.email,s3_0.phone,s3_0.created_at,s3_0.description,s3_0.status,s3_0.store_admin_id,s3_0.store_type,s3_0.updated_at,sa1_0.updated_at,sa1_0.verified,s1_0.store_type,s1_0.updated_at from stores s1_0 left join users sa1_0 on sa1_0.id=s1_0.store_admin_id left join branches b1_0 on b1_0.id=sa1_0.branch_id left join stores s3_0 on s3_0.id=sa1_0.store_id where s1_0.id=?
Hibernate: select s1_0.id,s1_0.brand,s1_0.address,s1_0.email,s1_0.phone,s1_0.created_at,s1_0.description,s1_0.status,sa1_0.id,b1_0.id,b1_0.address,b1_0.close_time,b1_0.created_at,b1_0.email,b1_0.manager_id,b1_0.name,b1_0.open_time,b1_0.phone,b1_0.store_id,b1_0.updated_at,sa1_0.created_at,sa1_0.email,sa1_0.full_name,sa1_0.last_login,sa1_0.password,sa1_0.phone,sa1_0.role,s3_0.id,s3_0.brand,s3_0.address,s3_0.email,s3_0.phone,s3_0.created_at,s3_0.description,s3_0.status,s3_0.store_admin_id,s3_0.store_type,s3_0.updated_at,sa1_0.updated_at,sa1_0.verified,s1_0.store_type,s1_0.updated_at from stores s1_0 left join users sa1_0 on sa1_0.id=s1_0.store_admin_id left join branches b1_0 on b1_0.id=sa1_0.branch_id left join stores s3_0 on s3_0.id=sa1_0.store_id where s1_0.id=?
2026-05-10T12:43:19.419+07:00 DEBUG 99967 --- [pos-system] [io-8080-exec-12] org.hibernate.SQL                        : select u1_0.id,u1_0.branch_id,u1_0.created_at,u1_0.email,u1_0.full_name,u1_0.last_login,u1_0.password,u1_0.phone,u1_0.role,u1_0.store_id,u1_0.updated_at,u1_0.verified from users u1_0 where u1_0.store_id=? and u1_0.role in (?,?,?)
Hibernate: select u1_0.id,u1_0.branch_id,u1_0.created_at,u1_0.email,u1_0.full_name,u1_0.last_login,u1_0.password,u1_0.phone,u1_0.role,u1_0.store_id,u1_0.updated_at,u1_0.verified from users u1_0 where u1_0.store_id=? and u1_0.role in (?,?,?)
2026-05-10T12:43:19.421+07:00 DEBUG 99967 --- [pos-system] [io-8080-exec-12] org.hibernate.SQL                        : select b1_0.id,b1_0.address,b1_0.close_time,b1_0.created_at,b1_0.email,m1_0.id,b2_0.id,b2_0.address,b2_0.close_time,b2_0.created_at,b2_0.email,b2_0.manager_id,b2_0.name,b2_0.open_time,b2_0.phone,b2_0.store_id,b2_0.updated_at,m1_0.created_at,m1_0.email,m1_0.full_name,m1_0.last_login,m1_0.password,m1_0.phone,m1_0.role,s2_0.id,s2_0.brand,s2_0.address,s2_0.email,s2_0.phone,s2_0.created_at,s2_0.description,s2_0.status,s2_0.store_admin_id,s2_0.store_type,s2_0.updated_at,m1_0.updated_at,m1_0.verified,b1_0.name,b1_0.open_time,b1_0.phone,s3_0.id,s3_0.brand,s3_0.address,s3_0.email,s3_0.phone,s3_0.created_at,s3_0.description,s3_0.status,sa2_0.id,sa2_0.branch_id,sa2_0.created_at,sa2_0.email,sa2_0.full_name,sa2_0.last_login,sa2_0.password,sa2_0.phone,sa2_0.role,sa2_0.store_id,sa2_0.updated_at,sa2_0.verified,s3_0.store_type,s3_0.updated_at,b1_0.updated_at from branches b1_0 left join users m1_0 on m1_0.id=b1_0.manager_id left join branches b2_0 on b2_0.id=m1_0.branch_id left join stores s2_0 on s2_0.id=m1_0.store_id left join stores s3_0 on s3_0.id=b1_0.store_id left join users sa2_0 on sa2_0.id=s3_0.store_admin_id where b1_0.id=?
Hibernate: select b1_0.id,b1_0.address,b1_0.close_time,b1_0.created_at,b1_0.email,m1_0.id,b2_0.id,b2_0.address,b2_0.close_time,b2_0.created_at,b2_0.email,b2_0.manager_id,b2_0.name,b2_0.open_time,b2_0.phone,b2_0.store_id,b2_0.updated_at,m1_0.created_at,m1_0.email,m1_0.full_name,m1_0.last_login,m1_0.password,m1_0.phone,m1_0.role,s2_0.id,s2_0.brand,s2_0.address,s2_0.email,s2_0.phone,s2_0.created_at,s2_0.description,s2_0.status,s2_0.store_admin_id,s2_0.store_type,s2_0.updated_at,m1_0.updated_at,m1_0.verified,b1_0.name,b1_0.open_time,b1_0.phone,s3_0.id,s3_0.brand,s3_0.address,s3_0.email,s3_0.phone,s3_0.created_at,s3_0.description,s3_0.status,sa2_0.id,sa2_0.branch_id,sa2_0.created_at,sa2_0.email,sa2_0.full_name,sa2_0.last_login,sa2_0.password,sa2_0.phone,sa2_0.role,sa2_0.store_id,sa2_0.updated_at,sa2_0.verified,s3_0.store_type,s3_0.updated_at,b1_0.updated_at from branches b1_0 left join users m1_0 on m1_0.id=b1_0.manager_id left join branches b2_0 on b2_0.id=m1_0.branch_id left join stores s2_0 on s2_0.id=m1_0.store_id left join stores s3_0 on s3_0.id=b1_0.store_id left join users sa2_0 on sa2_0.id=s3_0.store_admin_id where b1_0.id=?
2026-05-10T12:43:19.423+07:00 DEBUG 99967 --- [pos-system] [nio-8080-exec-2] org.hibernate.SQL                        : select s1_0.id,s1_0.brand,s1_0.address,s1_0.email,s1_0.phone,s1_0.created_at,s1_0.description,s1_0.status,s1_0.store_admin_id,s1_0.store_type,s1_0.updated_at from stores s1_0 left join users sa1_0 on sa1_0.id=s1_0.store_admin_id where sa1_0.id=?
Hibernate: select s1_0.id,s1_0.brand,s1_0.address,s1_0.email,s1_0.phone,s1_0.created_at,s1_0.description,s1_0.status,s1_0.store_admin_id,s1_0.store_type,s1_0.updated_at from stores s1_0 left join users sa1_0 on sa1_0.id=s1_0.store_admin_id where sa1_0.id=?
2026-05-10T12:43:19.423+07:00 DEBUG 99967 --- [pos-system] [io-8080-exec-10] org.hibernate.SQL                        : select count(b1_0.id) from branches b1_0 join stores s1_0 on s1_0.id=b1_0.store_id where s1_0.store_admin_id=?
Hibernate: select count(b1_0.id) from branches b1_0 join stores s1_0 on s1_0.id=b1_0.store_id where s1_0.store_admin_id=?
2026-05-10T12:43:19.424+07:00 DEBUG 99967 --- [pos-system] [io-8080-exec-11] org.hibernate.SQL                        : select i1_0.order_id,i1_0.id,i1_0.price,p1_0.id,p1_0.brand,c1_0.id,c1_0.name,c1_0.store_id,p1_0.created_at,p1_0.description,p1_0.image,p1_0.mrp,p1_0.name,p1_0.selling_price,p1_0.sku,p1_0.store_id,s2_0.id,s2_0.brand,s2_0.address,s2_0.email,s2_0.phone,s2_0.created_at,s2_0.description,s2_0.status,s2_0.store_admin_id,s2_0.store_type,s2_0.updated_at,p1_0.updated_at,i1_0.quantity from order_items i1_0 left join products p1_0 on p1_0.id=i1_0.product_id left join categories c1_0 on c1_0.id=p1_0.category_id left join stores s2_0 on s2_0.id=p1_0.store_id where i1_0.order_id=?
Hibernate: select i1_0.order_id,i1_0.id,i1_0.price,p1_0.id,p1_0.brand,c1_0.id,c1_0.name,c1_0.store_id,p1_0.created_at,p1_0.description,p1_0.image,p1_0.mrp,p1_0.name,p1_0.selling_price,p1_0.sku,p1_0.store_id,s2_0.id,s2_0.brand,s2_0.address,s2_0.email,s2_0.phone,s2_0.created_at,s2_0.description,s2_0.status,s2_0.store_admin_id,s2_0.store_type,s2_0.updated_at,p1_0.updated_at,i1_0.quantity from order_items i1_0 left join products p1_0 on p1_0.id=i1_0.product_id left join categories c1_0 on c1_0.id=p1_0.category_id left join stores s2_0 on s2_0.id=p1_0.store_id where i1_0.order_id=?
2026-05-10T12:43:19.424+07:00 DEBUG 99967 --- [pos-system] [io-8080-exec-12] org.hibernate.SQL                        : select wd1_0.branch_id,wd1_0.working_days from branch_working_days wd1_0 where wd1_0.branch_id=?
Hibernate: select wd1_0.branch_id,wd1_0.working_days from branch_working_days wd1_0 where wd1_0.branch_id=?
2026-05-10T12:43:19.429+07:00 DEBUG 99967 --- [pos-system] [io-8080-exec-10] org.hibernate.SQL                        : select sum(o1_0.total_amount) from orders o1_0 join branches b1_0 on b1_0.id=o1_0.branch_id join stores s1_0 on s1_0.id=b1_0.store_id where s1_0.store_admin_id=?
Hibernate: select sum(o1_0.total_amount) from orders o1_0 join branches b1_0 on b1_0.id=o1_0.branch_id join stores s1_0 on s1_0.id=b1_0.store_id where s1_0.store_admin_id=?
2026-05-10T12:43:19.434+07:00 DEBUG 99967 --- [pos-system] [io-8080-exec-10] org.hibernate.SQL                        : select count(o1_0.id) from orders o1_0 join branches b1_0 on b1_0.id=o1_0.branch_id join stores s1_0 on s1_0.id=b1_0.store_id where s1_0.store_admin_id=?
Hibernate: select count(o1_0.id) from orders o1_0 join branches b1_0 on b1_0.id=o1_0.branch_id join stores s1_0 on s1_0.id=b1_0.store_id where s1_0.store_admin_id=?
2026-05-10T12:43:19.439+07:00 DEBUG 99967 --- [pos-system] [io-8080-exec-10] org.hibernate.SQL                        : select count(u1_0.id) from users u1_0 where u1_0.id in (select s1_0.store_admin_id from stores s1_0 where s1_0.store_admin_id=?) and u1_0.role in (?,?,?,?)
Hibernate: select count(u1_0.id) from users u1_0 where u1_0.id in (select s1_0.store_admin_id from stores s1_0 where s1_0.store_admin_id=?) and u1_0.role in (?,?,?,?)
2026-05-10T12:43:19.439+07:00 DEBUG 99967 --- [pos-system] [io-8080-exec-13] org.hibernate.SQL                        : select u1_0.id,u1_0.branch_id,u1_0.created_at,u1_0.email,u1_0.full_name,u1_0.last_login,u1_0.password,u1_0.phone,u1_0.role,u1_0.store_id,u1_0.updated_at,u1_0.verified from users u1_0 where u1_0.email=?
2026-05-10T12:43:19.439+07:00 DEBUG 99967 --- [pos-system] [nio-8080-exec-1] org.hibernate.SQL                        : select s1_0.id,s1_0.brand,s1_0.address,s1_0.email,s1_0.phone,s1_0.created_at,s1_0.description,s1_0.status,sa1_0.id,b1_0.id,b1_0.address,b1_0.close_time,b1_0.created_at,b1_0.email,b1_0.manager_id,b1_0.name,b1_0.open_time,b1_0.phone,b1_0.store_id,b1_0.updated_at,sa1_0.created_at,sa1_0.email,sa1_0.full_name,sa1_0.last_login,sa1_0.password,sa1_0.phone,sa1_0.role,s3_0.id,s3_0.brand,s3_0.address,s3_0.email,s3_0.phone,s3_0.created_at,s3_0.description,s3_0.status,s3_0.store_admin_id,s3_0.store_type,s3_0.updated_at,sa1_0.updated_at,sa1_0.verified,s1_0.store_type,s1_0.updated_at from stores s1_0 left join users sa1_0 on sa1_0.id=s1_0.store_admin_id left join branches b1_0 on b1_0.id=sa1_0.branch_id left join stores s3_0 on s3_0.id=sa1_0.store_id where s1_0.id=?
Hibernate: select s1_0.id,s1_0.brand,s1_0.address,s1_0.email,s1_0.phone,s1_0.created_at,s1_0.description,s1_0.status,sa1_0.id,b1_0.id,b1_0.address,b1_0.close_time,b1_0.created_at,b1_0.email,b1_0.manager_id,b1_0.name,b1_0.open_time,b1_0.phone,b1_0.store_id,b1_0.updated_at,sa1_0.created_at,sa1_0.email,sa1_0.full_name,sa1_0.last_login,sa1_0.password,sa1_0.phone,sa1_0.role,s3_0.id,s3_0.brand,s3_0.address,s3_0.email,s3_0.phone,s3_0.created_at,s3_0.description,s3_0.status,s3_0.store_admin_id,s3_0.store_type,s3_0.updated_at,sa1_0.updated_at,sa1_0.verified,s1_0.store_type,s1_0.updated_at from stores s1_0 left join users sa1_0 on sa1_0.id=s1_0.store_admin_id left join branches b1_0 on b1_0.id=sa1_0.branch_id left join stores s3_0 on s3_0.id=sa1_0.store_id where s1_0.id=?
Hibernate: select u1_0.id,u1_0.branch_id,u1_0.created_at,u1_0.email,u1_0.full_name,u1_0.last_login,u1_0.password,u1_0.phone,u1_0.role,u1_0.store_id,u1_0.updated_at,u1_0.verified from users u1_0 where u1_0.email=?
2026-05-10T12:43:19.441+07:00 DEBUG 99967 --- [pos-system] [io-8080-exec-13] org.hibernate.SQL                        : select s1_0.id,s1_0.brand,s1_0.address,s1_0.email,s1_0.phone,s1_0.created_at,s1_0.description,s1_0.status,sa1_0.id,b1_0.id,b1_0.address,b1_0.close_time,b1_0.created_at,b1_0.email,b1_0.manager_id,b1_0.name,b1_0.open_time,b1_0.phone,b1_0.store_id,b1_0.updated_at,sa1_0.created_at,sa1_0.email,sa1_0.full_name,sa1_0.last_login,sa1_0.password,sa1_0.phone,sa1_0.role,s3_0.id,s3_0.brand,s3_0.address,s3_0.email,s3_0.phone,s3_0.created_at,s3_0.description,s3_0.status,s3_0.store_admin_id,s3_0.store_type,s3_0.updated_at,sa1_0.updated_at,sa1_0.verified,s1_0.store_type,s1_0.updated_at from stores s1_0 left join users sa1_0 on sa1_0.id=s1_0.store_admin_id left join branches b1_0 on b1_0.id=sa1_0.branch_id left join stores s3_0 on s3_0.id=sa1_0.store_id where s1_0.id=?
Hibernate: select s1_0.id,s1_0.brand,s1_0.address,s1_0.email,s1_0.phone,s1_0.created_at,s1_0.description,s1_0.status,sa1_0.id,b1_0.id,b1_0.address,b1_0.close_time,b1_0.created_at,b1_0.email,b1_0.manager_id,b1_0.name,b1_0.open_time,b1_0.phone,b1_0.store_id,b1_0.updated_at,sa1_0.created_at,sa1_0.email,sa1_0.full_name,sa1_0.last_login,sa1_0.password,sa1_0.phone,sa1_0.role,s3_0.id,s3_0.brand,s3_0.address,s3_0.email,s3_0.phone,s3_0.created_at,s3_0.description,s3_0.status,s3_0.store_admin_id,s3_0.store_type,s3_0.updated_at,sa1_0.updated_at,sa1_0.verified,s1_0.store_type,s1_0.updated_at from stores s1_0 left join users sa1_0 on sa1_0.id=s1_0.store_admin_id left join branches b1_0 on b1_0.id=sa1_0.branch_id left join stores s3_0 on s3_0.id=sa1_0.store_id where s1_0.id=?
2026-05-10T12:43:19.442+07:00 DEBUG 99967 --- [pos-system] [io-8080-exec-10] org.hibernate.SQL                        : select count(distinct o1_0.customer_id) from orders o1_0 join branches b1_0 on b1_0.id=o1_0.branch_id join stores s1_0 on s1_0.id=b1_0.store_id where s1_0.store_admin_id=?
Hibernate: select count(distinct o1_0.customer_id) from orders o1_0 join branches b1_0 on b1_0.id=o1_0.branch_id join stores s1_0 on s1_0.id=b1_0.store_id where s1_0.store_admin_id=?
2026-05-10T12:43:19.444+07:00 DEBUG 99967 --- [pos-system] [io-8080-exec-10] org.hibernate.SQL                        : select count(r1_0.id) from refund r1_0 join orders o1_0 on o1_0.id=r1_0.order_id join branches b1_0 on b1_0.id=o1_0.branch_id join stores s1_0 on s1_0.id=b1_0.store_id where s1_0.store_admin_id=?
Hibernate: select count(r1_0.id) from refund r1_0 join orders o1_0 on o1_0.id=r1_0.order_id join branches b1_0 on b1_0.id=o1_0.branch_id join stores s1_0 on s1_0.id=b1_0.store_id where s1_0.store_admin_id=?
2026-05-10T12:43:19.444+07:00 DEBUG 99967 --- [pos-system] [nio-8080-exec-1] org.hibernate.SQL                        : select u1_0.id,u1_0.branch_id,u1_0.created_at,u1_0.email,u1_0.full_name,u1_0.last_login,u1_0.password,u1_0.phone,u1_0.role,u1_0.store_id,u1_0.updated_at,u1_0.verified from users u1_0 where u1_0.store_id=? and u1_0.role in (?,?,?)
Hibernate: select u1_0.id,u1_0.branch_id,u1_0.created_at,u1_0.email,u1_0.full_name,u1_0.last_login,u1_0.password,u1_0.phone,u1_0.role,u1_0.store_id,u1_0.updated_at,u1_0.verified from users u1_0 where u1_0.store_id=? and u1_0.role in (?,?,?)
2026-05-10T12:43:19.444+07:00 DEBUG 99967 --- [pos-system] [io-8080-exec-13] org.hibernate.SQL                        : select s1_0.id,s1_0.brand,s1_0.address,s1_0.email,s1_0.phone,s1_0.created_at,s1_0.description,s1_0.status,s1_0.store_admin_id,s1_0.store_type,s1_0.updated_at from stores s1_0 left join users sa1_0 on sa1_0.id=s1_0.store_admin_id where sa1_0.id=?
Hibernate: select s1_0.id,s1_0.brand,s1_0.address,s1_0.email,s1_0.phone,s1_0.created_at,s1_0.description,s1_0.status,s1_0.store_admin_id,s1_0.store_type,s1_0.updated_at from stores s1_0 left join users sa1_0 on sa1_0.id=s1_0.store_admin_id where sa1_0.id=?
2026-05-10T12:43:19.447+07:00 DEBUG 99967 --- [pos-system] [nio-8080-exec-1] org.hibernate.SQL                        : select b1_0.id,b1_0.address,b1_0.close_time,b1_0.created_at,b1_0.email,m1_0.id,b2_0.id,b2_0.address,b2_0.close_time,b2_0.created_at,b2_0.email,b2_0.manager_id,b2_0.name,b2_0.open_time,b2_0.phone,b2_0.store_id,b2_0.updated_at,m1_0.created_at,m1_0.email,m1_0.full_name,m1_0.last_login,m1_0.password,m1_0.phone,m1_0.role,s2_0.id,s2_0.brand,s2_0.address,s2_0.email,s2_0.phone,s2_0.created_at,s2_0.description,s2_0.status,s2_0.store_admin_id,s2_0.store_type,s2_0.updated_at,m1_0.updated_at,m1_0.verified,b1_0.name,b1_0.open_time,b1_0.phone,s3_0.id,s3_0.brand,s3_0.address,s3_0.email,s3_0.phone,s3_0.created_at,s3_0.description,s3_0.status,sa2_0.id,sa2_0.branch_id,sa2_0.created_at,sa2_0.email,sa2_0.full_name,sa2_0.last_login,sa2_0.password,sa2_0.phone,sa2_0.role,sa2_0.store_id,sa2_0.updated_at,sa2_0.verified,s3_0.store_type,s3_0.updated_at,b1_0.updated_at from branches b1_0 left join users m1_0 on m1_0.id=b1_0.manager_id left join branches b2_0 on b2_0.id=m1_0.branch_id left join stores s2_0 on s2_0.id=m1_0.store_id left join stores s3_0 on s3_0.id=b1_0.store_id left join users sa2_0 on sa2_0.id=s3_0.store_admin_id where b1_0.id=?
Hibernate: select b1_0.id,b1_0.address,b1_0.close_time,b1_0.created_at,b1_0.email,m1_0.id,b2_0.id,b2_0.address,b2_0.close_time,b2_0.created_at,b2_0.email,b2_0.manager_id,b2_0.name,b2_0.open_time,b2_0.phone,b2_0.store_id,b2_0.updated_at,m1_0.created_at,m1_0.email,m1_0.full_name,m1_0.last_login,m1_0.password,m1_0.phone,m1_0.role,s2_0.id,s2_0.brand,s2_0.address,s2_0.email,s2_0.phone,s2_0.created_at,s2_0.description,s2_0.status,s2_0.store_admin_id,s2_0.store_type,s2_0.updated_at,m1_0.updated_at,m1_0.verified,b1_0.name,b1_0.open_time,b1_0.phone,s3_0.id,s3_0.brand,s3_0.address,s3_0.email,s3_0.phone,s3_0.created_at,s3_0.description,s3_0.status,sa2_0.id,sa2_0.branch_id,sa2_0.created_at,sa2_0.email,sa2_0.full_name,sa2_0.last_login,sa2_0.password,sa2_0.phone,sa2_0.role,sa2_0.store_id,sa2_0.updated_at,sa2_0.verified,s3_0.store_type,s3_0.updated_at,b1_0.updated_at from branches b1_0 left join users m1_0 on m1_0.id=b1_0.manager_id left join branches b2_0 on b2_0.id=m1_0.branch_id left join stores s2_0 on s2_0.id=m1_0.store_id left join stores s3_0 on s3_0.id=b1_0.store_id left join users sa2_0 on sa2_0.id=s3_0.store_admin_id where b1_0.id=?
2026-05-10T12:43:19.447+07:00 DEBUG 99967 --- [pos-system] [io-8080-exec-10] org.hibernate.SQL                        : select count(p1_0.id) from products p1_0 join stores s1_0 on s1_0.id=p1_0.store_id where s1_0.store_admin_id=?
Hibernate: select count(p1_0.id) from products p1_0 join stores s1_0 on s1_0.id=p1_0.store_id where s1_0.store_admin_id=?
2026-05-10T12:43:19.458+07:00 DEBUG 99967 --- [pos-system] [nio-8080-exec-9] org.hibernate.SQL                        : select u1_0.id,u1_0.branch_id,u1_0.created_at,u1_0.email,u1_0.full_name,u1_0.last_login,u1_0.password,u1_0.phone,u1_0.role,u1_0.store_id,u1_0.updated_at,u1_0.verified from users u1_0 where u1_0.email=?
Hibernate: select u1_0.id,u1_0.branch_id,u1_0.created_at,u1_0.email,u1_0.full_name,u1_0.last_login,u1_0.password,u1_0.phone,u1_0.role,u1_0.store_id,u1_0.updated_at,u1_0.verified from users u1_0 where u1_0.email=?
2026-05-10T12:43:19.470+07:00 DEBUG 99967 --- [pos-system] [nio-8080-exec-4] org.hibernate.SQL                        : select o1_0.id,o1_0.branch_id,o1_0.cashier_id,o1_0.created_at,o1_0.customer_id,o1_0.payment_type,o1_0.status,o1_0.total_amount from orders o1_0 left join branches b1_0 on b1_0.id=o1_0.branch_id where b1_0.id=?
Hibernate: select o1_0.id,o1_0.branch_id,o1_0.cashier_id,o1_0.created_at,o1_0.customer_id,o1_0.payment_type,o1_0.status,o1_0.total_amount from orders o1_0 left join branches b1_0 on b1_0.id=o1_0.branch_id where b1_0.id=?
2026-05-10T12:43:19.484+07:00 DEBUG 99967 --- [pos-system] [nio-8080-exec-4] org.hibernate.SQL                        : select b1_0.id,b1_0.address,b1_0.close_time,b1_0.created_at,b1_0.email,m1_0.id,b2_0.id,b2_0.address,b2_0.close_time,b2_0.created_at,b2_0.email,b2_0.manager_id,b2_0.name,b2_0.open_time,b2_0.phone,b2_0.store_id,b2_0.updated_at,m1_0.created_at,m1_0.email,m1_0.full_name,m1_0.last_login,m1_0.password,m1_0.phone,m1_0.role,s2_0.id,s2_0.brand,s2_0.address,s2_0.email,s2_0.phone,s2_0.created_at,s2_0.description,s2_0.status,s2_0.store_admin_id,s2_0.store_type,s2_0.updated_at,m1_0.updated_at,m1_0.verified,b1_0.name,b1_0.open_time,b1_0.phone,s3_0.id,s3_0.brand,s3_0.address,s3_0.email,s3_0.phone,s3_0.created_at,s3_0.description,s3_0.status,sa2_0.id,sa2_0.branch_id,sa2_0.created_at,sa2_0.email,sa2_0.full_name,sa2_0.last_login,sa2_0.password,sa2_0.phone,sa2_0.role,sa2_0.store_id,sa2_0.updated_at,sa2_0.verified,s3_0.store_type,s3_0.updated_at,b1_0.updated_at from branches b1_0 left join users m1_0 on m1_0.id=b1_0.manager_id left join branches b2_0 on b2_0.id=m1_0.branch_id left join stores s2_0 on s2_0.id=m1_0.store_id left join stores s3_0 on s3_0.id=b1_0.store_id left join users sa2_0 on sa2_0.id=s3_0.store_admin_id where b1_0.id=?
Hibernate: select b1_0.id,b1_0.address,b1_0.close_time,b1_0.created_at,b1_0.email,m1_0.id,b2_0.id,b2_0.address,b2_0.close_time,b2_0.created_at,b2_0.email,b2_0.manager_id,b2_0.name,b2_0.open_time,b2_0.phone,b2_0.store_id,b2_0.updated_at,m1_0.created_at,m1_0.email,m1_0.full_name,m1_0.last_login,m1_0.password,m1_0.phone,m1_0.role,s2_0.id,s2_0.brand,s2_0.address,s2_0.email,s2_0.phone,s2_0.created_at,s2_0.description,s2_0.status,s2_0.store_admin_id,s2_0.store_type,s2_0.updated_at,m1_0.updated_at,m1_0.verified,b1_0.name,b1_0.open_time,b1_0.phone,s3_0.id,s3_0.brand,s3_0.address,s3_0.email,s3_0.phone,s3_0.created_at,s3_0.description,s3_0.status,sa2_0.id,sa2_0.branch_id,sa2_0.created_at,sa2_0.email,sa2_0.full_name,sa2_0.last_login,sa2_0.password,sa2_0.phone,sa2_0.role,sa2_0.store_id,sa2_0.updated_at,sa2_0.verified,s3_0.store_type,s3_0.updated_at,b1_0.updated_at from branches b1_0 left join users m1_0 on m1_0.id=b1_0.manager_id left join branches b2_0 on b2_0.id=m1_0.branch_id left join stores s2_0 on s2_0.id=m1_0.store_id left join stores s3_0 on s3_0.id=b1_0.store_id left join users sa2_0 on sa2_0.id=s3_0.store_admin_id where b1_0.id=?
2026-05-10T12:43:19.484+07:00 DEBUG 99967 --- [pos-system] [nio-8080-exec-9] org.hibernate.SQL                        : select s1_0.id,s1_0.brand,s1_0.address,s1_0.email,s1_0.phone,s1_0.created_at,s1_0.description,s1_0.status,sa1_0.id,b1_0.id,b1_0.address,b1_0.close_time,b1_0.created_at,b1_0.email,b1_0.manager_id,b1_0.name,b1_0.open_time,b1_0.phone,b1_0.store_id,b1_0.updated_at,sa1_0.created_at,sa1_0.email,sa1_0.full_name,sa1_0.last_login,sa1_0.password,sa1_0.phone,sa1_0.role,s3_0.id,s3_0.brand,s3_0.address,s3_0.email,s3_0.phone,s3_0.created_at,s3_0.description,s3_0.status,s3_0.store_admin_id,s3_0.store_type,s3_0.updated_at,sa1_0.updated_at,sa1_0.verified,s1_0.store_type,s1_0.updated_at from stores s1_0 left join users sa1_0 on sa1_0.id=s1_0.store_admin_id left join branches b1_0 on b1_0.id=sa1_0.branch_id left join stores s3_0 on s3_0.id=sa1_0.store_id where s1_0.id=?
Hibernate: select s1_0.id,s1_0.brand,s1_0.address,s1_0.email,s1_0.phone,s1_0.created_at,s1_0.description,s1_0.status,sa1_0.id,b1_0.id,b1_0.address,b1_0.close_time,b1_0.created_at,b1_0.email,b1_0.manager_id,b1_0.name,b1_0.open_time,b1_0.phone,b1_0.store_id,b1_0.updated_at,sa1_0.created_at,sa1_0.email,sa1_0.full_name,sa1_0.last_login,sa1_0.password,sa1_0.phone,sa1_0.role,s3_0.id,s3_0.brand,s3_0.address,s3_0.email,s3_0.phone,s3_0.created_at,s3_0.description,s3_0.status,s3_0.store_admin_id,s3_0.store_type,s3_0.updated_at,sa1_0.updated_at,sa1_0.verified,s1_0.store_type,s1_0.updated_at from stores s1_0 left join users sa1_0 on sa1_0.id=s1_0.store_admin_id left join branches b1_0 on b1_0.id=sa1_0.branch_id left join stores s3_0 on s3_0.id=sa1_0.store_id where s1_0.id=?
2026-05-10T12:43:19.491+07:00 DEBUG 99967 --- [pos-system] [nio-8080-exec-1] org.hibernate.SQL                        : select wd1_0.branch_id,wd1_0.working_days from branch_working_days wd1_0 where wd1_0.branch_id=?
Hibernate: select wd1_0.branch_id,wd1_0.working_days from branch_working_days wd1_0 where wd1_0.branch_id=?
2026-05-10T12:43:19.492+07:00 DEBUG 99967 --- [pos-system] [nio-8080-exec-4] org.hibernate.SQL                        : select u1_0.id,b1_0.id,b1_0.address,b1_0.close_time,b1_0.created_at,b1_0.email,m1_0.id,m1_0.branch_id,m1_0.created_at,m1_0.email,m1_0.full_name,m1_0.last_login,m1_0.password,m1_0.phone,m1_0.role,m1_0.store_id,m1_0.updated_at,m1_0.verified,b1_0.name,b1_0.open_time,b1_0.phone,s2_0.id,s2_0.brand,s2_0.address,s2_0.email,s2_0.phone,s2_0.created_at,s2_0.description,s2_0.status,s2_0.store_admin_id,s2_0.store_type,s2_0.updated_at,b1_0.updated_at,u1_0.created_at,u1_0.email,u1_0.full_name,u1_0.last_login,u1_0.password,u1_0.phone,u1_0.role,s3_0.id,s3_0.brand,s3_0.address,s3_0.email,s3_0.phone,s3_0.created_at,s3_0.description,s3_0.status,sa2_0.id,sa2_0.branch_id,sa2_0.created_at,sa2_0.email,sa2_0.full_name,sa2_0.last_login,sa2_0.password,sa2_0.phone,sa2_0.role,sa2_0.store_id,sa2_0.updated_at,sa2_0.verified,s3_0.store_type,s3_0.updated_at,u1_0.updated_at,u1_0.verified from users u1_0 left join branches b1_0 on b1_0.id=u1_0.branch_id left join users m1_0 on m1_0.id=b1_0.manager_id left join stores s2_0 on s2_0.id=b1_0.store_id left join stores s3_0 on s3_0.id=u1_0.store_id left join users sa2_0 on sa2_0.id=s3_0.store_admin_id where u1_0.id=?
Hibernate: select u1_0.id,b1_0.id,b1_0.address,b1_0.close_time,b1_0.created_at,b1_0.email,m1_0.id,m1_0.branch_id,m1_0.created_at,m1_0.email,m1_0.full_name,m1_0.last_login,m1_0.password,m1_0.phone,m1_0.role,m1_0.store_id,m1_0.updated_at,m1_0.verified,b1_0.name,b1_0.open_time,b1_0.phone,s2_0.id,s2_0.brand,s2_0.address,s2_0.email,s2_0.phone,s2_0.created_at,s2_0.description,s2_0.status,s2_0.store_admin_id,s2_0.store_type,s2_0.updated_at,b1_0.updated_at,u1_0.created_at,u1_0.email,u1_0.full_name,u1_0.last_login,u1_0.password,u1_0.phone,u1_0.role,s3_0.id,s3_0.brand,s3_0.address,s3_0.email,s3_0.phone,s3_0.created_at,s3_0.description,s3_0.status,sa2_0.id,sa2_0.branch_id,sa2_0.created_at,sa2_0.email,sa2_0.full_name,sa2_0.last_login,sa2_0.password,sa2_0.phone,sa2_0.role,sa2_0.store_id,sa2_0.updated_at,sa2_0.verified,s3_0.store_type,s3_0.updated_at,u1_0.updated_at,u1_0.verified from users u1_0 left join branches b1_0 on b1_0.id=u1_0.branch_id left join users m1_0 on m1_0.id=b1_0.manager_id left join stores s2_0 on s2_0.id=b1_0.store_id left join stores s3_0 on s3_0.id=u1_0.store_id left join users sa2_0 on sa2_0.id=s3_0.store_admin_id where u1_0.id=?
2026-05-10T12:43:19.495+07:00 DEBUG 99967 --- [pos-system] [nio-8080-exec-9] org.hibernate.SQL                        : select s1_0.id,s1_0.brand,s1_0.address,s1_0.email,s1_0.phone,s1_0.created_at,s1_0.description,s1_0.status,s1_0.store_admin_id,s1_0.store_type,s1_0.updated_at from stores s1_0 left join users sa1_0 on sa1_0.id=s1_0.store_admin_id where sa1_0.id=?
Hibernate: select s1_0.id,s1_0.brand,s1_0.address,s1_0.email,s1_0.phone,s1_0.created_at,s1_0.description,s1_0.status,s1_0.store_admin_id,s1_0.store_type,s1_0.updated_at from stores s1_0 left join users sa1_0 on sa1_0.id=s1_0.store_admin_id where sa1_0.id=?
2026-05-10T12:43:19.496+07:00 DEBUG 99967 --- [pos-system] [nio-8080-exec-4] org.hibernate.SQL                        : select c1_0.id,c1_0.created_at,c1_0.email,c1_0.full_name,c1_0.phone,c1_0.updated_at from customer c1_0 where c1_0.id=?
Hibernate: select c1_0.id,c1_0.created_at,c1_0.email,c1_0.full_name,c1_0.phone,c1_0.updated_at from customer c1_0 where c1_0.id=?
2026-05-10T12:43:19.498+07:00 DEBUG 99967 --- [pos-system] [nio-8080-exec-4] org.hibernate.SQL                        : select i1_0.order_id,i1_0.id,i1_0.price,p1_0.id,p1_0.brand,c1_0.id,c1_0.name,c1_0.store_id,p1_0.created_at,p1_0.description,p1_0.image,p1_0.mrp,p1_0.name,p1_0.selling_price,p1_0.sku,p1_0.store_id,s2_0.id,s2_0.brand,s2_0.address,s2_0.email,s2_0.phone,s2_0.created_at,s2_0.description,s2_0.status,s2_0.store_admin_id,s2_0.store_type,s2_0.updated_at,p1_0.updated_at,i1_0.quantity from order_items i1_0 left join products p1_0 on p1_0.id=i1_0.product_id left join categories c1_0 on c1_0.id=p1_0.category_id left join stores s2_0 on s2_0.id=p1_0.store_id where i1_0.order_id=?
Hibernate: select i1_0.order_id,i1_0.id,i1_0.price,p1_0.id,p1_0.brand,c1_0.id,c1_0.name,c1_0.store_id,p1_0.created_at,p1_0.description,p1_0.image,p1_0.mrp,p1_0.name,p1_0.selling_price,p1_0.sku,p1_0.store_id,s2_0.id,s2_0.brand,s2_0.address,s2_0.email,s2_0.phone,s2_0.created_at,s2_0.description,s2_0.status,s2_0.store_admin_id,s2_0.store_type,s2_0.updated_at,p1_0.updated_at,i1_0.quantity from order_items i1_0 left join products p1_0 on p1_0.id=i1_0.product_id left join categories c1_0 on c1_0.id=p1_0.category_id left join stores s2_0 on s2_0.id=p1_0.store_id where i1_0.order_id=?
2026-05-10T12:43:19.499+07:00 DEBUG 99967 --- [pos-system] [nio-8080-exec-1] org.hibernate.SQL                        : select s1_0.id,s1_0.brand,s1_0.address,s1_0.email,s1_0.phone,s1_0.created_at,s1_0.description,s1_0.status,sa1_0.id,b1_0.id,b1_0.address,b1_0.close_time,b1_0.created_at,b1_0.email,b1_0.manager_id,b1_0.name,b1_0.open_time,b1_0.phone,b1_0.store_id,b1_0.updated_at,sa1_0.created_at,sa1_0.email,sa1_0.full_name,sa1_0.last_login,sa1_0.password,sa1_0.phone,sa1_0.role,s3_0.id,s3_0.brand,s3_0.address,s3_0.email,s3_0.phone,s3_0.created_at,s3_0.description,s3_0.status,s3_0.store_admin_id,s3_0.store_type,s3_0.updated_at,sa1_0.updated_at,sa1_0.verified,s1_0.store_type,s1_0.updated_at from stores s1_0 left join users sa1_0 on sa1_0.id=s1_0.store_admin_id left join branches b1_0 on b1_0.id=sa1_0.branch_id left join stores s3_0 on s3_0.id=sa1_0.store_id where s1_0.id=?
Hibernate: select s1_0.id,s1_0.brand,s1_0.address,s1_0.email,s1_0.phone,s1_0.created_at,s1_0.description,s1_0.status,sa1_0.id,b1_0.id,b1_0.address,b1_0.close_time,b1_0.created_at,b1_0.email,b1_0.manager_id,b1_0.name,b1_0.open_time,b1_0.phone,b1_0.store_id,b1_0.updated_at,sa1_0.created_at,sa1_0.email,sa1_0.full_name,sa1_0.last_login,sa1_0.password,sa1_0.phone,sa1_0.role,s3_0.id,s3_0.brand,s3_0.address,s3_0.email,s3_0.phone,s3_0.created_at,s3_0.description,s3_0.status,s3_0.store_admin_id,s3_0.store_type,s3_0.updated_at,sa1_0.updated_at,sa1_0.verified,s1_0.store_type,s1_0.updated_at from stores s1_0 left join users sa1_0 on sa1_0.id=s1_0.store_admin_id left join branches b1_0 on b1_0.id=sa1_0.branch_id left join stores s3_0 on s3_0.id=sa1_0.store_id where s1_0.id=?
2026-05-10T12:43:19.504+07:00 DEBUG 99967 --- [pos-system] [nio-8080-exec-3] org.hibernate.SQL                        : select u1_0.id,u1_0.branch_id,u1_0.created_at,u1_0.email,u1_0.full_name,u1_0.last_login,u1_0.password,u1_0.phone,u1_0.role,u1_0.store_id,u1_0.updated_at,u1_0.verified from users u1_0 where u1_0.email=?
Hibernate: select u1_0.id,u1_0.branch_id,u1_0.created_at,u1_0.email,u1_0.full_name,u1_0.last_login,u1_0.password,u1_0.phone,u1_0.role,u1_0.store_id,u1_0.updated_at,u1_0.verified from users u1_0 where u1_0.email=?
2026-05-10T12:43:19.506+07:00 DEBUG 99967 --- [pos-system] [nio-8080-exec-1] org.hibernate.SQL                        : select u1_0.id,u1_0.branch_id,u1_0.created_at,u1_0.email,u1_0.full_name,u1_0.last_login,u1_0.password,u1_0.phone,u1_0.role,u1_0.store_id,u1_0.updated_at,u1_0.verified from users u1_0 where u1_0.store_id=? and u1_0.role in (?,?,?)
Hibernate: select u1_0.id,u1_0.branch_id,u1_0.created_at,u1_0.email,u1_0.full_name,u1_0.last_login,u1_0.password,u1_0.phone,u1_0.role,u1_0.store_id,u1_0.updated_at,u1_0.verified from users u1_0 where u1_0.store_id=? and u1_0.role in (?,?,?)
2026-05-10T12:43:19.508+07:00 DEBUG 99967 --- [pos-system] [nio-8080-exec-1] org.hibernate.SQL                        : select b1_0.id,b1_0.address,b1_0.close_time,b1_0.created_at,b1_0.email,m1_0.id,b2_0.id,b2_0.address,b2_0.close_time,b2_0.created_at,b2_0.email,b2_0.manager_id,b2_0.name,b2_0.open_time,b2_0.phone,b2_0.store_id,b2_0.updated_at,m1_0.created_at,m1_0.email,m1_0.full_name,m1_0.last_login,m1_0.password,m1_0.phone,m1_0.role,s2_0.id,s2_0.brand,s2_0.address,s2_0.email,s2_0.phone,s2_0.created_at,s2_0.description,s2_0.status,s2_0.store_admin_id,s2_0.store_type,s2_0.updated_at,m1_0.updated_at,m1_0.verified,b1_0.name,b1_0.open_time,b1_0.phone,s3_0.id,s3_0.brand,s3_0.address,s3_0.email,s3_0.phone,s3_0.created_at,s3_0.description,s3_0.status,sa2_0.id,sa2_0.branch_id,sa2_0.created_at,sa2_0.email,sa2_0.full_name,sa2_0.last_login,sa2_0.password,sa2_0.phone,sa2_0.role,sa2_0.store_id,sa2_0.updated_at,sa2_0.verified,s3_0.store_type,s3_0.updated_at,b1_0.updated_at from branches b1_0 left join users m1_0 on m1_0.id=b1_0.manager_id left join branches b2_0 on b2_0.id=m1_0.branch_id left join stores s2_0 on s2_0.id=m1_0.store_id left join stores s3_0 on s3_0.id=b1_0.store_id left join users sa2_0 on sa2_0.id=s3_0.store_admin_id where b1_0.id=?
Hibernate: select b1_0.id,b1_0.address,b1_0.close_time,b1_0.created_at,b1_0.email,m1_0.id,b2_0.id,b2_0.address,b2_0.close_time,b2_0.created_at,b2_0.email,b2_0.manager_id,b2_0.name,b2_0.open_time,b2_0.phone,b2_0.store_id,b2_0.updated_at,m1_0.created_at,m1_0.email,m1_0.full_name,m1_0.last_login,m1_0.password,m1_0.phone,m1_0.role,s2_0.id,s2_0.brand,s2_0.address,s2_0.email,s2_0.phone,s2_0.created_at,s2_0.description,s2_0.status,s2_0.store_admin_id,s2_0.store_type,s2_0.updated_at,m1_0.updated_at,m1_0.verified,b1_0.name,b1_0.open_time,b1_0.phone,s3_0.id,s3_0.brand,s3_0.address,s3_0.email,s3_0.phone,s3_0.created_at,s3_0.description,s3_0.status,sa2_0.id,sa2_0.branch_id,sa2_0.created_at,sa2_0.email,sa2_0.full_name,sa2_0.last_login,sa2_0.password,sa2_0.phone,sa2_0.role,sa2_0.store_id,sa2_0.updated_at,sa2_0.verified,s3_0.store_type,s3_0.updated_at,b1_0.updated_at from branches b1_0 left join users m1_0 on m1_0.id=b1_0.manager_id left join branches b2_0 on b2_0.id=m1_0.branch_id left join stores s2_0 on s2_0.id=m1_0.store_id left join stores s3_0 on s3_0.id=b1_0.store_id left join users sa2_0 on sa2_0.id=s3_0.store_admin_id where b1_0.id=?
2026-05-10T12:43:19.508+07:00 DEBUG 99967 --- [pos-system] [nio-8080-exec-3] org.hibernate.SQL                        : select s1_0.id,s1_0.brand,s1_0.address,s1_0.email,s1_0.phone,s1_0.created_at,s1_0.description,s1_0.status,sa1_0.id,b1_0.id,b1_0.address,b1_0.close_time,b1_0.created_at,b1_0.email,b1_0.manager_id,b1_0.name,b1_0.open_time,b1_0.phone,b1_0.store_id,b1_0.updated_at,sa1_0.created_at,sa1_0.email,sa1_0.full_name,sa1_0.last_login,sa1_0.password,sa1_0.phone,sa1_0.role,s3_0.id,s3_0.brand,s3_0.address,s3_0.email,s3_0.phone,s3_0.created_at,s3_0.description,s3_0.status,s3_0.store_admin_id,s3_0.store_type,s3_0.updated_at,sa1_0.updated_at,sa1_0.verified,s1_0.store_type,s1_0.updated_at from stores s1_0 left join users sa1_0 on sa1_0.id=s1_0.store_admin_id left join branches b1_0 on b1_0.id=sa1_0.branch_id left join stores s3_0 on s3_0.id=sa1_0.store_id where s1_0.id=?
Hibernate: select s1_0.id,s1_0.brand,s1_0.address,s1_0.email,s1_0.phone,s1_0.created_at,s1_0.description,s1_0.status,sa1_0.id,b1_0.id,b1_0.address,b1_0.close_time,b1_0.created_at,b1_0.email,b1_0.manager_id,b1_0.name,b1_0.open_time,b1_0.phone,b1_0.store_id,b1_0.updated_at,sa1_0.created_at,sa1_0.email,sa1_0.full_name,sa1_0.last_login,sa1_0.password,sa1_0.phone,sa1_0.role,s3_0.id,s3_0.brand,s3_0.address,s3_0.email,s3_0.phone,s3_0.created_at,s3_0.description,s3_0.status,s3_0.store_admin_id,s3_0.store_type,s3_0.updated_at,sa1_0.updated_at,sa1_0.verified,s1_0.store_type,s1_0.updated_at from stores s1_0 left join users sa1_0 on sa1_0.id=s1_0.store_admin_id left join branches b1_0 on b1_0.id=sa1_0.branch_id left join stores s3_0 on s3_0.id=sa1_0.store_id where s1_0.id=?
2026-05-10T12:43:19.508+07:00 DEBUG 99967 --- [pos-system] [io-8080-exec-14] org.hibernate.SQL                        : select o1_0.id,o1_0.branch_id,o1_0.cashier_id,o1_0.created_at,o1_0.customer_id,o1_0.payment_type,o1_0.status,o1_0.total_amount from orders o1_0 left join branches b1_0 on b1_0.id=o1_0.branch_id where b1_0.id=?
Hibernate: select o1_0.id,o1_0.branch_id,o1_0.cashier_id,o1_0.created_at,o1_0.customer_id,o1_0.payment_type,o1_0.status,o1_0.total_amount from orders o1_0 left join branches b1_0 on b1_0.id=o1_0.branch_id where b1_0.id=?
2026-05-10T12:43:19.509+07:00 DEBUG 99967 --- [pos-system] [io-8080-exec-14] org.hibernate.SQL                        : select b1_0.id,b1_0.address,b1_0.close_time,b1_0.created_at,b1_0.email,m1_0.id,b2_0.id,b2_0.address,b2_0.close_time,b2_0.created_at,b2_0.email,b2_0.manager_id,b2_0.name,b2_0.open_time,b2_0.phone,b2_0.store_id,b2_0.updated_at,m1_0.created_at,m1_0.email,m1_0.full_name,m1_0.last_login,m1_0.password,m1_0.phone,m1_0.role,s2_0.id,s2_0.brand,s2_0.address,s2_0.email,s2_0.phone,s2_0.created_at,s2_0.description,s2_0.status,s2_0.store_admin_id,s2_0.store_type,s2_0.updated_at,m1_0.updated_at,m1_0.verified,b1_0.name,b1_0.open_time,b1_0.phone,s3_0.id,s3_0.brand,s3_0.address,s3_0.email,s3_0.phone,s3_0.created_at,s3_0.description,s3_0.status,sa2_0.id,sa2_0.branch_id,sa2_0.created_at,sa2_0.email,sa2_0.full_name,sa2_0.last_login,sa2_0.password,sa2_0.phone,sa2_0.role,sa2_0.store_id,sa2_0.updated_at,sa2_0.verified,s3_0.store_type,s3_0.updated_at,b1_0.updated_at from branches b1_0 left join users m1_0 on m1_0.id=b1_0.manager_id left join branches b2_0 on b2_0.id=m1_0.branch_id left join stores s2_0 on s2_0.id=m1_0.store_id left join stores s3_0 on s3_0.id=b1_0.store_id left join users sa2_0 on sa2_0.id=s3_0.store_admin_id where b1_0.id=?
Hibernate: select b1_0.id,b1_0.address,b1_0.close_time,b1_0.created_at,b1_0.email,m1_0.id,b2_0.id,b2_0.address,b2_0.close_time,b2_0.created_at,b2_0.email,b2_0.manager_id,b2_0.name,b2_0.open_time,b2_0.phone,b2_0.store_id,b2_0.updated_at,m1_0.created_at,m1_0.email,m1_0.full_name,m1_0.last_login,m1_0.password,m1_0.phone,m1_0.role,s2_0.id,s2_0.brand,s2_0.address,s2_0.email,s2_0.phone,s2_0.created_at,s2_0.description,s2_0.status,s2_0.store_admin_id,s2_0.store_type,s2_0.updated_at,m1_0.updated_at,m1_0.verified,b1_0.name,b1_0.open_time,b1_0.phone,s3_0.id,s3_0.brand,s3_0.address,s3_0.email,s3_0.phone,s3_0.created_at,s3_0.description,s3_0.status,sa2_0.id,sa2_0.branch_id,sa2_0.created_at,sa2_0.email,sa2_0.full_name,sa2_0.last_login,sa2_0.password,sa2_0.phone,sa2_0.role,sa2_0.store_id,sa2_0.updated_at,sa2_0.verified,s3_0.store_type,s3_0.updated_at,b1_0.updated_at from branches b1_0 left join users m1_0 on m1_0.id=b1_0.manager_id left join branches b2_0 on b2_0.id=m1_0.branch_id left join stores s2_0 on s2_0.id=m1_0.store_id left join stores s3_0 on s3_0.id=b1_0.store_id left join users sa2_0 on sa2_0.id=s3_0.store_admin_id where b1_0.id=?
2026-05-10T12:43:19.510+07:00 DEBUG 99967 --- [pos-system] [nio-8080-exec-3] org.hibernate.SQL                        : select s1_0.id,s1_0.brand,s1_0.address,s1_0.email,s1_0.phone,s1_0.created_at,s1_0.description,s1_0.status,s1_0.store_admin_id,s1_0.store_type,s1_0.updated_at from stores s1_0 left join users sa1_0 on sa1_0.id=s1_0.store_admin_id where sa1_0.id=?
Hibernate: select s1_0.id,s1_0.brand,s1_0.address,s1_0.email,s1_0.phone,s1_0.created_at,s1_0.description,s1_0.status,s1_0.store_admin_id,s1_0.store_type,s1_0.updated_at from stores s1_0 left join users sa1_0 on sa1_0.id=s1_0.store_admin_id where sa1_0.id=?
2026-05-10T12:43:19.510+07:00 DEBUG 99967 --- [pos-system] [io-8080-exec-14] org.hibernate.SQL                        : select u1_0.id,b1_0.id,b1_0.address,b1_0.close_time,b1_0.created_at,b1_0.email,m1_0.id,m1_0.branch_id,m1_0.created_at,m1_0.email,m1_0.full_name,m1_0.last_login,m1_0.password,m1_0.phone,m1_0.role,m1_0.store_id,m1_0.updated_at,m1_0.verified,b1_0.name,b1_0.open_time,b1_0.phone,s2_0.id,s2_0.brand,s2_0.address,s2_0.email,s2_0.phone,s2_0.created_at,s2_0.description,s2_0.status,s2_0.store_admin_id,s2_0.store_type,s2_0.updated_at,b1_0.updated_at,u1_0.created_at,u1_0.email,u1_0.full_name,u1_0.last_login,u1_0.password,u1_0.phone,u1_0.role,s3_0.id,s3_0.brand,s3_0.address,s3_0.email,s3_0.phone,s3_0.created_at,s3_0.description,s3_0.status,sa2_0.id,sa2_0.branch_id,sa2_0.created_at,sa2_0.email,sa2_0.full_name,sa2_0.last_login,sa2_0.password,sa2_0.phone,sa2_0.role,sa2_0.store_id,sa2_0.updated_at,sa2_0.verified,s3_0.store_type,s3_0.updated_at,u1_0.updated_at,u1_0.verified from users u1_0 left join branches b1_0 on b1_0.id=u1_0.branch_id left join users m1_0 on m1_0.id=b1_0.manager_id left join stores s2_0 on s2_0.id=b1_0.store_id left join stores s3_0 on s3_0.id=u1_0.store_id left join users sa2_0 on sa2_0.id=s3_0.store_admin_id where u1_0.id=?
Hibernate: select u1_0.id,b1_0.id,b1_0.address,b1_0.close_time,b1_0.created_at,b1_0.email,m1_0.id,m1_0.branch_id,m1_0.created_at,m1_0.email,m1_0.full_name,m1_0.last_login,m1_0.password,m1_0.phone,m1_0.role,m1_0.store_id,m1_0.updated_at,m1_0.verified,b1_0.name,b1_0.open_time,b1_0.phone,s2_0.id,s2_0.brand,s2_0.address,s2_0.email,s2_0.phone,s2_0.created_at,s2_0.description,s2_0.status,s2_0.store_admin_id,s2_0.store_type,s2_0.updated_at,b1_0.updated_at,u1_0.created_at,u1_0.email,u1_0.full_name,u1_0.last_login,u1_0.password,u1_0.phone,u1_0.role,s3_0.id,s3_0.brand,s3_0.address,s3_0.email,s3_0.phone,s3_0.created_at,s3_0.description,s3_0.status,sa2_0.id,sa2_0.branch_id,sa2_0.created_at,sa2_0.email,sa2_0.full_name,sa2_0.last_login,sa2_0.password,sa2_0.phone,sa2_0.role,sa2_0.store_id,sa2_0.updated_at,sa2_0.verified,s3_0.store_type,s3_0.updated_at,u1_0.updated_at,u1_0.verified from users u1_0 left join branches b1_0 on b1_0.id=u1_0.branch_id left join users m1_0 on m1_0.id=b1_0.manager_id left join stores s2_0 on s2_0.id=b1_0.store_id left join stores s3_0 on s3_0.id=u1_0.store_id left join users sa2_0 on sa2_0.id=s3_0.store_admin_id where u1_0.id=?
2026-05-10T12:43:19.510+07:00 DEBUG 99967 --- [pos-system] [nio-8080-exec-1] org.hibernate.SQL                        : select wd1_0.branch_id,wd1_0.working_days from branch_working_days wd1_0 where wd1_0.branch_id=?
Hibernate: select wd1_0.branch_id,wd1_0.working_days from branch_working_days wd1_0 where wd1_0.branch_id=?
2026-05-10T12:43:19.521+07:00 DEBUG 99967 --- [pos-system] [io-8080-exec-14] org.hibernate.SQL                        : select c1_0.id,c1_0.created_at,c1_0.email,c1_0.full_name,c1_0.phone,c1_0.updated_at from customer c1_0 where c1_0.id=?
Hibernate: select c1_0.id,c1_0.created_at,c1_0.email,c1_0.full_name,c1_0.phone,c1_0.updated_at from customer c1_0 where c1_0.id=?
2026-05-10T12:43:19.524+07:00 DEBUG 99967 --- [pos-system] [io-8080-exec-14] org.hibernate.SQL                        : select i1_0.order_id,i1_0.id,i1_0.price,p1_0.id,p1_0.brand,c1_0.id,c1_0.name,c1_0.store_id,p1_0.created_at,p1_0.description,p1_0.image,p1_0.mrp,p1_0.name,p1_0.selling_price,p1_0.sku,p1_0.store_id,s2_0.id,s2_0.brand,s2_0.address,s2_0.email,s2_0.phone,s2_0.created_at,s2_0.description,s2_0.status,s2_0.store_admin_id,s2_0.store_type,s2_0.updated_at,p1_0.updated_at,i1_0.quantity from order_items i1_0 left join products p1_0 on p1_0.id=i1_0.product_id left join categories c1_0 on c1_0.id=p1_0.category_id left join stores s2_0 on s2_0.id=p1_0.store_id where i1_0.order_id=?
Hibernate: select i1_0.order_id,i1_0.id,i1_0.price,p1_0.id,p1_0.brand,c1_0.id,c1_0.name,c1_0.store_id,p1_0.created_at,p1_0.description,p1_0.image,p1_0.mrp,p1_0.name,p1_0.selling_price,p1_0.sku,p1_0.store_id,s2_0.id,s2_0.brand,s2_0.address,s2_0.email,s2_0.phone,s2_0.created_at,s2_0.description,s2_0.status,s2_0.store_admin_id,s2_0.store_type,s2_0.updated_at,p1_0.updated_at,i1_0.quantity from order_items i1_0 left join products p1_0 on p1_0.id=i1_0.product_id left join categories c1_0 on c1_0.id=p1_0.category_id left join stores s2_0 on s2_0.id=p1_0.store_id where i1_0.order_id=?
2026-05-10T12:43:19.525+07:00 DEBUG 99967 --- [pos-system] [nio-8080-exec-6] org.hibernate.SQL                        : select u1_0.id,u1_0.branch_id,u1_0.created_at,u1_0.email,u1_0.full_name,u1_0.last_login,u1_0.password,u1_0.phone,u1_0.role,u1_0.store_id,u1_0.updated_at,u1_0.verified from users u1_0 where u1_0.email=?
Hibernate: select u1_0.id,u1_0.branch_id,u1_0.created_at,u1_0.email,u1_0.full_name,u1_0.last_login,u1_0.password,u1_0.phone,u1_0.role,u1_0.store_id,u1_0.updated_at,u1_0.verified from users u1_0 where u1_0.email=?
2026-05-10T12:43:19.527+07:00 DEBUG 99967 --- [pos-system] [nio-8080-exec-6] org.hibernate.SQL                        : select s1_0.id,s1_0.brand,s1_0.address,s1_0.email,s1_0.phone,s1_0.created_at,s1_0.description,s1_0.status,sa1_0.id,b1_0.id,b1_0.address,b1_0.close_time,b1_0.created_at,b1_0.email,b1_0.manager_id,b1_0.name,b1_0.open_time,b1_0.phone,b1_0.store_id,b1_0.updated_at,sa1_0.created_at,sa1_0.email,sa1_0.full_name,sa1_0.last_login,sa1_0.password,sa1_0.phone,sa1_0.role,s3_0.id,s3_0.brand,s3_0.address,s3_0.email,s3_0.phone,s3_0.created_at,s3_0.description,s3_0.status,s3_0.store_admin_id,s3_0.store_type,s3_0.updated_at,sa1_0.updated_at,sa1_0.verified,s1_0.store_type,s1_0.updated_at from stores s1_0 left join users sa1_0 on sa1_0.id=s1_0.store_admin_id left join branches b1_0 on b1_0.id=sa1_0.branch_id left join stores s3_0 on s3_0.id=sa1_0.store_id where s1_0.id=?
Hibernate: select s1_0.id,s1_0.brand,s1_0.address,s1_0.email,s1_0.phone,s1_0.created_at,s1_0.description,s1_0.status,sa1_0.id,b1_0.id,b1_0.address,b1_0.close_time,b1_0.created_at,b1_0.email,b1_0.manager_id,b1_0.name,b1_0.open_time,b1_0.phone,b1_0.store_id,b1_0.updated_at,sa1_0.created_at,sa1_0.email,sa1_0.full_name,sa1_0.last_login,sa1_0.password,sa1_0.phone,sa1_0.role,s3_0.id,s3_0.brand,s3_0.address,s3_0.email,s3_0.phone,s3_0.created_at,s3_0.description,s3_0.status,s3_0.store_admin_id,s3_0.store_type,s3_0.updated_at,sa1_0.updated_at,sa1_0.verified,s1_0.store_type,s1_0.updated_at from stores s1_0 left join users sa1_0 on sa1_0.id=s1_0.store_admin_id left join branches b1_0 on b1_0.id=sa1_0.branch_id left join stores s3_0 on s3_0.id=sa1_0.store_id where s1_0.id=?
2026-05-10T12:43:19.531+07:00 DEBUG 99967 --- [pos-system] [nio-8080-exec-6] org.hibernate.SQL                        : select s1_0.id,s1_0.brand,s1_0.address,s1_0.email,s1_0.phone,s1_0.created_at,s1_0.description,s1_0.status,s1_0.store_admin_id,s1_0.store_type,s1_0.updated_at from stores s1_0 left join users sa1_0 on sa1_0.id=s1_0.store_admin_id where sa1_0.id=?
Hibernate: select s1_0.id,s1_0.brand,s1_0.address,s1_0.email,s1_0.phone,s1_0.created_at,s1_0.description,s1_0.status,s1_0.store_admin_id,s1_0.store_type,s1_0.updated_at from stores s1_0 left join users sa1_0 on sa1_0.id=s1_0.store_admin_id where sa1_0.id=?
2026-05-10T12:43:19.544+07:00 DEBUG 99967 --- [pos-system] [nio-8080-exec-7] org.hibernate.SQL                        : select u1_0.id,u1_0.branch_id,u1_0.created_at,u1_0.email,u1_0.full_name,u1_0.last_login,u1_0.password,u1_0.phone,u1_0.role,u1_0.store_id,u1_0.updated_at,u1_0.verified from users u1_0 where u1_0.email=?
Hibernate: select u1_0.id,u1_0.branch_id,u1_0.created_at,u1_0.email,u1_0.full_name,u1_0.last_login,u1_0.password,u1_0.phone,u1_0.role,u1_0.store_id,u1_0.updated_at,u1_0.verified from users u1_0 where u1_0.email=?
2026-05-10T12:43:19.546+07:00 DEBUG 99967 --- [pos-system] [nio-8080-exec-7] org.hibernate.SQL                        : select s1_0.id,s1_0.brand,s1_0.address,s1_0.email,s1_0.phone,s1_0.created_at,s1_0.description,s1_0.status,sa1_0.id,b1_0.id,b1_0.address,b1_0.close_time,b1_0.created_at,b1_0.email,b1_0.manager_id,b1_0.name,b1_0.open_time,b1_0.phone,b1_0.store_id,b1_0.updated_at,sa1_0.created_at,sa1_0.email,sa1_0.full_name,sa1_0.last_login,sa1_0.password,sa1_0.phone,sa1_0.role,s3_0.id,s3_0.brand,s3_0.address,s3_0.email,s3_0.phone,s3_0.created_at,s3_0.description,s3_0.status,s3_0.store_admin_id,s3_0.store_type,s3_0.updated_at,sa1_0.updated_at,sa1_0.verified,s1_0.store_type,s1_0.updated_at from stores s1_0 left join users sa1_0 on sa1_0.id=s1_0.store_admin_id left join branches b1_0 on b1_0.id=sa1_0.branch_id left join stores s3_0 on s3_0.id=sa1_0.store_id where s1_0.id=?
Hibernate: select s1_0.id,s1_0.brand,s1_0.address,s1_0.email,s1_0.phone,s1_0.created_at,s1_0.description,s1_0.status,sa1_0.id,b1_0.id,b1_0.address,b1_0.close_time,b1_0.created_at,b1_0.email,b1_0.manager_id,b1_0.name,b1_0.open_time,b1_0.phone,b1_0.store_id,b1_0.updated_at,sa1_0.created_at,sa1_0.email,sa1_0.full_name,sa1_0.last_login,sa1_0.password,sa1_0.phone,sa1_0.role,s3_0.id,s3_0.brand,s3_0.address,s3_0.email,s3_0.phone,s3_0.created_at,s3_0.description,s3_0.status,s3_0.store_admin_id,s3_0.store_type,s3_0.updated_at,sa1_0.updated_at,sa1_0.verified,s1_0.store_type,s1_0.updated_at from stores s1_0 left join users sa1_0 on sa1_0.id=s1_0.store_admin_id left join branches b1_0 on b1_0.id=sa1_0.branch_id left join stores s3_0 on s3_0.id=sa1_0.store_id where s1_0.id=?
2026-05-10T12:43:19.550+07:00 DEBUG 99967 --- [pos-system] [nio-8080-exec-7] org.hibernate.SQL                        : select s1_0.id,s1_0.brand,s1_0.address,s1_0.email,s1_0.phone,s1_0.created_at,s1_0.description,s1_0.status,s1_0.store_admin_id,s1_0.store_type,s1_0.updated_at from stores s1_0 left join users sa1_0 on sa1_0.id=s1_0.store_admin_id where sa1_0.id=?
Hibernate: select s1_0.id,s1_0.brand,s1_0.address,s1_0.email,s1_0.phone,s1_0.created_at,s1_0.description,s1_0.status,s1_0.store_admin_id,s1_0.store_type,s1_0.updated_at from stores s1_0 left join users sa1_0 on sa1_0.id=s1_0.store_admin_id where sa1_0.id=?
2026-05-10T12:43:19.555+07:00 DEBUG 99967 --- [pos-system] [nio-8080-exec-5] org.hibernate.SQL                        : select u1_0.id,u1_0.branch_id,u1_0.created_at,u1_0.email,u1_0.full_name,u1_0.last_login,u1_0.password,u1_0.phone,u1_0.role,u1_0.store_id,u1_0.updated_at,u1_0.verified from users u1_0 where u1_0.email=?
Hibernate: select u1_0.id,u1_0.branch_id,u1_0.created_at,u1_0.email,u1_0.full_name,u1_0.last_login,u1_0.password,u1_0.phone,u1_0.role,u1_0.store_id,u1_0.updated_at,u1_0.verified from users u1_0 where u1_0.email=?
2026-05-10T12:43:19.558+07:00 DEBUG 99967 --- [pos-system] [nio-8080-exec-5] org.hibernate.SQL                        : select s1_0.id,s1_0.brand,s1_0.address,s1_0.email,s1_0.phone,s1_0.created_at,s1_0.description,s1_0.status,sa1_0.id,b1_0.id,b1_0.address,b1_0.close_time,b1_0.created_at,b1_0.email,b1_0.manager_id,b1_0.name,b1_0.open_time,b1_0.phone,b1_0.store_id,b1_0.updated_at,sa1_0.created_at,sa1_0.email,sa1_0.full_name,sa1_0.last_login,sa1_0.password,sa1_0.phone,sa1_0.role,s3_0.id,s3_0.brand,s3_0.address,s3_0.email,s3_0.phone,s3_0.created_at,s3_0.description,s3_0.status,s3_0.store_admin_id,s3_0.store_type,s3_0.updated_at,sa1_0.updated_at,sa1_0.verified,s1_0.store_type,s1_0.updated_at from stores s1_0 left join users sa1_0 on sa1_0.id=s1_0.store_admin_id left join branches b1_0 on b1_0.id=sa1_0.branch_id left join stores s3_0 on s3_0.id=sa1_0.store_id where s1_0.id=?
Hibernate: select s1_0.id,s1_0.brand,s1_0.address,s1_0.email,s1_0.phone,s1_0.created_at,s1_0.description,s1_0.status,sa1_0.id,b1_0.id,b1_0.address,b1_0.close_time,b1_0.created_at,b1_0.email,b1_0.manager_id,b1_0.name,b1_0.open_time,b1_0.phone,b1_0.store_id,b1_0.updated_at,sa1_0.created_at,sa1_0.email,sa1_0.full_name,sa1_0.last_login,sa1_0.password,sa1_0.phone,sa1_0.role,s3_0.id,s3_0.brand,s3_0.address,s3_0.email,s3_0.phone,s3_0.created_at,s3_0.description,s3_0.status,s3_0.store_admin_id,s3_0.store_type,s3_0.updated_at,sa1_0.updated_at,sa1_0.verified,s1_0.store_type,s1_0.updated_at from stores s1_0 left join users sa1_0 on sa1_0.id=s1_0.store_admin_id left join branches b1_0 on b1_0.id=sa1_0.branch_id left join stores s3_0 on s3_0.id=sa1_0.store_id where s1_0.id=?
2026-05-10T12:43:19.561+07:00 DEBUG 99967 --- [pos-system] [nio-8080-exec-5] org.hibernate.SQL                        : select s1_0.id,s1_0.brand,s1_0.address,s1_0.email,s1_0.phone,s1_0.created_at,s1_0.description,s1_0.status,s1_0.store_admin_id,s1_0.store_type,s1_0.updated_at from stores s1_0 left join users sa1_0 on sa1_0.id=s1_0.store_admin_id where sa1_0.id=?
Hibernate: select s1_0.id,s1_0.brand,s1_0.address,s1_0.email,s1_0.phone,s1_0.created_at,s1_0.description,s1_0.status,s1_0.store_admin_id,s1_0.store_type,s1_0.updated_at from stores s1_0 left join users sa1_0 on sa1_0.id=s1_0.store_admin_id where sa1_0.id=?
2026-05-10T12:43:19.565+07:00 DEBUG 99967 --- [pos-system] [io-8080-exec-12] org.hibernate.SQL                        : select u1_0.id,u1_0.branch_id,u1_0.created_at,u1_0.email,u1_0.full_name,u1_0.last_login,u1_0.password,u1_0.phone,u1_0.role,u1_0.store_id,u1_0.updated_at,u1_0.verified from users u1_0 where u1_0.email=?
Hibernate: select u1_0.id,u1_0.branch_id,u1_0.created_at,u1_0.email,u1_0.full_name,u1_0.last_login,u1_0.password,u1_0.phone,u1_0.role,u1_0.store_id,u1_0.updated_at,u1_0.verified from users u1_0 where u1_0.email=?
2026-05-10T12:43:19.567+07:00 DEBUG 99967 --- [pos-system] [io-8080-exec-12] org.hibernate.SQL                        : select s1_0.id,s1_0.brand,s1_0.address,s1_0.email,s1_0.phone,s1_0.created_at,s1_0.description,s1_0.status,sa1_0.id,b1_0.id,b1_0.address,b1_0.close_time,b1_0.created_at,b1_0.email,b1_0.manager_id,b1_0.name,b1_0.open_time,b1_0.phone,b1_0.store_id,b1_0.updated_at,sa1_0.created_at,sa1_0.email,sa1_0.full_name,sa1_0.last_login,sa1_0.password,sa1_0.phone,sa1_0.role,s3_0.id,s3_0.brand,s3_0.address,s3_0.email,s3_0.phone,s3_0.created_at,s3_0.description,s3_0.status,s3_0.store_admin_id,s3_0.store_type,s3_0.updated_at,sa1_0.updated_at,sa1_0.verified,s1_0.store_type,s1_0.updated_at from stores s1_0 left join users sa1_0 on sa1_0.id=s1_0.store_admin_id left join branches b1_0 on b1_0.id=sa1_0.branch_id left join stores s3_0 on s3_0.id=sa1_0.store_id where s1_0.id=?
Hibernate: select s1_0.id,s1_0.brand,s1_0.address,s1_0.email,s1_0.phone,s1_0.created_at,s1_0.description,s1_0.status,sa1_0.id,b1_0.id,b1_0.address,b1_0.close_time,b1_0.created_at,b1_0.email,b1_0.manager_id,b1_0.name,b1_0.open_time,b1_0.phone,b1_0.store_id,b1_0.updated_at,sa1_0.created_at,sa1_0.email,sa1_0.full_name,sa1_0.last_login,sa1_0.password,sa1_0.phone,sa1_0.role,s3_0.id,s3_0.brand,s3_0.address,s3_0.email,s3_0.phone,s3_0.created_at,s3_0.description,s3_0.status,s3_0.store_admin_id,s3_0.store_type,s3_0.updated_at,sa1_0.updated_at,sa1_0.verified,s1_0.store_type,s1_0.updated_at from stores s1_0 left join users sa1_0 on sa1_0.id=s1_0.store_admin_id left join branches b1_0 on b1_0.id=sa1_0.branch_id left join stores s3_0 on s3_0.id=sa1_0.store_id where s1_0.id=?
2026-05-10T12:43:19.571+07:00 DEBUG 99967 --- [pos-system] [io-8080-exec-12] org.hibernate.SQL                        : select s1_0.id,s1_0.brand,s1_0.address,s1_0.email,s1_0.phone,s1_0.created_at,s1_0.description,s1_0.status,s1_0.store_admin_id,s1_0.store_type,s1_0.updated_at from stores s1_0 left join users sa1_0 on sa1_0.id=s1_0.store_admin_id where sa1_0.id=?
Hibernate: select s1_0.id,s1_0.brand,s1_0.address,s1_0.email,s1_0.phone,s1_0.created_at,s1_0.description,s1_0.status,s1_0.store_admin_id,s1_0.store_type,s1_0.updated_at from stores s1_0 left join users sa1_0 on sa1_0.id=s1_0.store_admin_id where sa1_0.id=?
2026-05-10T12:43:19.578+07:00 DEBUG 99967 --- [pos-system] [nio-8080-exec-2] org.hibernate.SQL                        : select u1_0.id,u1_0.branch_id,u1_0.created_at,u1_0.email,u1_0.full_name,u1_0.last_login,u1_0.password,u1_0.phone,u1_0.role,u1_0.store_id,u1_0.updated_at,u1_0.verified from users u1_0 where u1_0.email=?
Hibernate: select u1_0.id,u1_0.branch_id,u1_0.created_at,u1_0.email,u1_0.full_name,u1_0.last_login,u1_0.password,u1_0.phone,u1_0.role,u1_0.store_id,u1_0.updated_at,u1_0.verified from users u1_0 where u1_0.email=?
2026-05-10T12:43:19.580+07:00 DEBUG 99967 --- [pos-system] [nio-8080-exec-2] org.hibernate.SQL                        : select s1_0.id,s1_0.brand,s1_0.address,s1_0.email,s1_0.phone,s1_0.created_at,s1_0.description,s1_0.status,sa1_0.id,b1_0.id,b1_0.address,b1_0.close_time,b1_0.created_at,b1_0.email,b1_0.manager_id,b1_0.name,b1_0.open_time,b1_0.phone,b1_0.store_id,b1_0.updated_at,sa1_0.created_at,sa1_0.email,sa1_0.full_name,sa1_0.last_login,sa1_0.password,sa1_0.phone,sa1_0.role,s3_0.id,s3_0.brand,s3_0.address,s3_0.email,s3_0.phone,s3_0.created_at,s3_0.description,s3_0.status,s3_0.store_admin_id,s3_0.store_type,s3_0.updated_at,sa1_0.updated_at,sa1_0.verified,s1_0.store_type,s1_0.updated_at from stores s1_0 left join users sa1_0 on sa1_0.id=s1_0.store_admin_id left join branches b1_0 on b1_0.id=sa1_0.branch_id left join stores s3_0 on s3_0.id=sa1_0.store_id where s1_0.id=?
Hibernate: select s1_0.id,s1_0.brand,s1_0.address,s1_0.email,s1_0.phone,s1_0.created_at,s1_0.description,s1_0.status,sa1_0.id,b1_0.id,b1_0.address,b1_0.close_time,b1_0.created_at,b1_0.email,b1_0.manager_id,b1_0.name,b1_0.open_time,b1_0.phone,b1_0.store_id,b1_0.updated_at,sa1_0.created_at,sa1_0.email,sa1_0.full_name,sa1_0.last_login,sa1_0.password,sa1_0.phone,sa1_0.role,s3_0.id,s3_0.brand,s3_0.address,s3_0.email,s3_0.phone,s3_0.created_at,s3_0.description,s3_0.status,s3_0.store_admin_id,s3_0.store_type,s3_0.updated_at,sa1_0.updated_at,sa1_0.verified,s1_0.store_type,s1_0.updated_at from stores s1_0 left join users sa1_0 on sa1_0.id=s1_0.store_admin_id left join branches b1_0 on b1_0.id=sa1_0.branch_id left join stores s3_0 on s3_0.id=sa1_0.store_id where s1_0.id=?
2026-05-10T12:43:19.582+07:00 DEBUG 99967 --- [pos-system] [nio-8080-exec-2] org.hibernate.SQL                        : select s1_0.id,s1_0.brand,s1_0.address,s1_0.email,s1_0.phone,s1_0.created_at,s1_0.description,s1_0.status,s1_0.store_admin_id,s1_0.store_type,s1_0.updated_at from stores s1_0 left join users sa1_0 on sa1_0.id=s1_0.store_admin_id where sa1_0.id=?
Hibernate: select s1_0.id,s1_0.brand,s1_0.address,s1_0.email,s1_0.phone,s1_0.created_at,s1_0.description,s1_0.status,s1_0.store_admin_id,s1_0.store_type,s1_0.updated_at from stores s1_0 left join users sa1_0 on sa1_0.id=s1_0.store_admin_id where sa1_0.id=?
2026-05-10T12:43:19.587+07:00 DEBUG 99967 --- [pos-system] [io-8080-exec-13] org.hibernate.SQL                        : select u1_0.id,u1_0.branch_id,u1_0.created_at,u1_0.email,u1_0.full_name,u1_0.last_login,u1_0.password,u1_0.phone,u1_0.role,u1_0.store_id,u1_0.updated_at,u1_0.verified from users u1_0 where u1_0.email=?
Hibernate: select u1_0.id,u1_0.branch_id,u1_0.created_at,u1_0.email,u1_0.full_name,u1_0.last_login,u1_0.password,u1_0.phone,u1_0.role,u1_0.store_id,u1_0.updated_at,u1_0.verified from users u1_0 where u1_0.email=?
2026-05-10T12:43:19.588+07:00 DEBUG 99967 --- [pos-system] [io-8080-exec-13] org.hibernate.SQL                        : select s1_0.id,s1_0.brand,s1_0.address,s1_0.email,s1_0.phone,s1_0.created_at,s1_0.description,s1_0.status,sa1_0.id,b1_0.id,b1_0.address,b1_0.close_time,b1_0.created_at,b1_0.email,b1_0.manager_id,b1_0.name,b1_0.open_time,b1_0.phone,b1_0.store_id,b1_0.updated_at,sa1_0.created_at,sa1_0.email,sa1_0.full_name,sa1_0.last_login,sa1_0.password,sa1_0.phone,sa1_0.role,s3_0.id,s3_0.brand,s3_0.address,s3_0.email,s3_0.phone,s3_0.created_at,s3_0.description,s3_0.status,s3_0.store_admin_id,s3_0.store_type,s3_0.updated_at,sa1_0.updated_at,sa1_0.verified,s1_0.store_type,s1_0.updated_at from stores s1_0 left join users sa1_0 on sa1_0.id=s1_0.store_admin_id left join branches b1_0 on b1_0.id=sa1_0.branch_id left join stores s3_0 on s3_0.id=sa1_0.store_id where s1_0.id=?
Hibernate: select s1_0.id,s1_0.brand,s1_0.address,s1_0.email,s1_0.phone,s1_0.created_at,s1_0.description,s1_0.status,sa1_0.id,b1_0.id,b1_0.address,b1_0.close_time,b1_0.created_at,b1_0.email,b1_0.manager_id,b1_0.name,b1_0.open_time,b1_0.phone,b1_0.store_id,b1_0.updated_at,sa1_0.created_at,sa1_0.email,sa1_0.full_name,sa1_0.last_login,sa1_0.password,sa1_0.phone,sa1_0.role,s3_0.id,s3_0.brand,s3_0.address,s3_0.email,s3_0.phone,s3_0.created_at,s3_0.description,s3_0.status,s3_0.store_admin_id,s3_0.store_type,s3_0.updated_at,sa1_0.updated_at,sa1_0.verified,s1_0.store_type,s1_0.updated_at from stores s1_0 left join users sa1_0 on sa1_0.id=s1_0.store_admin_id left join branches b1_0 on b1_0.id=sa1_0.branch_id left join stores s3_0 on s3_0.id=sa1_0.store_id where s1_0.id=?
2026-05-10T12:43:19.591+07:00 DEBUG 99967 --- [pos-system] [io-8080-exec-13] org.hibernate.SQL                        : select s1_0.id,s1_0.brand,s1_0.address,s1_0.email,s1_0.phone,s1_0.created_at,s1_0.description,s1_0.status,s1_0.store_admin_id,s1_0.store_type,s1_0.updated_at from stores s1_0 left join users sa1_0 on sa1_0.id=s1_0.store_admin_id where sa1_0.id=?
Hibernate: select s1_0.id,s1_0.brand,s1_0.address,s1_0.email,s1_0.phone,s1_0.created_at,s1_0.description,s1_0.status,s1_0.store_admin_id,s1_0.store_type,s1_0.updated_at from stores s1_0 left join users sa1_0 on sa1_0.id=s1_0.store_admin_id where sa1_0.id=?
2026-05-10T12:43:19.596+07:00 DEBUG 99967 --- [pos-system] [io-8080-exec-11] org.hibernate.SQL                        : select u1_0.id,u1_0.branch_id,u1_0.created_at,u1_0.email,u1_0.full_name,u1_0.last_login,u1_0.password,u1_0.phone,u1_0.role,u1_0.store_id,u1_0.updated_at,u1_0.verified from users u1_0 where u1_0.email=?
Hibernate: select u1_0.id,u1_0.branch_id,u1_0.created_at,u1_0.email,u1_0.full_name,u1_0.last_login,u1_0.password,u1_0.phone,u1_0.role,u1_0.store_id,u1_0.updated_at,u1_0.verified from users u1_0 where u1_0.email=?
2026-05-10T12:43:19.597+07:00 DEBUG 99967 --- [pos-system] [io-8080-exec-11] org.hibernate.SQL                        : select s1_0.id,s1_0.brand,s1_0.address,s1_0.email,s1_0.phone,s1_0.created_at,s1_0.description,s1_0.status,sa1_0.id,b1_0.id,b1_0.address,b1_0.close_time,b1_0.created_at,b1_0.email,b1_0.manager_id,b1_0.name,b1_0.open_time,b1_0.phone,b1_0.store_id,b1_0.updated_at,sa1_0.created_at,sa1_0.email,sa1_0.full_name,sa1_0.last_login,sa1_0.password,sa1_0.phone,sa1_0.role,s3_0.id,s3_0.brand,s3_0.address,s3_0.email,s3_0.phone,s3_0.created_at,s3_0.description,s3_0.status,s3_0.store_admin_id,s3_0.store_type,s3_0.updated_at,sa1_0.updated_at,sa1_0.verified,s1_0.store_type,s1_0.updated_at from stores s1_0 left join users sa1_0 on sa1_0.id=s1_0.store_admin_id left join branches b1_0 on b1_0.id=sa1_0.branch_id left join stores s3_0 on s3_0.id=sa1_0.store_id where s1_0.id=?
Hibernate: select s1_0.id,s1_0.brand,s1_0.address,s1_0.email,s1_0.phone,s1_0.created_at,s1_0.description,s1_0.status,sa1_0.id,b1_0.id,b1_0.address,b1_0.close_time,b1_0.created_at,b1_0.email,b1_0.manager_id,b1_0.name,b1_0.open_time,b1_0.phone,b1_0.store_id,b1_0.updated_at,sa1_0.created_at,sa1_0.email,sa1_0.full_name,sa1_0.last_login,sa1_0.password,sa1_0.phone,sa1_0.role,s3_0.id,s3_0.brand,s3_0.address,s3_0.email,s3_0.phone,s3_0.created_at,s3_0.description,s3_0.status,s3_0.store_admin_id,s3_0.store_type,s3_0.updated_at,sa1_0.updated_at,sa1_0.verified,s1_0.store_type,s1_0.updated_at from stores s1_0 left join users sa1_0 on sa1_0.id=s1_0.store_admin_id left join branches b1_0 on b1_0.id=sa1_0.branch_id left join stores s3_0 on s3_0.id=sa1_0.store_id where s1_0.id=?
2026-05-10T12:43:19.599+07:00 DEBUG 99967 --- [pos-system] [io-8080-exec-11] org.hibernate.SQL                        : select s1_0.id,s1_0.brand,s1_0.address,s1_0.email,s1_0.phone,s1_0.created_at,s1_0.description,s1_0.status,s1_0.store_admin_id,s1_0.store_type,s1_0.updated_at from stores s1_0 left join users sa1_0 on sa1_0.id=s1_0.store_admin_id where sa1_0.id=?
Hibernate: select s1_0.id,s1_0.brand,s1_0.address,s1_0.email,s1_0.phone,s1_0.created_at,s1_0.description,s1_0.status,s1_0.store_admin_id,s1_0.store_type,s1_0.updated_at from stores s1_0 left join users sa1_0 on sa1_0.id=s1_0.store_admin_id where sa1_0.id=?
2026-05-10T12:45:39.523+07:00  WARN 99967 --- [pos-system] [l-4:housekeeper] com.zaxxer.hikari.pool.HikariPool        : HikariPool-4 - Thread starvation or clock leap detected (housekeeper delta=2m36s552ms).
2026-05-10T12:59:19.329+07:00  WARN 99967 --- [pos-system] [l-4:housekeeper] com.zaxxer.hikari.pool.HikariPool        : HikariPool-4 - Thread starvation or clock leap detected (housekeeper delta=13m9s794ms).
2026-05-10T13:23:42.819+07:00  WARN 99967 --- [pos-system] [l-4:housekeeper] com.zaxxer.hikari.pool.HikariPool        : HikariPool-4 - Thread starvation or clock leap detected (housekeeper delta=23m19s799ms).
2026-05-10T14:32:32.676+07:00  WARN 99967 --- [pos-system] [l-4:housekeeper] com.zaxxer.hikari.pool.HikariPool        : HikariPool-4 - Thread starvation or clock leap detected (housekeeper delta=1h8m19s839ms).
2026-05-10T14:37:09.633+07:00  WARN 99967 --- [pos-system] [l-4:housekeeper] com.zaxxer.hikari.pool.HikariPool        : HikariPool-4 - Thread starvation or clock leap detected (housekeeper delta=4m6s943ms).
2026-05-10T14:38:01.925+07:00 DEBUG 99967 --- [pos-system] [io-8080-exec-13] org.hibernate.SQL                        : select u1_0.id,u1_0.branch_id,u1_0.created_at,u1_0.email,u1_0.full_name,u1_0.last_login,u1_0.password,u1_0.phone,u1_0.role,u1_0.store_id,u1_0.updated_at,u1_0.verified from users u1_0 where u1_0.email=?
Hibernate: select u1_0.id,u1_0.branch_id,u1_0.created_at,u1_0.email,u1_0.full_name,u1_0.last_login,u1_0.password,u1_0.phone,u1_0.role,u1_0.store_id,u1_0.updated_at,u1_0.verified from users u1_0 where u1_0.email=?
2026-05-10T14:38:01.991+07:00 DEBUG 99967 --- [pos-system] [io-8080-exec-13] org.hibernate.SQL                        : select s1_0.id,s1_0.brand,s1_0.address,s1_0.email,s1_0.phone,s1_0.created_at,s1_0.description,s1_0.status,sa1_0.id,b1_0.id,b1_0.address,b1_0.close_time,b1_0.created_at,b1_0.email,b1_0.manager_id,b1_0.name,b1_0.open_time,b1_0.phone,b1_0.store_id,b1_0.updated_at,sa1_0.created_at,sa1_0.email,sa1_0.full_name,sa1_0.last_login,sa1_0.password,sa1_0.phone,sa1_0.role,s3_0.id,s3_0.brand,s3_0.address,s3_0.email,s3_0.phone,s3_0.created_at,s3_0.description,s3_0.status,s3_0.store_admin_id,s3_0.store_type,s3_0.updated_at,sa1_0.updated_at,sa1_0.verified,s1_0.store_type,s1_0.updated_at from stores s1_0 left join users sa1_0 on sa1_0.id=s1_0.store_admin_id left join branches b1_0 on b1_0.id=sa1_0.branch_id left join stores s3_0 on s3_0.id=sa1_0.store_id where s1_0.id=?
Hibernate: select s1_0.id,s1_0.brand,s1_0.address,s1_0.email,s1_0.phone,s1_0.created_at,s1_0.description,s1_0.status,sa1_0.id,b1_0.id,b1_0.address,b1_0.close_time,b1_0.created_at,b1_0.email,b1_0.manager_id,b1_0.name,b1_0.open_time,b1_0.phone,b1_0.store_id,b1_0.updated_at,sa1_0.created_at,sa1_0.email,sa1_0.full_name,sa1_0.last_login,sa1_0.password,sa1_0.phone,sa1_0.role,s3_0.id,s3_0.brand,s3_0.address,s3_0.email,s3_0.phone,s3_0.created_at,s3_0.description,s3_0.status,s3_0.store_admin_id,s3_0.store_type,s3_0.updated_at,sa1_0.updated_at,sa1_0.verified,s1_0.store_type,s1_0.updated_at from stores s1_0 left join users sa1_0 on sa1_0.id=s1_0.store_admin_id left join branches b1_0 on b1_0.id=sa1_0.branch_id left join stores s3_0 on s3_0.id=sa1_0.store_id where s1_0.id=?
2026-05-10T14:38:02.017+07:00 DEBUG 99967 --- [pos-system] [io-8080-exec-11] org.hibernate.SQL                        : select u1_0.id,u1_0.branch_id,u1_0.created_at,u1_0.email,u1_0.full_name,u1_0.last_login,u1_0.password,u1_0.phone,u1_0.role,u1_0.store_id,u1_0.updated_at,u1_0.verified from users u1_0 where u1_0.email=?
Hibernate: select u1_0.id,u1_0.branch_id,u1_0.created_at,u1_0.email,u1_0.full_name,u1_0.last_login,u1_0.password,u1_0.phone,u1_0.role,u1_0.store_id,u1_0.updated_at,u1_0.verified from users u1_0 where u1_0.email=?
2026-05-10T14:38:02.018+07:00 DEBUG 99967 --- [pos-system] [io-8080-exec-11] org.hibernate.SQL                        : select s1_0.id,s1_0.brand,s1_0.address,s1_0.email,s1_0.phone,s1_0.created_at,s1_0.description,s1_0.status,sa1_0.id,b1_0.id,b1_0.address,b1_0.close_time,b1_0.created_at,b1_0.email,b1_0.manager_id,b1_0.name,b1_0.open_time,b1_0.phone,b1_0.store_id,b1_0.updated_at,sa1_0.created_at,sa1_0.email,sa1_0.full_name,sa1_0.last_login,sa1_0.password,sa1_0.phone,sa1_0.role,s3_0.id,s3_0.brand,s3_0.address,s3_0.email,s3_0.phone,s3_0.created_at,s3_0.description,s3_0.status,s3_0.store_admin_id,s3_0.store_type,s3_0.updated_at,sa1_0.updated_at,sa1_0.verified,s1_0.store_type,s1_0.updated_at from stores s1_0 left join users sa1_0 on sa1_0.id=s1_0.store_admin_id left join branches b1_0 on b1_0.id=sa1_0.branch_id left join stores s3_0 on s3_0.id=sa1_0.store_id where s1_0.id=?
Hibernate: select s1_0.id,s1_0.brand,s1_0.address,s1_0.email,s1_0.phone,s1_0.created_at,s1_0.description,s1_0.status,sa1_0.id,b1_0.id,b1_0.address,b1_0.close_time,b1_0.created_at,b1_0.email,b1_0.manager_id,b1_0.name,b1_0.open_time,b1_0.phone,b1_0.store_id,b1_0.updated_at,sa1_0.created_at,sa1_0.email,sa1_0.full_name,sa1_0.last_login,sa1_0.password,sa1_0.phone,sa1_0.role,s3_0.id,s3_0.brand,s3_0.address,s3_0.email,s3_0.phone,s3_0.created_at,s3_0.description,s3_0.status,s3_0.store_admin_id,s3_0.store_type,s3_0.updated_at,sa1_0.updated_at,sa1_0.verified,s1_0.store_type,s1_0.updated_at from stores s1_0 left join users sa1_0 on sa1_0.id=s1_0.store_admin_id left join branches b1_0 on b1_0.id=sa1_0.branch_id left join stores s3_0 on s3_0.id=sa1_0.store_id where s1_0.id=?
2026-05-10T14:38:02.020+07:00 DEBUG 99967 --- [pos-system] [nio-8080-exec-8] org.hibernate.SQL                        : select u1_0.id,u1_0.branch_id,u1_0.created_at,u1_0.email,u1_0.full_name,u1_0.last_login,u1_0.password,u1_0.phone,u1_0.role,u1_0.store_id,u1_0.updated_at,u1_0.verified from users u1_0 where u1_0.email=?
Hibernate: select u1_0.id,u1_0.branch_id,u1_0.created_at,u1_0.email,u1_0.full_name,u1_0.last_login,u1_0.password,u1_0.phone,u1_0.role,u1_0.store_id,u1_0.updated_at,u1_0.verified from users u1_0 where u1_0.email=?
2026-05-10T14:38:02.020+07:00 DEBUG 99967 --- [pos-system] [nio-8080-exec-8] org.hibernate.SQL                        : select s1_0.id,s1_0.brand,s1_0.address,s1_0.email,s1_0.phone,s1_0.created_at,s1_0.description,s1_0.status,sa1_0.id,b1_0.id,b1_0.address,b1_0.close_time,b1_0.created_at,b1_0.email,b1_0.manager_id,b1_0.name,b1_0.open_time,b1_0.phone,b1_0.store_id,b1_0.updated_at,sa1_0.created_at,sa1_0.email,sa1_0.full_name,sa1_0.last_login,sa1_0.password,sa1_0.phone,sa1_0.role,s3_0.id,s3_0.brand,s3_0.address,s3_0.email,s3_0.phone,s3_0.created_at,s3_0.description,s3_0.status,s3_0.store_admin_id,s3_0.store_type,s3_0.updated_at,sa1_0.updated_at,sa1_0.verified,s1_0.store_type,s1_0.updated_at from stores s1_0 left join users sa1_0 on sa1_0.id=s1_0.store_admin_id left join branches b1_0 on b1_0.id=sa1_0.branch_id left join stores s3_0 on s3_0.id=sa1_0.store_id where s1_0.id=?
Hibernate: select s1_0.id,s1_0.brand,s1_0.address,s1_0.email,s1_0.phone,s1_0.created_at,s1_0.description,s1_0.status,sa1_0.id,b1_0.id,b1_0.address,b1_0.close_time,b1_0.created_at,b1_0.email,b1_0.manager_id,b1_0.name,b1_0.open_time,b1_0.phone,b1_0.store_id,b1_0.updated_at,sa1_0.created_at,sa1_0.email,sa1_0.full_name,sa1_0.last_login,sa1_0.password,sa1_0.phone,sa1_0.role,s3_0.id,s3_0.brand,s3_0.address,s3_0.email,s3_0.phone,s3_0.created_at,s3_0.description,s3_0.status,s3_0.store_admin_id,s3_0.store_type,s3_0.updated_at,sa1_0.updated_at,sa1_0.verified,s1_0.store_type,s1_0.updated_at from stores s1_0 left join users sa1_0 on sa1_0.id=s1_0.store_admin_id left join branches b1_0 on b1_0.id=sa1_0.branch_id left join stores s3_0 on s3_0.id=sa1_0.store_id where s1_0.id=?
2026-05-10T14:38:02.024+07:00 DEBUG 99967 --- [pos-system] [nio-8080-exec-8] org.hibernate.SQL                        : select s1_0.id,s1_0.brand,s1_0.address,s1_0.email,s1_0.phone,s1_0.created_at,s1_0.description,s1_0.status,s1_0.store_admin_id,s1_0.store_type,s1_0.updated_at from stores s1_0 left join users sa1_0 on sa1_0.id=s1_0.store_admin_id where sa1_0.id=?
Hibernate: select s1_0.id,s1_0.brand,s1_0.address,s1_0.email,s1_0.phone,s1_0.created_at,s1_0.description,s1_0.status,s1_0.store_admin_id,s1_0.store_type,s1_0.updated_at from stores s1_0 left join users sa1_0 on sa1_0.id=s1_0.store_admin_id where sa1_0.id=?
2026-05-10T14:38:02.029+07:00 DEBUG 99967 --- [pos-system] [nio-8080-exec-4] org.hibernate.SQL                        : select u1_0.id,u1_0.branch_id,u1_0.created_at,u1_0.email,u1_0.full_name,u1_0.last_login,u1_0.password,u1_0.phone,u1_0.role,u1_0.store_id,u1_0.updated_at,u1_0.verified from users u1_0 where u1_0.email=?
Hibernate: select u1_0.id,u1_0.branch_id,u1_0.created_at,u1_0.email,u1_0.full_name,u1_0.last_login,u1_0.password,u1_0.phone,u1_0.role,u1_0.store_id,u1_0.updated_at,u1_0.verified from users u1_0 where u1_0.email=?
2026-05-10T14:38:02.031+07:00 DEBUG 99967 --- [pos-system] [nio-8080-exec-4] org.hibernate.SQL                        : select s1_0.id,s1_0.brand,s1_0.address,s1_0.email,s1_0.phone,s1_0.created_at,s1_0.description,s1_0.status,sa1_0.id,b1_0.id,b1_0.address,b1_0.close_time,b1_0.created_at,b1_0.email,b1_0.manager_id,b1_0.name,b1_0.open_time,b1_0.phone,b1_0.store_id,b1_0.updated_at,sa1_0.created_at,sa1_0.email,sa1_0.full_name,sa1_0.last_login,sa1_0.password,sa1_0.phone,sa1_0.role,s3_0.id,s3_0.brand,s3_0.address,s3_0.email,s3_0.phone,s3_0.created_at,s3_0.description,s3_0.status,s3_0.store_admin_id,s3_0.store_type,s3_0.updated_at,sa1_0.updated_at,sa1_0.verified,s1_0.store_type,s1_0.updated_at from stores s1_0 left join users sa1_0 on sa1_0.id=s1_0.store_admin_id left join branches b1_0 on b1_0.id=sa1_0.branch_id left join stores s3_0 on s3_0.id=sa1_0.store_id where s1_0.id=?
Hibernate: select s1_0.id,s1_0.brand,s1_0.address,s1_0.email,s1_0.phone,s1_0.created_at,s1_0.description,s1_0.status,sa1_0.id,b1_0.id,b1_0.address,b1_0.close_time,b1_0.created_at,b1_0.email,b1_0.manager_id,b1_0.name,b1_0.open_time,b1_0.phone,b1_0.store_id,b1_0.updated_at,sa1_0.created_at,sa1_0.email,sa1_0.full_name,sa1_0.last_login,sa1_0.password,sa1_0.phone,sa1_0.role,s3_0.id,s3_0.brand,s3_0.address,s3_0.email,s3_0.phone,s3_0.created_at,s3_0.description,s3_0.status,s3_0.store_admin_id,s3_0.store_type,s3_0.updated_at,sa1_0.updated_at,sa1_0.verified,s1_0.store_type,s1_0.updated_at from stores s1_0 left join users sa1_0 on sa1_0.id=s1_0.store_admin_id left join branches b1_0 on b1_0.id=sa1_0.branch_id left join stores s3_0 on s3_0.id=sa1_0.store_id where s1_0.id=?
2026-05-10T14:38:02.032+07:00 DEBUG 99967 --- [pos-system] [nio-8080-exec-4] org.hibernate.SQL                        : select s1_0.id,s1_0.brand,s1_0.address,s1_0.email,s1_0.phone,s1_0.created_at,s1_0.description,s1_0.status,s1_0.store_admin_id,s1_0.store_type,s1_0.updated_at from stores s1_0 left join users sa1_0 on sa1_0.id=s1_0.store_admin_id where sa1_0.id=?
Hibernate: select s1_0.id,s1_0.brand,s1_0.address,s1_0.email,s1_0.phone,s1_0.created_at,s1_0.description,s1_0.status,s1_0.store_admin_id,s1_0.store_type,s1_0.updated_at from stores s1_0 left join users sa1_0 on sa1_0.id=s1_0.store_admin_id where sa1_0.id=?
2026-05-10T14:38:02.056+07:00 DEBUG 99967 --- [pos-system] [nio-8080-exec-1] org.hibernate.SQL                        : select u1_0.id,u1_0.branch_id,u1_0.created_at,u1_0.email,u1_0.full_name,u1_0.last_login,u1_0.password,u1_0.phone,u1_0.role,u1_0.store_id,u1_0.updated_at,u1_0.verified from users u1_0 where u1_0.email=?
Hibernate: select u1_0.id,u1_0.branch_id,u1_0.created_at,u1_0.email,u1_0.full_name,u1_0.last_login,u1_0.password,u1_0.phone,u1_0.role,u1_0.store_id,u1_0.updated_at,u1_0.verified from users u1_0 where u1_0.email=?
2026-05-10T14:38:02.058+07:00 DEBUG 99967 --- [pos-system] [nio-8080-exec-1] org.hibernate.SQL                        : select s1_0.id,s1_0.brand,s1_0.address,s1_0.email,s1_0.phone,s1_0.created_at,s1_0.description,s1_0.status,sa1_0.id,b1_0.id,b1_0.address,b1_0.close_time,b1_0.created_at,b1_0.email,b1_0.manager_id,b1_0.name,b1_0.open_time,b1_0.phone,b1_0.store_id,b1_0.updated_at,sa1_0.created_at,sa1_0.email,sa1_0.full_name,sa1_0.last_login,sa1_0.password,sa1_0.phone,sa1_0.role,s3_0.id,s3_0.brand,s3_0.address,s3_0.email,s3_0.phone,s3_0.created_at,s3_0.description,s3_0.status,s3_0.store_admin_id,s3_0.store_type,s3_0.updated_at,sa1_0.updated_at,sa1_0.verified,s1_0.store_type,s1_0.updated_at from stores s1_0 left join users sa1_0 on sa1_0.id=s1_0.store_admin_id left join branches b1_0 on b1_0.id=sa1_0.branch_id left join stores s3_0 on s3_0.id=sa1_0.store_id where s1_0.id=?
Hibernate: select s1_0.id,s1_0.brand,s1_0.address,s1_0.email,s1_0.phone,s1_0.created_at,s1_0.description,s1_0.status,sa1_0.id,b1_0.id,b1_0.address,b1_0.close_time,b1_0.created_at,b1_0.email,b1_0.manager_id,b1_0.name,b1_0.open_time,b1_0.phone,b1_0.store_id,b1_0.updated_at,sa1_0.created_at,sa1_0.email,sa1_0.full_name,sa1_0.last_login,sa1_0.password,sa1_0.phone,sa1_0.role,s3_0.id,s3_0.brand,s3_0.address,s3_0.email,s3_0.phone,s3_0.created_at,s3_0.description,s3_0.status,s3_0.store_admin_id,s3_0.store_type,s3_0.updated_at,sa1_0.updated_at,sa1_0.verified,s1_0.store_type,s1_0.updated_at from stores s1_0 left join users sa1_0 on sa1_0.id=s1_0.store_admin_id left join branches b1_0 on b1_0.id=sa1_0.branch_id left join stores s3_0 on s3_0.id=sa1_0.store_id where s1_0.id=?
2026-05-10T14:38:02.059+07:00 DEBUG 99967 --- [pos-system] [nio-8080-exec-9] org.hibernate.SQL                        : select count(b1_0.id) from branches b1_0 join stores s1_0 on s1_0.id=b1_0.store_id where s1_0.store_admin_id=?
Hibernate: select count(b1_0.id) from branches b1_0 join stores s1_0 on s1_0.id=b1_0.store_id where s1_0.store_admin_id=?
2026-05-10T14:38:02.060+07:00 DEBUG 99967 --- [pos-system] [io-8080-exec-10] org.hibernate.SQL                        : select o1_0.created_at,sum(o1_0.total_amount) from orders o1_0 join branches b1_0 on b1_0.id=o1_0.branch_id join stores s1_0 on s1_0.id=b1_0.store_id where s1_0.store_admin_id=? and o1_0.created_at between ? and ? group by o1_0.created_at order by o1_0.created_at
Hibernate: select o1_0.created_at,sum(o1_0.total_amount) from orders o1_0 join branches b1_0 on b1_0.id=o1_0.branch_id join stores s1_0 on s1_0.id=b1_0.store_id where s1_0.store_admin_id=? and o1_0.created_at between ? and ? group by o1_0.created_at order by o1_0.created_at
2026-05-10T14:38:02.061+07:00 DEBUG 99967 --- [pos-system] [nio-8080-exec-1] org.hibernate.SQL                        : select s1_0.id,s1_0.brand,s1_0.address,s1_0.email,s1_0.phone,s1_0.created_at,s1_0.description,s1_0.status,s1_0.store_admin_id,s1_0.store_type,s1_0.updated_at from stores s1_0 left join users sa1_0 on sa1_0.id=s1_0.store_admin_id where sa1_0.id=?
Hibernate: select s1_0.id,s1_0.brand,s1_0.address,s1_0.email,s1_0.phone,s1_0.created_at,s1_0.description,s1_0.status,s1_0.store_admin_id,s1_0.store_type,s1_0.updated_at from stores s1_0 left join users sa1_0 on sa1_0.id=s1_0.store_admin_id where sa1_0.id=?
2026-05-10T14:38:02.067+07:00 DEBUG 99967 --- [pos-system] [nio-8080-exec-5] org.hibernate.SQL                        : select u1_0.id,u1_0.branch_id,u1_0.created_at,u1_0.email,u1_0.full_name,u1_0.last_login,u1_0.password,u1_0.phone,u1_0.role,u1_0.store_id,u1_0.updated_at,u1_0.verified from users u1_0 where u1_0.email=?
Hibernate: select u1_0.id,u1_0.branch_id,u1_0.created_at,u1_0.email,u1_0.full_name,u1_0.last_login,u1_0.password,u1_0.phone,u1_0.role,u1_0.store_id,u1_0.updated_at,u1_0.verified from users u1_0 where u1_0.email=?
2026-05-10T14:38:02.068+07:00 DEBUG 99967 --- [pos-system] [nio-8080-exec-5] org.hibernate.SQL                        : select s1_0.id,s1_0.brand,s1_0.address,s1_0.email,s1_0.phone,s1_0.created_at,s1_0.description,s1_0.status,sa1_0.id,b1_0.id,b1_0.address,b1_0.close_time,b1_0.created_at,b1_0.email,b1_0.manager_id,b1_0.name,b1_0.open_time,b1_0.phone,b1_0.store_id,b1_0.updated_at,sa1_0.created_at,sa1_0.email,sa1_0.full_name,sa1_0.last_login,sa1_0.password,sa1_0.phone,sa1_0.role,s3_0.id,s3_0.brand,s3_0.address,s3_0.email,s3_0.phone,s3_0.created_at,s3_0.description,s3_0.status,s3_0.store_admin_id,s3_0.store_type,s3_0.updated_at,sa1_0.updated_at,sa1_0.verified,s1_0.store_type,s1_0.updated_at from stores s1_0 left join users sa1_0 on sa1_0.id=s1_0.store_admin_id left join branches b1_0 on b1_0.id=sa1_0.branch_id left join stores s3_0 on s3_0.id=sa1_0.store_id where s1_0.id=?
Hibernate: select s1_0.id,s1_0.brand,s1_0.address,s1_0.email,s1_0.phone,s1_0.created_at,s1_0.description,s1_0.status,sa1_0.id,b1_0.id,b1_0.address,b1_0.close_time,b1_0.created_at,b1_0.email,b1_0.manager_id,b1_0.name,b1_0.open_time,b1_0.phone,b1_0.store_id,b1_0.updated_at,sa1_0.created_at,sa1_0.email,sa1_0.full_name,sa1_0.last_login,sa1_0.password,sa1_0.phone,sa1_0.role,s3_0.id,s3_0.brand,s3_0.address,s3_0.email,s3_0.phone,s3_0.created_at,s3_0.description,s3_0.status,s3_0.store_admin_id,s3_0.store_type,s3_0.updated_at,sa1_0.updated_at,sa1_0.verified,s1_0.store_type,s1_0.updated_at from stores s1_0 left join users sa1_0 on sa1_0.id=s1_0.store_admin_id left join branches b1_0 on b1_0.id=sa1_0.branch_id left join stores s3_0 on s3_0.id=sa1_0.store_id where s1_0.id=?
2026-05-10T14:38:02.068+07:00 DEBUG 99967 --- [pos-system] [nio-8080-exec-9] org.hibernate.SQL                        : select sum(o1_0.total_amount) from orders o1_0 join branches b1_0 on b1_0.id=o1_0.branch_id join stores s1_0 on s1_0.id=b1_0.store_id where s1_0.store_admin_id=?
Hibernate: select sum(o1_0.total_amount) from orders o1_0 join branches b1_0 on b1_0.id=o1_0.branch_id join stores s1_0 on s1_0.id=b1_0.store_id where s1_0.store_admin_id=?
2026-05-10T14:38:02.070+07:00 DEBUG 99967 --- [pos-system] [nio-8080-exec-5] org.hibernate.SQL                        : select s1_0.id,s1_0.brand,s1_0.address,s1_0.email,s1_0.phone,s1_0.created_at,s1_0.description,s1_0.status,s1_0.store_admin_id,s1_0.store_type,s1_0.updated_at from stores s1_0 left join users sa1_0 on sa1_0.id=s1_0.store_admin_id where sa1_0.id=?
Hibernate: select s1_0.id,s1_0.brand,s1_0.address,s1_0.email,s1_0.phone,s1_0.created_at,s1_0.description,s1_0.status,s1_0.store_admin_id,s1_0.store_type,s1_0.updated_at from stores s1_0 left join users sa1_0 on sa1_0.id=s1_0.store_admin_id where sa1_0.id=?
2026-05-10T14:38:02.074+07:00 DEBUG 99967 --- [pos-system] [nio-8080-exec-9] org.hibernate.SQL                        : select count(o1_0.id) from orders o1_0 join branches b1_0 on b1_0.id=o1_0.branch_id join stores s1_0 on s1_0.id=b1_0.store_id where s1_0.store_admin_id=?
Hibernate: select count(o1_0.id) from orders o1_0 join branches b1_0 on b1_0.id=o1_0.branch_id join stores s1_0 on s1_0.id=b1_0.store_id where s1_0.store_admin_id=?
2026-05-10T14:38:02.078+07:00 DEBUG 99967 --- [pos-system] [io-8080-exec-12] org.hibernate.SQL                        : select o1_0.created_at,sum(o1_0.total_amount) from orders o1_0 join branches b1_0 on b1_0.id=o1_0.branch_id join stores s1_0 on s1_0.id=b1_0.store_id where s1_0.store_admin_id=? and o1_0.created_at between ? and ? group by o1_0.created_at order by o1_0.created_at
Hibernate: select o1_0.created_at,sum(o1_0.total_amount) from orders o1_0 join branches b1_0 on b1_0.id=o1_0.branch_id join stores s1_0 on s1_0.id=b1_0.store_id where s1_0.store_admin_id=? and o1_0.created_at between ? and ? group by o1_0.created_at order by o1_0.created_at
2026-05-10T14:38:02.082+07:00 DEBUG 99967 --- [pos-system] [nio-8080-exec-9] org.hibernate.SQL                        : select count(u1_0.id) from users u1_0 where u1_0.id in (select s1_0.store_admin_id from stores s1_0 where s1_0.store_admin_id=?) and u1_0.role in (?,?,?,?)
Hibernate: select count(u1_0.id) from users u1_0 where u1_0.id in (select s1_0.store_admin_id from stores s1_0 where s1_0.store_admin_id=?) and u1_0.role in (?,?,?,?)
2026-05-10T14:38:02.088+07:00 DEBUG 99967 --- [pos-system] [nio-8080-exec-9] org.hibernate.SQL                        : select count(distinct o1_0.customer_id) from orders o1_0 join branches b1_0 on b1_0.id=o1_0.branch_id join stores s1_0 on s1_0.id=b1_0.store_id where s1_0.store_admin_id=?
Hibernate: select count(distinct o1_0.customer_id) from orders o1_0 join branches b1_0 on b1_0.id=o1_0.branch_id join stores s1_0 on s1_0.id=b1_0.store_id where s1_0.store_admin_id=?
2026-05-10T14:38:02.093+07:00 DEBUG 99967 --- [pos-system] [nio-8080-exec-9] org.hibernate.SQL                        : select count(r1_0.id) from refund r1_0 join orders o1_0 on o1_0.id=r1_0.order_id join branches b1_0 on b1_0.id=o1_0.branch_id join stores s1_0 on s1_0.id=b1_0.store_id where s1_0.store_admin_id=?
Hibernate: select count(r1_0.id) from refund r1_0 join orders o1_0 on o1_0.id=r1_0.order_id join branches b1_0 on b1_0.id=o1_0.branch_id join stores s1_0 on s1_0.id=b1_0.store_id where s1_0.store_admin_id=?
2026-05-10T14:38:02.099+07:00 DEBUG 99967 --- [pos-system] [nio-8080-exec-9] org.hibernate.SQL                        : select count(p1_0.id) from products p1_0 join stores s1_0 on s1_0.id=p1_0.store_id where s1_0.store_admin_id=?
Hibernate: select count(p1_0.id) from products p1_0 join stores s1_0 on s1_0.id=p1_0.store_id where s1_0.store_admin_id=?
2026-05-10T14:38:02.106+07:00 DEBUG 99967 --- [pos-system] [nio-8080-exec-9] org.hibernate.SQL                        : select count(b1_0.id) from branches b1_0 join stores s1_0 on s1_0.id=b1_0.store_id where s1_0.store_admin_id=?
Hibernate: select count(b1_0.id) from branches b1_0 join stores s1_0 on s1_0.id=b1_0.store_id where s1_0.store_admin_id=?
2026-05-10T14:38:02.107+07:00 DEBUG 99967 --- [pos-system] [nio-8080-exec-9] org.hibernate.SQL                        : select sum(o1_0.total_amount) from orders o1_0 join branches b1_0 on b1_0.id=o1_0.branch_id join stores s1_0 on s1_0.id=b1_0.store_id where s1_0.store_admin_id=?
Hibernate: select sum(o1_0.total_amount) from orders o1_0 join branches b1_0 on b1_0.id=o1_0.branch_id join stores s1_0 on s1_0.id=b1_0.store_id where s1_0.store_admin_id=?
2026-05-10T14:38:02.108+07:00 DEBUG 99967 --- [pos-system] [nio-8080-exec-9] org.hibernate.SQL                        : select count(o1_0.id) from orders o1_0 join branches b1_0 on b1_0.id=o1_0.branch_id join stores s1_0 on s1_0.id=b1_0.store_id where s1_0.store_admin_id=?
Hibernate: select count(o1_0.id) from orders o1_0 join branches b1_0 on b1_0.id=o1_0.branch_id join stores s1_0 on s1_0.id=b1_0.store_id where s1_0.store_admin_id=?
2026-05-10T14:38:02.110+07:00 DEBUG 99967 --- [pos-system] [nio-8080-exec-9] org.hibernate.SQL                        : select count(u1_0.id) from users u1_0 where u1_0.id in (select s1_0.store_admin_id from stores s1_0 where s1_0.store_admin_id=?) and u1_0.role in (?,?,?,?)
Hibernate: select count(u1_0.id) from users u1_0 where u1_0.id in (select s1_0.store_admin_id from stores s1_0 where s1_0.store_admin_id=?) and u1_0.role in (?,?,?,?)
2026-05-10T14:38:02.111+07:00 DEBUG 99967 --- [pos-system] [nio-8080-exec-9] org.hibernate.SQL                        : select count(distinct o1_0.customer_id) from orders o1_0 join branches b1_0 on b1_0.id=o1_0.branch_id join stores s1_0 on s1_0.id=b1_0.store_id where s1_0.store_admin_id=?
Hibernate: select count(distinct o1_0.customer_id) from orders o1_0 join branches b1_0 on b1_0.id=o1_0.branch_id join stores s1_0 on s1_0.id=b1_0.store_id where s1_0.store_admin_id=?
2026-05-10T14:38:02.112+07:00 DEBUG 99967 --- [pos-system] [nio-8080-exec-9] org.hibernate.SQL                        : select count(r1_0.id) from refund r1_0 join orders o1_0 on o1_0.id=r1_0.order_id join branches b1_0 on b1_0.id=o1_0.branch_id join stores s1_0 on s1_0.id=b1_0.store_id where s1_0.store_admin_id=?
Hibernate: select count(r1_0.id) from refund r1_0 join orders o1_0 on o1_0.id=r1_0.order_id join branches b1_0 on b1_0.id=o1_0.branch_id join stores s1_0 on s1_0.id=b1_0.store_id where s1_0.store_admin_id=?
2026-05-10T14:38:02.114+07:00 DEBUG 99967 --- [pos-system] [nio-8080-exec-9] org.hibernate.SQL                        : select count(p1_0.id) from products p1_0 join stores s1_0 on s1_0.id=p1_0.store_id where s1_0.store_admin_id=?
Hibernate: select count(p1_0.id) from products p1_0 join stores s1_0 on s1_0.id=p1_0.store_id where s1_0.store_admin_id=?
2026-05-10T15:03:39.733+07:00  WARN 99967 --- [pos-system] [l-4:housekeeper] com.zaxxer.hikari.pool.HikariPool        : HikariPool-4 - Retrograde clock change detected (housekeeper delta=29s792ms), soft-evicting connections from pool.
2026-05-10T15:53:43.526+07:00  INFO 99967 --- [pos-system] [ionShutdownHook] o.s.b.w.e.tomcat.GracefulShutdown        : Commencing graceful shutdown. Waiting for active requests to complete
2026-05-10T15:53:43.531+07:00  INFO 99967 --- [pos-system] [tomcat-shutdown] o.s.b.w.e.tomcat.GracefulShutdown        : Graceful shutdown complete
2026-05-10T15:53:43.537+07:00  INFO 99967 --- [pos-system] [ionShutdownHook] j.LocalContainerEntityManagerFactoryBean : Closing JPA EntityManagerFactory for persistence unit 'default'
2026-05-10T15:53:43.541+07:00  INFO 99967 --- [pos-system] [ionShutdownHook] com.zaxxer.hikari.HikariDataSource       : HikariPool-4 - Shutdown initiated...
2026-05-10T15:53:43.543+07:00  INFO 99967 --- [pos-system] [ionShutdownHook] com.zaxxer.hikari.HikariDataSource       : HikariPool-4 - Shutdown completed.
[INFO] ------------------------------------------------------------------------
[INFO] BUILD FAILURE
[INFO] ------------------------------------------------------------------------
[INFO] Total time:  04:26 h
[INFO] Finished at: 2026-05-10T15:53:44+07:00
[INFO] ------------------------------------------------------------------------
[ERROR] Failed to execute goal org.springframework.boot:spring-boot-maven-plugin:3.5.3:run (default-cli) on project pos-system: Process terminated with exit code: 143 -> [Help 1]
[ERROR] 
[ERROR] To see the full stack trace of the errors, re-run Maven with the -e switch.
[ERROR] Re-run Maven using the -X switch to enable full debug logging.
[ERROR] 
[ERROR] For more information about the errors and possible solutions, please read the following articles:
[ERROR] [Help 1] http://cwiki.apache.org/confluence/display/MAVEN/MojoExecutionException
